;FLAVOR:Marlin
;TIME:1274
;Filament used: 0.734148m
;Layer height: 0.2
;MINX:154.051
;MINY:23.016
;MINZ:0.2
;MAXX:200.323
;MAXY:62.365
;MAXZ:2.8
;TARGET_MACHINE.NAME:Creality Ender-3 S1
;Generated with Cura_SteamEngine 5.6.0
M82 ;absolute extrusion mode
; Ender 3 S1 Start G-code
; M413 S0 ; Disable power loss recovery
G92 E0 ; Reset Extruder

; Prep surfaces before auto home for better accuracy
M140 S70
M104 S230.0

G28 ; Home all axes
G1 Z10.0 F3000 ; Move Z Axis up little to prevent scratching of Heat Bed
G1 X0 Y0

M190 S70
M109 S230.0

G1 X0.1 Y20 Z0.3 F5000.0 ; Move to start position
G1 X0.1 Y200.0 Z0.3 F1500.0 E15 ; Draw the first line
G1 X0.4 Y200.0 Z0.3 F5000.0 ; Move to side a little
G1 X0.4 Y20 Z0.3 F1500.0 E30 ; Draw the second line
G92 E0 ; Reset Extruder
G1 Z2.0 F3000 ; Move Z Axis up little to prevent scratching of Heat Bed
G1 X5 Y20 Z0.3 F5000.0 ; Move over to prevent blob squish

G92 E0
G92 E0
G1 F2400 E-0.8
;LAYER_COUNT:14
;LAYER:0
M107
M204 S2000
;MESH:part_2.stl
G0 F6000 X158.287 Y32.329 Z0.2
M204 S500
;TYPE:WALL-INNER
G1 F2400 E0
G1 F900 X158.015 Y32.248 E0.00944
G1 X157.656 Y32.107 E0.02227
G1 X157.394 Y31.979 E0.03197
G1 X157.093 Y31.802 E0.04358
G1 X156.787 Y31.582 E0.05612
G1 X156.511 Y31.345 E0.06821
G1 X156.279 Y31.111 E0.07917
G1 X156.055 Y30.841 E0.09084
G1 X155.872 Y30.583 E0.10136
G1 X155.684 Y30.265 E0.11365
G1 X155.535 Y29.954 E0.12512
G1 X155.419 Y29.657 E0.13573
G1 X155.324 Y29.34 E0.14673
G1 X155.232 Y28.848 E0.16338
G1 X155.202 Y28.496 E0.17513
G1 X155.215 Y27.932 E0.19389
G1 X155.259 Y27.598 E0.2051
G1 X155.336 Y27.25 E0.21695
G1 X155.435 Y26.929 E0.22813
G1 X155.621 Y26.489 E0.24401
G1 X155.796 Y26.167 E0.2562
G1 X155.97 Y25.904 E0.26669
G1 X156.189 Y25.622 E0.27857
G1 X156.592 Y25.206 E0.29783
G1 X156.948 Y24.929 E0.31283
G1 X157.266 Y24.724 E0.32542
G1 X157.713 Y24.498 E0.34208
G1 X158.02 Y24.382 E0.35299
G1 X158.341 Y24.287 E0.36413
G1 X158.816 Y24.199 E0.38019
G1 X159.169 Y24.169 E0.39198
G1 X159.553 Y24.17 E0.40475
G1 X159.892 Y24.197 E0.41606
G1 X160.225 Y24.256 E0.42731
G1 X160.533 Y24.336 E0.43789
G1 X160.887 Y24.459 E0.45036
G1 X161.187 Y24.589 E0.46123
G1 X161.626 Y24.843 E0.4781
G1 X161.916 Y25.05 E0.48995
G1 X162.184 Y25.284 E0.50178
G1 X162.39 Y25.485 E0.51136
G1 X162.643 Y25.791 E0.52456
G1 X162.836 Y26.065 E0.53571
G1 X163 Y26.342 E0.54642
G1 X163.238 Y26.849 E0.56505
G1 X163.373 Y27.297 E0.58061
G1 X163.446 Y27.654 E0.59273
G1 X163.486 Y27.981 E0.60368
G1 X163.499 Y28.312 E0.6147
G1 X163.485 Y28.671 E0.62665
G1 X163.438 Y29.033 E0.63879
G1 X163.364 Y29.37 E0.65027
G1 X163.282 Y29.645 E0.65981
G1 X163.157 Y29.968 E0.67133
G1 X163.003 Y30.286 E0.68308
G1 X162.819 Y30.595 E0.69505
G1 F902.3 X162.607 Y30.888 E0.70704
G1 X162.38 Y31.15 E0.71855
G1 F900 X162.143 Y31.386 E0.72967
G1 X161.88 Y31.605 E0.74105
G1 X161.527 Y31.856 E0.75546
G1 X161.167 Y32.05 E0.76906
G1 X160.844 Y32.192 E0.7808
G1 X160.531 Y32.296 E0.79177
G1 X160.198 Y32.381 E0.8032
G1 X159.703 Y32.453 E0.81983
G1 X159.35 Y32.467 E0.83158
G1 X158.927 Y32.446 E0.84567
G1 X158.631 Y32.405 E0.85561
G1 X158.287 Y32.329 E0.86733
M204 S2000
G0 F6000 X158.202 Y32.615
G0 X159.705 Y32.692
G0 X160.59 Y32.528
G0 X161.464 Y32.141
G0 X162.665 Y31.434
M204 S500
G1 F954.9 X162.147 Y31.872 E0.88859
G1 F1049.6 X161.717 Y32.173 E0.90356
G1 F1058.8 X161.33 Y32.384 E0.91602
G1 F1055.7 X160.979 Y32.537 E0.92688
G1 F1052.6 X160.637 Y32.653 E0.93715
G1 F1046.5 X160.275 Y32.745 E0.94783
G1 F1040.5 X159.726 Y32.825 E0.96379
G1 F1034.5 X159.35 Y32.841 E0.97468
G1 F1031.5 X158.88 Y32.818 E0.98834
G1 F1034.5 X158.6 Y32.778 E0.99652
G1 F1037.5 X158.218 Y32.697 E1.00779
G1 F1034.5 X157.872 Y32.594 E1.01824
G1 X157.528 Y32.459 E1.02893
G1 F1022.7 X157.267 Y32.336 E1.03738
G1 X156.863 Y32.098 E1.0511
G1 F1034.5 X156.555 Y31.875 E1.0621
G1 X156.27 Y31.631 E1.07296
G1 X156.003 Y31.363 E1.08391
G1 F1025.6 X155.749 Y31.06 E1.09545
G1 X155.562 Y30.791 E1.10501
G1 F1034.5 X155.373 Y30.476 E1.11564
G1 F1031.5 X155.208 Y30.14 E1.1265
G1 X155.067 Y29.782 E1.13766
G1 F1040.5 X154.965 Y29.435 E1.14807
G1 F1037.5 X154.864 Y28.915 E1.16335
G1 F1025.6 X154.831 Y28.567 E1.17356
G1 F1016.9 X154.83 Y28.086 E1.18772
G1 F1022.7 X154.875 Y27.633 E1.20104
G1 F1031.5 X154.948 Y27.263 E1.21198
G1 X155.077 Y26.818 E1.22543
G1 F1034.5 X155.284 Y26.328 E1.24082
G1 F1037.5 X155.457 Y26.008 E1.25132
G1 X155.663 Y25.691 E1.26222
G1 F1034.5 X155.91 Y25.374 E1.27385
G1 F1016.9 X156.14 Y25.127 E1.28379
G1 F1022.7 X156.345 Y24.929 E1.29213
G1 F1028.6 X156.563 Y24.749 E1.30036
G1 F1014.1 X157.027 Y24.428 E1.31701
G1 F1028.6 X157.55 Y24.163 E1.33407
G1 F1037.5 X157.905 Y24.027 E1.34504
G1 F1040.5 X158.257 Y23.925 E1.35559
G1 F1046.5 X158.71 Y23.831 E1.36882
G1 F1043.5 X159.188 Y23.795 E1.38257
G1 F1040.5 X159.561 Y23.797 E1.3933
G1 F1049.6 X159.943 Y23.829 E1.40424
G1 F1055.7 X160.308 Y23.894 E1.41475
G1 F1037.5 X160.637 Y23.975 E1.42452
G1 F1016.9 X161.24 Y24.197 E1.44344
G1 F1019.8 X161.755 Y24.478 E1.46066
G1 F1046.5 X162.148 Y24.761 E1.47451
G1 F973 X162.678 Y25.205 E1.49578
M204 S2000
G0 F6000 X163.474 Y26.793
G0 X163.724 Y27.966
G0 X163.677 Y29.053
G0 X163.366 Y30.087
G0 X162.81 Y31.015
G0 X162.043 Y31.782
G0 X161.266 Y32.265
G0 X160.228 Y32.618
G0 X159.978 Y32.643
G0 X158.03 Y32.725
G0 X157.933 Y33.006
M204 S500
G1 F900 X158.351 Y33.111 E1.51012
G1 X158.842 Y33.192 E1.52667
G1 X159.366 Y33.215 E1.54411
G1 X159.77 Y33.196 E1.55757
G1 X160.19 Y33.143 E1.57165
G1 X160.561 Y33.063 E1.58427
G1 X160.943 Y32.948 E1.59754
G1 X161.335 Y32.794 E1.61155
G1 X161.669 Y32.631 E1.62391
G1 X162.032 Y32.413 E1.63799
G1 X162.37 Y32.173 E1.65178
G1 X162.691 Y31.911 E1.66556
G1 F902.3 X163.079 Y31.634 E1.68138
G1 X163.486 Y31.389 E1.69714
G1 F900 X163.928 Y31.175 E1.71347
G1 X164.306 Y31.026 E1.72698
G1 X164.788 Y30.883 E1.74371
G1 X165.262 Y30.786 E1.7598
G1 X165.683 Y30.734 E1.77391
G1 X166.156 Y30.715 E1.78965
G1 F895.5 X180.578 Y30.711 E2.27173
G1 F823.8 X180.948 Y30.679 E2.28522
G1 F784.3 X181.432 Y30.69 E2.3037
G1 F796.5 X181.729 Y30.656 E2.31493
G1 X182.02 Y30.593 E2.32613
G1 F791.2 X182.389 Y30.453 E2.34106
G1 F789.5 X182.804 Y30.199 E2.35951
G1 F791.2 X183.088 Y29.925 E2.37444
G1 F793 X183.274 Y29.702 E2.3854
G1 F798.2 X183.486 Y29.347 E2.4009
G1 F803.6 X183.598 Y29.102 E2.41094
G1 X183.692 Y28.718 E2.42567
G1 F794.7 X183.725 Y28.338 E2.44003
G1 F800 X183.697 Y27.909 E2.45612
G1 F801.8 X183.563 Y27.458 E2.47368
G1 F796.5 X183.436 Y27.189 E2.48486
G1 F793 X183.282 Y26.943 E2.49582
G1 F794.7 X183.088 Y26.694 E2.50771
G1 X182.729 Y26.389 E2.52545
G1 X182.369 Y26.174 E2.54125
G1 X182.134 Y26.07 E2.55093
G1 F796.5 X181.847 Y25.995 E2.56208
G1 F798.2 X181.439 Y25.945 E2.57749
G1 F791.2 X180.961 Y25.949 E2.59558
G1 F837.2 X180.462 Y25.919 E2.61345
G1 F900 X166.156 Y25.917 E3.08927
G1 X165.677 Y25.897 E3.10522
G1 X165.245 Y25.844 E3.11969
G1 X164.733 Y25.734 E3.13711
G1 X164.322 Y25.611 E3.15138
G1 X163.841 Y25.418 E3.16862
G1 X163.448 Y25.222 E3.18322
G1 F902.3 X163.049 Y24.979 E3.19872
G1 X162.68 Y24.713 E3.21381
G1 F900 X162.264 Y24.379 E3.23156
G1 X161.858 Y24.102 E3.24791
G1 X161.313 Y23.821 E3.2683
G1 X160.744 Y23.614 E3.28844
G1 X160.228 Y23.495 E3.30605
G1 X159.852 Y23.443 E3.31868
G1 X159.409 Y23.418 E3.33343
G1 X159.022 Y23.427 E3.34631
G1 X158.527 Y23.482 E3.36287
G1 X158.017 Y23.6 E3.38028
G1 X157.621 Y23.73 E3.39415
G1 X157.246 Y23.89 E3.40771
G1 X156.833 Y24.105 E3.42319
G1 X156.33 Y24.451 E3.4435
G1 X155.871 Y24.858 E3.4639
G1 X155.497 Y25.28 E3.48266
G1 X155.221 Y25.679 E3.49879
G1 X155.003 Y26.055 E3.51325
G1 X154.835 Y26.406 E3.52619
G1 X154.698 Y26.772 E3.53919
G1 X154.583 Y27.176 E3.55316
G1 X154.505 Y27.577 E3.56675
G1 X154.452 Y28.068 E3.58317
G1 X154.457 Y28.603 E3.60097
G1 X154.497 Y29.002 E3.61431
G1 X154.567 Y29.382 E3.62716
G1 X154.673 Y29.784 E3.64099
G1 X154.81 Y30.163 E3.65439
G1 X154.972 Y30.519 E3.6674
G1 X155.16 Y30.86 E3.68035
G1 X155.449 Y31.289 E3.69755
G1 X155.796 Y31.688 E3.71514
G1 X156.027 Y31.915 E3.72591
G1 X156.324 Y32.169 E3.73891
G1 X156.657 Y32.41 E3.75258
G1 X157.093 Y32.672 E3.7695
G1 X157.563 Y32.879 E3.78658
G1 X157.933 Y33.006 E3.79959
M204 S2000
G0 F6000 X158.03 Y32.725
G0 X159.705 Y32.692
G0 X160.59 Y32.528
G0 X161.669 Y32.05
G0 X163.866 Y30.34
M204 S500
G1 F900 X164.132 Y30.241 E3.80903
G1 X164.606 Y30.104 E3.82544
G1 X165.164 Y29.992 E3.84437
G1 X165.609 Y29.937 E3.85929
G1 X166.156 Y29.915 E3.8775
G1 X167.546 Y29.915 E3.92373
G1 X167.252 Y29.463 E3.94166
G1 X167.097 Y29.12 E3.95418
G1 X166.981 Y28.747 E3.96717
G1 X166.957 Y27.996 E3.99216
G1 X167.095 Y27.505 E4.00913
G1 X167.318 Y27.057 E4.02577
G1 X167.57 Y26.719 E4.03979
G1 X166.156 Y26.717 E4.08682
G1 X165.622 Y26.695 E4.1046
G1 X165.027 Y26.618 E4.12455
G1 X164.612 Y26.529 E4.13867
G1 X163.87 Y26.311 E4.16439
G1 X164 Y26.592 E4.17469
G1 X164.141 Y27.073 E4.19136
G1 X164.222 Y27.444 E4.20399
G1 X164.283 Y27.907 E4.21952
G1 X164.299 Y28.307 E4.23284
G1 X164.283 Y28.728 E4.24685
G1 X164.22 Y29.202 E4.26276
G1 X164.14 Y29.567 E4.27518
G1 X164.049 Y29.874 E4.28583
G1 X163.866 Y30.34 E4.30249
M204 S2000
G0 F6000 X162.665 Y31.434
M204 S500
G1 F893.3 X162.915 Y31.262 E4.31265
G1 F900 X163.299 Y31.035 E4.32749
G1 X163.731 Y30.824 E4.34348
G1 X164.245 Y30.625 E4.36181
G1 X164.72 Y30.488 E4.37826
G1 X165.132 Y30.402 E4.39226
G1 X165.646 Y30.335 E4.4095
G1 X166.156 Y30.315 E4.42647
G1 F897.8 X168.768 Y30.313 E4.51356
G1 F875.9 X169.098 Y30.304 E4.52485
G1 X168.776 Y30.228 E4.53615
G1 F897.8 X168.469 Y30.106 E4.54717
G1 F900 X168.187 Y29.937 E4.5581
G1 X167.959 Y29.752 E4.56787
G1 X167.789 Y29.564 E4.5763
G1 X167.617 Y29.3 E4.58678
G1 X167.382 Y28.775 E4.60591
G1 X167.357 Y28.047 E4.63014
G1 X167.479 Y27.617 E4.645
G1 X167.639 Y27.297 E4.6569
G1 X167.892 Y26.959 E4.67094
G1 X168.194 Y26.692 E4.68435
G1 X168.513 Y26.507 E4.69662
G1 F895.5 X168.813 Y26.392 E4.70736
G1 F873.8 X169.102 Y26.326 E4.71751
G1 X168.806 Y26.319 E4.72766
G1 F895.5 X166.114 Y26.316 E4.81764
G1 F900 X165.649 Y26.296 E4.83312
G1 X165.122 Y26.229 E4.85079
G1 X164.617 Y26.117 E4.86799
G1 X164.194 Y25.99 E4.88268
G1 X163.761 Y25.82 E4.89815
G1 X163.243 Y25.565 E4.91736
G1 X162.703 Y25.236 E4.93839
G1 X162.969 Y25.56 E4.95233
G1 X163.18 Y25.86 E4.96453
G1 X163.347 Y26.144 E4.97549
G1 X163.606 Y26.692 E4.99565
G1 X163.757 Y27.185 E5.0128
G1 X163.83 Y27.525 E5.02436
G1 X163.885 Y27.944 E5.03842
G1 X163.899 Y28.31 E5.0506
G1 X163.884 Y28.699 E5.06355
G1 X163.829 Y29.118 E5.0776
G1 X163.754 Y29.462 E5.08931
G1 X163.665 Y29.759 E5.09963
G1 X163.53 Y30.114 E5.11226
G1 X163.358 Y30.471 E5.12544
G1 X163.152 Y30.817 E5.13883
G1 X162.912 Y31.148 E5.15243
G1 F893.3 X162.665 Y31.434 E5.16509
M204 S2000
G0 F6000 X164.723 Y30.652
G0 X168.604 Y30.068
G0 X168.758 Y29.812
M204 S500
G1 F900 X168.315 Y29.548 E5.18225
G1 X168.022 Y29.225 E5.19675
G1 X167.787 Y28.702 E5.21582
G1 X167.757 Y28.103 E5.23577
G1 X167.892 Y27.626 E5.25226
G1 X168.212 Y27.199 E5.27001
G1 X168.393 Y27.038 E5.27806
G1 X168.798 Y26.805 E5.2936
G1 X169.239 Y26.716 E5.30857
G1 X174.528 Y26.719 E5.48448
G1 X175.096 Y26.889 E5.5042
G1 X175.416 Y27.127 E5.51746
G1 X175.706 Y27.452 E5.53195
G1 X175.919 Y27.973 E5.55067
G1 X175.947 Y28.465 E5.56706
G1 X175.848 Y28.895 E5.58174
G1 X175.643 Y29.272 E5.59601
G1 X175.187 Y29.691 E5.61661
G1 F902.3 X174.779 Y29.853 E5.63117
G1 X174.448 Y29.916 E5.64235
G1 F900 X169.243 Y29.916 E5.81547
G1 X168.758 Y29.812 E5.83197
M204 S2000
G0 F6000 X169.098 Y30.304
M204 S500
G1 F880.2 X169.306 Y30.315 E5.83905
G1 F904.5 X174.386 Y30.315 E6.00717
G1 F888.9 X174.559 Y30.308 E6.013
M204 S2000
G0 F6000 X176.121 Y29.914
M204 S500
G1 F900 X179.192 Y29.914 E6.11514
G1 X179.045 Y29.714 E6.1234
G1 X178.873 Y29.383 E6.1358
G1 X178.735 Y28.966 E6.15041
G1 X178.638 Y28.362 E6.17076
G1 X178.699 Y27.816 E6.18903
G1 X178.795 Y27.457 E6.20139
G1 X178.939 Y27.108 E6.21395
G1 X179.172 Y26.719 E6.22903
G1 X176.134 Y26.719 E6.33007
G1 X176.276 Y26.89 E6.33747
G1 X176.482 Y27.236 E6.35086
G1 X176.623 Y27.581 E6.36326
G1 X176.71 Y27.886 E6.37381
G1 X176.743 Y28.319 E6.38825
G1 X176.734 Y28.577 E6.39684
G1 X176.647 Y28.99 E6.41087
G1 X176.513 Y29.347 E6.42356
G1 X176.393 Y29.567 E6.43189
G1 X176.121 Y29.914 E6.44656
M204 S2000
G0 F6000 X174.559 Y30.308
M204 S500
G1 F886.7 X180.188 Y30.314 E6.63658
G1 F900 X179.884 Y30.081 E6.64932
G1 X179.581 Y29.778 E6.66358
G1 X179.4 Y29.53 E6.67379
G1 X179.228 Y29.199 E6.68619
G1 X179.13 Y28.901 E6.69663
G1 X179.04 Y28.348 E6.71526
G1 X179.096 Y27.867 E6.73137
G1 X179.164 Y27.611 E6.74018
G1 X179.309 Y27.262 E6.75275
G1 X179.458 Y27.013 E6.7624
G1 X179.695 Y26.722 E6.77488
G1 X179.908 Y26.527 E6.78449
G1 X180.219 Y26.318 E6.79695
G1 X175.133 Y26.318 E6.96611
G1 F855.1 X174.728 Y26.34 E6.98031
G1 X175.11 Y26.476 E6.9945
G1 F900 X175.422 Y26.633 E7.00612
G1 X175.655 Y26.807 E7.01579
G1 X175.965 Y27.141 E7.03095
G1 X176.112 Y27.389 E7.04054
G1 X176.31 Y27.874 E7.05796
G1 X176.349 Y28.503 E7.07892
G1 X176.257 Y28.901 E7.09251
G1 X176.161 Y29.156 E7.10157
G1 X176.041 Y29.377 E7.10994
G1 X175.837 Y29.638 E7.12095
G1 X175.535 Y29.915 E7.13458
G1 X175.277 Y30.085 E7.14486
G1 F897.8 X174.853 Y30.248 E7.16001
G1 F884.5 X174.559 Y30.308 E7.17016
M204 S2000
G0 F6000 X175.33 Y29.883
G0 X175.832 Y29.421
G0 X176.072 Y28.982
G0 X176.189 Y28.474
G0 X176.158 Y27.925
G0 X175.916 Y27.337
G0 X175.693 Y27.064
G0 X174.728 Y26.34
M204 S500
G1 F853.1 X174.436 Y26.318 E7.18044
G1 F897.8 X169.304 Y26.316 E7.35155
G1 F878 X169.102 Y26.326 E7.35845
M204 S2000
G0 F6000 X174.556 Y26.48
G0 X175.209 Y26.675
G0 X175.641 Y27
G0 X175.916 Y27.337
G0 X176.653 Y29.426
G0 X176.507 Y29.734
G0 X180.971 Y30.479
G0 X181.04 Y30.23
M204 S500
G1 F839.2 X180.525 Y30.027 E7.3782
G1 F900 X180.223 Y29.854 E7.38977
G1 X179.8 Y29.431 E7.40967
G1 X179.539 Y28.927 E7.42855
G1 X179.441 Y28.313 E7.44923
G1 X179.502 Y27.838 E7.46515
G1 X179.711 Y27.336 E7.48324
G1 X180.06 Y26.907 E7.50163
G1 F867.5 X180.491 Y26.616 E7.51958
G1 F809 X181 Y26.406 E7.53995
G1 F789.5 X181.496 Y26.393 E7.55877
G1 F803.6 X181.921 Y26.471 E7.57486
G1 F809 X182.375 Y26.682 E7.59339
G1 F807.2 X182.812 Y27.053 E7.61465
G1 F805.4 X183.114 Y27.531 E7.63566
G1 F807.2 X183.291 Y28.105 E7.65794
G1 F809 X183.228 Y28.855 E7.68579
G1 F807.2 X182.948 Y29.396 E7.70838
G1 F800 X182.541 Y29.84 E7.73091
G1 F787.7 X182.179 Y30.043 E7.74669
G1 F791.2 X181.908 Y30.158 E7.75782
G1 F803.6 X181.459 Y30.238 E7.77481
G1 F796.5 X181.04 Y30.23 E7.79056
M204 S2000
G0 F6000 X180.724 Y29.68
M204 S500
;TYPE:WALL-OUTER
G1 F900 X180.45 Y29.515 E7.8012
G1 X180.126 Y29.191 E7.81644
G1 X179.924 Y28.802 E7.83102
G1 X179.847 Y28.328 E7.84699
G1 X179.889 Y27.969 E7.85901
G1 X180.058 Y27.543 E7.87426
G1 X180.335 Y27.204 E7.88882
G1 X180.712 Y26.957 E7.90381
G1 X181.074 Y26.83 E7.91657
G1 X181.487 Y26.821 E7.93031
G1 X181.771 Y26.873 E7.93991
G1 X182.121 Y27.027 E7.95263
G1 X182.499 Y27.35 E7.96917
G1 X182.723 Y27.712 E7.98332
G1 X182.856 Y28.148 E7.99849
G1 X182.807 Y28.741 E8.01828
G1 X182.608 Y29.134 E8.03293
G1 X182.286 Y29.489 E8.04887
G1 X181.841 Y29.736 E8.0658
G1 X181.416 Y29.816 E8.08018
G1 X181.127 Y29.798 E8.08981
G1 X180.724 Y29.68 E8.10378
M204 S2000
G1 F2400 E7.30378
G0 F6000 X180.378 Y30.286
G0 X169.217 Y30.154
G0 X168.908 Y30.088
G0 X168.21 Y29.832
G0 X168.57 Y29.234
M204 S500
G1 F2400 E8.10378
G1 F900 X168.36 Y29.003 E8.11416
G1 X168.18 Y28.591 E8.12911
G1 X168.159 Y28.164 E8.14333
G1 X168.256 Y27.808 E8.15561
G1 X168.557 Y27.406 E8.17231
G1 X168.942 Y27.184 E8.18709
G1 X169.268 Y27.118 E8.19815
G1 X174.466 Y27.119 E8.37104
G1 X174.915 Y27.253 E8.38662
G1 X175.176 Y27.448 E8.39746
G1 X175.362 Y27.668 E8.40704
G1 X175.526 Y28.082 E8.42185
G1 X175.547 Y28.423 E8.43322
G1 X175.458 Y28.774 E8.44526
G1 X175.322 Y29.024 E8.45473
G1 X174.995 Y29.323 E8.46946
G1 X174.752 Y29.445 E8.47851
G1 X174.421 Y29.514 E8.48975
G1 X169.306 Y29.516 E8.65988
G1 X168.91 Y29.437 E8.67331
G1 X168.57 Y29.234 E8.68648
M204 S2000
G1 F2400 E7.88648
G0 F6000 X168.21 Y29.832
G0 X164.256 Y30.791
G0 X161.669 Y32.05
G0 X160.59 Y32.528
G0 X159.472 Y32.689
G0 X158.201 Y32.615
G0 X158.401 Y31.945
M204 S500
G1 F2400 E8.68648
G1 F900 X158.114 Y31.859 E8.69644
G1 X157.848 Y31.755 E8.70594
G1 X157.557 Y31.612 E8.71673
G1 X157.298 Y31.458 E8.72675
G1 X157.03 Y31.264 E8.73775
G1 X156.793 Y31.061 E8.74813
G1 X156.585 Y30.853 E8.75792
G1 X156.381 Y30.609 E8.7685
G1 X156.204 Y30.36 E8.77866
G1 X156.044 Y30.091 E8.78907
G1 X155.908 Y29.808 E8.79951
G1 X155.793 Y29.512 E8.81007
G1 X155.711 Y29.237 E8.81962
G1 X155.623 Y28.755 E8.83591
G1 X155.601 Y28.445 E8.84625
G1 X155.612 Y27.982 E8.86165
G1 X155.65 Y27.683 E8.87168
G1 X155.72 Y27.364 E8.88254
G1 X155.804 Y27.084 E8.89226
G1 X155.982 Y26.661 E8.90753
G1 X156.13 Y26.387 E8.91788
G1 X156.304 Y26.125 E8.92834
G1 X156.494 Y25.882 E8.9386
G1 X156.858 Y25.505 E8.95603
G1 X157.178 Y25.257 E8.9695
G1 X157.449 Y25.08 E8.98027
G1 X157.856 Y24.872 E8.99547
G1 X158.148 Y24.762 E9.00585
G1 X158.442 Y24.675 E9.01604
G1 X158.909 Y24.59 E9.03183
G1 X159.216 Y24.568 E9.04207
G1 X159.52 Y24.569 E9.05218
G1 X159.842 Y24.596 E9.06293
G1 X160.139 Y24.648 E9.07296
G1 X160.423 Y24.721 E9.08271
G1 X160.717 Y24.822 E9.09305
G1 X161.003 Y24.946 E9.10342
G1 X161.402 Y25.177 E9.11875
G1 X161.669 Y25.369 E9.12969
G1 X161.902 Y25.568 E9.13988
G1 X162.102 Y25.766 E9.14924
G1 X162.317 Y26.023 E9.16038
G1 X162.492 Y26.27 E9.17045
G1 X162.66 Y26.555 E9.18146
G1 X162.87 Y27.006 E9.198
G1 X162.989 Y27.409 E9.21198
G1 X163.049 Y27.703 E9.22196
G1 X163.088 Y28.018 E9.23252
G1 X163.099 Y28.314 E9.24237
G1 X163.085 Y28.653 E9.25365
G1 X163.047 Y28.949 E9.26358
G1 X162.98 Y29.256 E9.27403
G1 X162.893 Y29.547 E9.28413
G1 X162.778 Y29.837 E9.29451
G1 X162.642 Y30.111 E9.30468
G1 X162.482 Y30.378 E9.31503
G1 X162.312 Y30.615 E9.32474
G1 X162.096 Y30.868 E9.3358
G1 X161.885 Y31.08 E9.34575
G1 X161.648 Y31.279 E9.35604
G1 X161.321 Y31.511 E9.36938
G1 X160.991 Y31.689 E9.38185
G1 X160.698 Y31.818 E9.3925
G1 X160.407 Y31.915 E9.4027
G1 X160.115 Y31.989 E9.41272
G1 X159.637 Y32.056 E9.42877
G1 X159.35 Y32.067 E9.43832
G1 X159.01 Y32.052 E9.44964
G1 X158.716 Y32.014 E9.4595
G1 X158.401 Y31.945 E9.47023
M204 S2000
G1 F2400 E8.67023
G0 F6000 X158.201 Y32.615
G0 X158.394 Y32.817
G0 X158.253 Y33.5
M204 S500
G1 F2400 E9.47023
G1 F900 X158.8 Y33.591 E9.48867
G1 X159.35 Y33.615 E9.50698
G1 X159.789 Y33.596 E9.5216
G1 X160.24 Y33.541 E9.53671
G1 X160.675 Y33.447 E9.55151
G1 X161.059 Y33.332 E9.56484
G1 X161.482 Y33.167 E9.57994
G1 X161.859 Y32.983 E9.5939
G1 X162.239 Y32.757 E9.6086
G1 X162.603 Y32.498 E9.62346
G1 X162.955 Y32.213 E9.63852
G1 F902.3 X163.326 Y31.95 E9.65361
G1 X163.679 Y31.74 E9.66724
G1 F900 X164.075 Y31.547 E9.68189
G1 X164.453 Y31.398 E9.6954
G1 X164.884 Y31.272 E9.71034
G1 X165.312 Y31.183 E9.72488
G1 X165.719 Y31.132 E9.73852
G1 X166.156 Y31.115 E9.75307
G1 X181.453 Y31.114 E10.26185
G1 X181.798 Y31.079 E10.27338
G1 X182.141 Y31.001 E10.28508
G1 X182.578 Y30.842 E10.30055
G1 X183.066 Y30.538 E10.31967
G1 X183.404 Y30.217 E10.33517
G1 X183.623 Y29.946 E10.34676
G1 X183.865 Y29.543 E10.3624
G1 X183.999 Y29.24 E10.37342
G1 X184.114 Y28.79 E10.38887
G1 X184.154 Y28.341 E10.40386
G1 X184.116 Y27.833 E10.4208
G1 X183.962 Y27.308 E10.439
G1 X183.812 Y26.986 E10.45081
G1 X183.632 Y26.697 E10.46214
G1 X183.397 Y26.397 E10.47481
G1 X182.978 Y26.042 E10.49308
G1 X182.565 Y25.795 E10.50908
G1 X182.274 Y25.667 E10.51966
G1 X181.927 Y25.575 E10.5316
G1 X181.465 Y25.52 E10.54707
G1 X166.147 Y25.516 E11.05655
G1 X165.692 Y25.497 E11.0717
G1 X165.279 Y25.444 E11.08555
G1 X164.848 Y25.351 E11.10021
G1 X164.44 Y25.228 E11.11439
G1 X164.039 Y25.069 E11.12873
G1 X163.654 Y24.878 E11.14303
G1 F902.3 X163.284 Y24.655 E11.15736
G1 X162.93 Y24.401 E11.17182
G1 F900 X162.502 Y24.057 E11.19008
G1 X162.064 Y23.758 E11.20772
G1 X161.474 Y23.454 E11.22979
G1 X160.858 Y23.23 E11.25159
G1 X160.301 Y23.101 E11.27061
G1 X159.892 Y23.044 E11.28434
G1 X159.43 Y23.017 E11.29974
G1 X159.027 Y23.026 E11.31314
G1 X158.459 Y23.087 E11.33214
G1 X157.909 Y23.215 E11.35093
G1 X157.496 Y23.349 E11.36537
G1 X157.089 Y23.521 E11.38006
G1 X156.627 Y23.761 E11.39738
G1 X156.082 Y24.135 E11.41936
G1 X155.587 Y24.575 E11.44139
G1 X155.182 Y25.032 E11.4617
G1 X154.891 Y25.45 E11.47864
G1 X154.656 Y25.853 E11.49416
G1 X154.467 Y26.248 E11.50872
G1 X154.322 Y26.632 E11.52237
G1 X154.194 Y27.083 E11.53797
G1 X154.109 Y27.517 E11.55268
G1 X154.051 Y28.048 E11.57044
G1 X154.056 Y28.609 E11.5891
G1 X154.103 Y29.072 E11.60458
G1 X154.176 Y29.469 E11.61801
G1 X154.291 Y29.902 E11.63291
G1 X154.432 Y30.299 E11.64692
G1 X154.614 Y30.699 E11.66154
G1 X154.818 Y31.068 E11.67556
G1 X155.13 Y31.533 E11.69418
G1 X155.494 Y31.952 E11.71264
G1 X155.746 Y32.201 E11.72443
G1 X156.076 Y32.484 E11.73889
G1 X156.437 Y32.744 E11.75368
G1 X156.909 Y33.028 E11.77201
G1 X157.417 Y33.252 E11.79047
G1 X157.819 Y33.39 E11.80461
G1 X158.253 Y33.5 E11.8195
M204 S2000
G0 F6000 X158.394 Y32.817
G0 X160.228 Y32.618
G0 X161.266 Y32.265
G0 X161.706 Y31.991
G0 X164.539 Y30.019
G0 X164.467 Y29.765
M204 S500
;TYPE:SKIN
G1 F900 X164.576 Y29.264 E11.83655
G1 X164.642 Y28.769 E11.85316
G1 X164.66 Y28.299 E11.86881
G1 X164.641 Y27.855 E11.88359
G1 X164.577 Y27.379 E11.89956
G1 X164.464 Y26.86 E11.91723
G1 X164.949 Y26.97 E11.93377
G1 X165.581 Y27.054 E11.95497
G1 X166.165 Y27.078 E11.97441
G1 X166.912 Y27.078 E11.99926
G1 X166.762 Y27.371 E12.01021
G1 X166.636 Y27.814 E12.02553
G1 X166.602 Y28.069 E12.03408
G1 X166.618 Y28.645 E12.05325
G1 X166.655 Y28.925 E12.06264
G1 X166.762 Y29.249 E12.07399
G1 X166.897 Y29.555 E12.08511
G1 X166.165 Y29.555 E12.10946
G1 X165.565 Y29.579 E12.12943
G1 X164.989 Y29.655 E12.14876
G1 X164.467 Y29.765 E12.1665
M204 S2000
G0 F6000 X165.192 Y29.427
M204 S500
G1 F900 X164.806 Y29.042 E12.18463
M204 S2000
G0 F6000 X164.849 Y28.519
M204 S500
G1 F900 X165.702 Y29.372 E12.22475
M204 S2000
G0 F6000 X166.25 Y29.354
M204 S500
G1 F900 X164.844 Y27.948 E12.29089
M204 S2000
G0 F6000 X164.769 Y27.307
M204 S500
G1 F900 X166.472 Y29.011 E12.37102
M204 S2000
G0 F6000 X166.41 Y28.383
M204 S500
G1 F900 X165.236 Y27.209 E12.42624
M204 S2000
G0 F6000 X165.858 Y27.266
M204 S500
G1 F900 X166.433 Y27.84 E12.45326
M204 S2000
G0 F6000 X166.549 Y27.391
M204 S500
G1 F900 X166.438 Y27.279 E12.4585
M204 S2000
G0 F6000 X166.438 Y26.817
G0 X167.208 Y26.897
G0 X167.545 Y28.745
G0 X167.823 Y29.36
G0 X168.163 Y29.733
G0 X168.672 Y30.039
G0 X169.217 Y30.154
G0 X174.46 Y30.155
G0 X176.821 Y29.814
G0 X176.821 Y29.553
M204 S500
G1 F900 X177 Y29.067 E12.47573
G1 X177.088 Y28.64 E12.49023
G1 X177.103 Y28.311 E12.50118
G1 X177.067 Y27.838 E12.51696
G1 X176.963 Y27.462 E12.52994
G1 X176.807 Y27.08 E12.54366
G1 X178.559 Y27.08 E12.60193
G1 X178.463 Y27.313 E12.61031
G1 X178.345 Y27.751 E12.6254
G1 X178.273 Y28.288 E12.64342
G1 X178.379 Y29.021 E12.66806
G1 X178.555 Y29.553 E12.68669
G1 X176.821 Y29.553 E12.74437
M204 S2000
G0 F6000 X177.215 Y29.006
M204 S500
G1 F900 X177.562 Y29.352 E12.76067
M204 S2000
G0 F6000 X178.127 Y29.352
M204 S500
G1 F900 X177.292 Y28.516 E12.79996
M204 S2000
G0 F6000 X177.273 Y27.932
M204 S500
G1 F900 X178.142 Y28.801 E12.84084
M204 S2000
G0 F6000 X178.086 Y28.179
M204 S500
G1 F900 X177.186 Y27.28 E12.88315
M204 S2000
G0 F6000 X177.753 Y27.28
M204 S500
G1 F900 X178.158 Y27.686 E12.90222
M204 S2000
G0 F6000 X178.89 Y27.883
G1 F2400 E12.10222
;MESH:part_4.stl
G0 F6000 X178.833 Y26.898
G0 X176.489 Y26.9
G0 X175.513 Y29.172
G0 X175.106 Y29.546
G0 X174.862 Y29.658
G0 X166.141 Y30.897
G0 X166.174 Y31.98
G0 X165.826 Y36.003
G0 X165.063 Y36.766
G0 X162.175 Y41.146
M204 S500
;TYPE:WALL-INNER
G1 F2400 E12.90222
G1 F693.6 X161.883 Y41.409 E12.91918
G1 F683.1 X161.495 Y41.832 E12.94433
M204 S2000
G0 F6000 X158.802 Y44.666
G0 X159.87 Y46.787
G0 X156.154 Y51.312
M204 S500
G1 F902.3 X159.689 Y47.777 E13.11019
G1 X160.049 Y47.545 E13.1244
G1 F900 X160.354 Y47.484 E13.13475
G1 X160.76 Y47.551 E13.14843
G1 X161.04 Y47.716 E13.15924
G1 X162.565 Y49.236 E13.23086
G1 X163.04 Y48.895 E13.25031
G1 X163.389 Y48.678 E13.26397
G1 X163.958 Y48.375 E13.28542
G1 X164.491 Y48.143 E13.30475
G1 X165.161 Y47.916 E13.32828
G1 X165.801 Y47.757 E13.35021
G1 X166.447 Y47.655 E13.37196
G1 X167.009 Y47.61 E13.39072
G1 X167.399 Y47.603 E13.40369
G1 X167.742 Y47.613 E13.4151
G1 X168.319 Y47.663 E13.43437
G1 X168.706 Y47.721 E13.44738
G1 X169.259 Y47.841 E13.4662
G1 X181.326 Y51.072 E13.88169
G1 F748.4 X181.506 Y51.05 E13.88894
G1 F648.6 X181.775 Y51.179 E13.90271
G1 F655.7 X182.138 Y51.326 E13.92059
G1 F653.4 X182.552 Y51.449 E13.94038
G1 F652.2 X182.97 Y51.489 E13.95965
G1 F651 X183.362 Y51.488 E13.97767
G1 F648.6 X183.721 Y51.424 E13.9945
G1 X183.99 Y51.359 E14.00727
G1 F653.4 X184.383 Y51.208 E14.02656
G1 X184.824 Y50.949 E14.04999
G1 F655.7 X185.254 Y50.559 E14.0765
G1 F661.8 X185.46 Y50.319 E14.0908
G1 F658.1 X185.651 Y50.017 E14.10705
G1 F653.4 X185.862 Y49.582 E14.12921
G1 F655.7 X185.998 Y49.025 E14.15538
G1 F661.8 X186.037 Y48.669 E14.17158
G1 F659.3 X186.031 Y48.399 E14.18384
G1 F652.2 X185.977 Y48.005 E14.20209
G1 F653.4 X185.907 Y47.717 E14.21567
G1 F655.7 X185.77 Y47.338 E14.23407
G1 F653.4 X185.611 Y47.058 E14.24882
G1 F652.2 X185.397 Y46.738 E14.26649
G1 F654.5 X185.153 Y46.48 E14.28273
G1 F653.4 X184.872 Y46.235 E14.29981
G1 X184.571 Y46.036 E14.31634
G1 F654.5 X184.259 Y45.876 E14.33238
G1 F653.4 X183.848 Y45.739 E14.35223
G1 X183.496 Y45.669 E14.36867
G1 X183.072 Y45.639 E14.38814
G1 F651 X182.646 Y45.682 E14.40783
G1 F649.8 X182.22 Y45.777 E14.42794
G1 F647.5 X181.879 Y45.922 E14.44507
G1 F648.6 X181.63 Y46.045 E14.45789
G1 F653.4 X181.366 Y46.224 E14.4725
G1 F648.6 X181.167 Y46.388 E14.4844
G1 F641.7 X180.926 Y46.606 E14.49956
G1 F746.9 X180.614 Y46.736 E14.51311
G1 F900 X180.469 Y46.824 E14.51875
G1 X180.095 Y47.013 E14.53268
G1 X179.62 Y47.157 E14.54919
G1 X179.031 Y47.234 E14.56895
G1 X178.451 Y47.196 E14.58828
G1 X171.188 Y45.25 E14.83837
G1 X170.592 Y44.971 E14.86026
G1 X170.391 Y44.792 E14.86921
G1 X169.896 Y44.193 E14.89506
G1 X169.781 Y43.961 E14.90367
G1 X169.635 Y43.377 E14.92369
G1 X169.616 Y42.856 E14.94103
G1 X169.744 Y42.278 E14.96072
G1 X168.123 Y40.651 E15.03711
G1 X167.967 Y40.405 E15.0468
G1 X167.894 Y40.156 E15.05543
G1 X167.882 Y39.956 E15.06209
G1 X167.944 Y39.651 E15.07244
G1 F895.5 X168.115 Y39.353 E15.08393
G1 X171.709 Y35.756 E15.25389
G1 F902.3 X171.427 Y35.474 E15.26713
G1 F895.5 X167.83 Y39.068 E15.43709
G1 X167.533 Y39.24 E15.44856
G1 F900 X167.228 Y39.302 E15.45892
G1 X166.867 Y39.251 E15.47104
G1 X166.507 Y39.038 E15.48495
G1 X165.064 Y37.597 E15.55278
G1 X157.994 Y44.666 E15.88531
G1 X159.475 Y46.154 E15.95514
G1 X159.631 Y46.42 E15.96539
G1 X159.699 Y46.829 E15.97918
G1 X159.638 Y47.134 E15.98953
G1 F902.3 X159.407 Y47.495 E16.00375
G1 X155.872 Y51.03 E16.16961
G1 X156.154 Y51.312 E16.18284
M204 S2000
G0 F6000 X156.154 Y51.877
M204 S500
G1 F900 X159.971 Y48.059 E16.3624
G1 X160.187 Y47.92 E16.37094
G1 X160.37 Y47.884 E16.37715
G1 X160.615 Y47.924 E16.3854
G1 X160.783 Y48.023 E16.39189
G1 X162.54 Y49.776 E16.47444
G1 X162.818 Y49.544 E16.48648
G1 X163.272 Y49.221 E16.50502
G1 X163.579 Y49.03 E16.51704
G1 X164.118 Y48.742 E16.53737
G1 X164.651 Y48.51 E16.5567
G1 X165.221 Y48.315 E16.57674
G1 X165.865 Y48.152 E16.59883
G1 X166.479 Y48.054 E16.61951
G1 X167.041 Y48.009 E16.63827
G1 X167.389 Y48.003 E16.64984
G1 X167.675 Y48.01 E16.65936
G1 X168.323 Y48.066 E16.68099
G1 X168.592 Y48.107 E16.69004
G1 X169.205 Y48.239 E16.7109
G1 F902.3 X181.264 Y51.471 E17.1251
G1 X181.98 Y51.775 E17.1509
G1 F900 X182.271 Y51.863 E17.16102
G1 X182.602 Y51.934 E17.17228
G1 X182.949 Y51.966 E17.18387
G1 X183.248 Y51.967 E17.19381
G1 X183.506 Y51.945 E17.20242
G1 X183.807 Y51.896 E17.21257
G1 X184.134 Y51.814 E17.22378
G1 X184.482 Y51.679 E17.23619
G1 X184.715 Y51.565 E17.24482
G1 X184.967 Y51.416 E17.25456
G1 X185.202 Y51.248 E17.26417
G1 X185.405 Y51.077 E17.27299
G1 X185.595 Y50.889 E17.28188
G1 X185.839 Y50.602 E17.29441
G1 X186.066 Y50.252 E17.30829
G1 X186.233 Y49.907 E17.32104
G1 X186.333 Y49.648 E17.33027
G1 X186.408 Y49.388 E17.33927
G1 X186.468 Y49.095 E17.34922
G1 X186.507 Y48.69 E17.36275
G1 X186.505 Y48.349 E17.37409
G1 X186.446 Y47.913 E17.38873
G1 X186.361 Y47.579 E17.40019
G1 X186.261 Y47.296 E17.41017
G1 X186.146 Y47.041 E17.41948
G1 X186.024 Y46.82 E17.42787
G1 X185.857 Y46.568 E17.43793
G1 X185.69 Y46.358 E17.44685
G1 X185.495 Y46.149 E17.45636
G1 X185.279 Y45.954 E17.46604
G1 X185.054 Y45.782 E17.47546
G1 X184.808 Y45.625 E17.48516
G1 X184.557 Y45.494 E17.49458
G1 X184.313 Y45.391 E17.50339
G1 X183.969 Y45.278 E17.51543
G1 X183.559 Y45.196 E17.52934
G1 X183.06 Y45.162 E17.54597
G1 X182.57 Y45.21 E17.56235
G1 X182.061 Y45.328 E17.57973
G1 X181.689 Y45.481 E17.59311
G1 X181.389 Y45.634 E17.60431
G1 X181.093 Y45.833 E17.61617
G1 X180.861 Y46.019 E17.62606
G1 X180.671 Y46.193 E17.63463
G1 X180.335 Y46.445 E17.6486
G1 X179.911 Y46.65 E17.66426
G1 X179.541 Y46.767 E17.67717
G1 X179.052 Y46.828 E17.69356
G1 X178.515 Y46.8 E17.71145
G1 X171.333 Y44.875 E17.95875
G1 X170.754 Y44.604 E17.98001
G1 X170.184 Y43.904 E18.01004
G1 X170.033 Y43.322 E18.03004
G1 X170.017 Y42.893 E18.04432
G1 X170.114 Y42.455 E18.05924
G1 X170.225 Y42.194 E18.06867
G1 X168.426 Y40.39 E18.15341
G1 X168.306 Y40.169 E18.16177
G1 X168.282 Y39.973 E18.16834
G1 X168.319 Y39.79 E18.17455
G1 X168.422 Y39.612 E18.18139
G1 X172.274 Y35.756 E18.36267
G1 X171.427 Y34.909 E18.40251
G1 X167.571 Y38.761 E18.58379
G1 X167.394 Y38.865 E18.59062
G1 X167.211 Y38.902 E18.59683
G1 X166.994 Y38.872 E18.60411
G1 X166.803 Y38.766 E18.61138
G1 X165.064 Y37.031 E18.69308
G1 X157.428 Y44.666 E19.05223
G1 X159.171 Y46.415 E19.13436
G1 X159.275 Y46.616 E19.14189
G1 X159.299 Y46.813 E19.14849
G1 X159.263 Y46.996 E19.15469
G1 X159.124 Y47.212 E19.16323
G1 X155.307 Y51.03 E19.3428
G1 X156.154 Y51.877 E19.38264
M204 S2000
G0 F6000 X156.154 Y51.495
G0 X160.396 Y47.313
G0 X162.595 Y48.701
M204 S500
G1 F900 X163.2 Y48.325 E19.40633
G1 X163.799 Y48.009 E19.42885
G1 X164.331 Y47.776 E19.44817
G1 X165.062 Y47.528 E19.47385
G1 X165.737 Y47.362 E19.49696
G1 X166.415 Y47.256 E19.51979
G1 X167.064 Y47.208 E19.54143
G1 X167.409 Y47.203 E19.55291
G1 X167.701 Y47.21 E19.56262
G1 X168.443 Y47.275 E19.5874
G1 X168.722 Y47.317 E19.59678
G1 X169.412 Y47.466 E19.62026
G1 X181.43 Y50.684 E20.03406
G1 X181.142 Y50.428 E20.04688
G1 X180.82 Y50.014 E20.06432
G1 X180.647 Y49.674 E20.07701
G1 X180.524 Y49.323 E20.08938
G1 X180.4 Y48.716 E20.10999
G1 X180.433 Y48.17 E20.12818
G1 X180.533 Y47.775 E20.14173
G1 X180.624 Y47.5 E20.15137
G1 X180.898 Y47.021 E20.16972
G1 X180.65 Y47.182 E20.17956
G1 X180.238 Y47.389 E20.19489
G1 X179.704 Y47.548 E20.21342
G1 X179.043 Y47.635 E20.2356
G1 X178.379 Y47.592 E20.25773
G1 X171.057 Y45.629 E20.50986
G1 X170.538 Y45.387 E20.5289
G1 X170.314 Y45.256 E20.53754
G1 X170.095 Y45.061 E20.54729
G1 X169.565 Y44.421 E20.57493
G1 X169.402 Y44.095 E20.58705
G1 X169.238 Y43.437 E20.6096
G1 X169.219 Y42.92 E20.62681
G1 X169.251 Y42.654 E20.63572
G1 X169.306 Y42.406 E20.64417
G1 X167.819 Y40.912 E20.71428
G1 X167.601 Y40.567 E20.72785
G1 X167.499 Y40.218 E20.73995
G1 X167.482 Y39.938 E20.74928
G1 X167.542 Y39.642 E20.75932
G1 X167.246 Y39.702 E20.76937
G1 X166.966 Y39.685 E20.7787
G1 X166.516 Y39.533 E20.7945
G1 X166.236 Y39.333 E20.80594
G1 X165.064 Y38.163 E20.86102
G1 X162.58 Y40.644 E20.97779
G1 F871.7 X162.361 Y40.884 E20.98895
G1 F748.4 X162.175 Y41.146 E21.0018
G1 F769.2 X162.762 Y40.901 E21.02655
G1 F900 X163.059 Y40.796 E21.03703
G1 X163.322 Y40.737 E21.04599
G1 X163.639 Y40.702 E21.0566
G1 X163.96 Y40.703 E21.06728
G1 X164.298 Y40.745 E21.0786
G1 X164.708 Y40.851 E21.09269
G1 X165.078 Y41.019 E21.10621
G1 X165.346 Y41.192 E21.11681
G1 X165.729 Y41.522 E21.13363
G1 X165.903 Y41.703 E21.14198
G1 X166.222 Y42.219 E21.16216
G1 X166.32 Y42.455 E21.17066
G1 X166.485 Y42.983 E21.18906
G1 X166.497 Y43.292 E21.19934
G1 X166.448 Y43.913 E21.22006
G1 X166.287 Y44.436 E21.23826
G1 X165.951 Y45.028 E21.2609
G1 X165.58 Y45.422 E21.2789
G1 X165.135 Y45.734 E21.29698
G1 X164.859 Y45.865 E21.30714
G1 X164.285 Y46.058 E21.32728
G1 X163.559 Y46.109 E21.35149
G1 X163.191 Y46.032 E21.36399
G1 X162.699 Y45.872 E21.3812
G1 X162.33 Y45.661 E21.39534
G1 X162.12 Y45.518 E21.40379
G1 X161.637 Y45.035 E21.4265
G1 X161.496 Y44.809 E21.43536
G1 X161.213 Y44.246 E21.45632
G1 X161.113 Y43.785 E21.47201
G1 X161.094 Y43.339 E21.48686
G1 X161.123 Y42.923 E21.50073
G1 X161.249 Y42.506 E21.51522
G1 F859.2 X161.403 Y42.108 E21.53009
G1 F727.3 X161.495 Y41.832 E21.54206
G1 X161.25 Y42.003 E21.55436
G1 F859.2 X160.935 Y42.291 E21.56923
G1 F900 X158.559 Y44.666 E21.68096
G1 X159.785 Y45.902 E21.73887
G1 X159.933 Y46.123 E21.74771
G1 X160.076 Y46.469 E21.76017
G1 X160.099 Y46.846 E21.77273
G1 X160.039 Y47.144 E21.78284
G1 X160.337 Y47.084 E21.79295
G1 X160.715 Y47.107 E21.80554
G1 X161.069 Y47.255 E21.81831
G1 X161.346 Y47.453 E21.82963
G1 X162.595 Y48.701 E21.88836
M204 S2000
G0 F6000 X160.273 Y46.91
G0 X158.802 Y44.666
G0 X161.079 Y42.416
G0 X162.261 Y45.292
G0 X163.413 Y45.683
M204 S500
G1 F900 X162.861 Y45.505 E21.90765
G1 X162.442 Y45.263 E21.92374
G1 X161.913 Y44.748 E21.9483
G1 X161.584 Y44.097 E21.97256
G1 X161.513 Y43.768 E21.98375
G1 X161.494 Y43.322 E21.9986
G1 X161.558 Y42.795 E22.01626
G1 X161.84 Y42.158 E22.03943
G1 X162.202 Y41.727 E22.05815
G1 X162.537 Y41.454 E22.07252
G1 X163.042 Y41.21 E22.09117
G1 X163.524 Y41.102 E22.1076
G1 X164.084 Y41.103 E22.12623
G1 X164.634 Y41.244 E22.14511
G1 X165.007 Y41.439 E22.15911
G1 X165.55 Y41.892 E22.18263
G1 X165.903 Y42.463 E22.20496
G1 X166.111 Y43.125 E22.22804
G1 X166.051 Y43.847 E22.25214
G1 X165.916 Y44.285 E22.26738
G1 X165.625 Y44.791 E22.28679
G1 X165.343 Y45.092 E22.30051
G1 X164.857 Y45.443 E22.32045
G1 X164.204 Y45.664 E22.34338
G1 X163.688 Y45.699 E22.36058
G1 X163.413 Y45.683 E22.36974
M204 S2000
G0 F6000 X163.528 Y45.3
M204 S500
G1 F900 X163.018 Y45.135 E22.38757
G1 X162.661 Y44.921 E22.40142
G1 X162.24 Y44.507 E22.42106
G1 X161.918 Y43.876 E22.44462
G1 X161.894 Y43.305 E22.46363
G1 X161.949 Y42.901 E22.47719
G1 X162.185 Y42.366 E22.49664
G1 X162.485 Y42.01 E22.51212
G1 X162.757 Y41.791 E22.52373
G1 X163.174 Y41.59 E22.53913
G1 X163.568 Y41.502 E22.55256
G1 X164.032 Y41.503 E22.56799
G1 X164.457 Y41.611 E22.58258
G1 X164.787 Y41.773 E22.5948
G1 X165.23 Y42.146 E22.61406
G1 X165.534 Y42.623 E22.63288
G1 X165.707 Y43.173 E22.65205
G1 X165.646 Y43.805 E22.67317
G1 X165.539 Y44.135 E22.68471
G1 X165.301 Y44.553 E22.70071
G1 X165.075 Y44.795 E22.71172
G1 X164.675 Y45.083 E22.72812
G1 X164.093 Y45.271 E22.74846
G1 X163.528 Y45.3 E22.76727
M204 S2000
G1 F2400 E21.96727
G0 F6000 X163.436 Y45.584
G0 X161.07 Y44.336
G0 X161.079 Y42.416
G0 X158.802 Y44.666
G0 X160.273 Y46.91
G0 X162.625 Y48.491
G0 X168.093 Y47.52
G0 X181.997 Y50.68
M204 S500
G1 F2400 E22.76727
G1 F648.6 X181.788 Y50.567 E22.77824
G1 F748.4 X181.696 Y50.383 E22.78647
G1 F900 X181.407 Y50.128 E22.79929
G1 X181.177 Y49.832 E22.81175
G1 X181.004 Y49.492 E22.82444
G1 X180.916 Y49.242 E22.83326
G1 X180.804 Y48.658 E22.85303
G1 X180.827 Y48.271 E22.86593
G1 X180.96 Y47.717 E22.88488
G1 X181.216 Y47.272 E22.90195
G1 F746.9 X181.298 Y47.026 E22.91235
G1 F641.7 X181.807 Y46.567 E22.94432
G1 F649.8 X182.431 Y46.289 E22.97579
G1 F653.4 X182.686 Y46.235 E22.98773
G1 F654.5 X183.176 Y46.188 E23.01024
G1 F656.9 X183.647 Y46.248 E23.03188
G1 X184.25 Y46.472 E23.06119
G1 F658.1 X184.831 Y46.923 E23.09464
G1 F654.5 X185.017 Y47.168 E23.10871
G1 F653.4 X185.243 Y47.513 E23.1276
G1 F658.1 X185.371 Y47.842 E23.14366
G1 F654.5 X185.432 Y48.101 E23.15583
G1 X185.503 Y48.57 E23.17752
G1 F658.1 X185.462 Y48.917 E23.19341
G1 X185.324 Y49.432 E23.21766
G1 F655.7 X185.165 Y49.756 E23.23414
G1 F656.9 X184.97 Y50.091 E23.2518
G1 F660.6 X184.41 Y50.564 E23.28502
G1 F658.1 X183.913 Y50.812 E23.31028
G1 F655.7 X183.207 Y50.958 E23.34319
G1 F654.5 X182.55 Y50.887 E23.37342
G1 F655.7 X181.997 Y50.68 E23.40037
M204 S2000
G0 F6000 X182.125 Y50.225
M204 S500
G1 F900 X181.672 Y49.828 E23.4204
G1 X181.534 Y49.651 E23.42787
G1 X181.323 Y49.237 E23.44332
G1 X181.21 Y48.668 E23.46262
G1 X181.224 Y48.324 E23.47407
G1 X181.344 Y47.862 E23.48995
G1 X181.604 Y47.397 E23.50767
G1 X182.068 Y46.97 E23.52864
G1 X182.657 Y46.715 E23.54999
G1 X183.207 Y46.669 E23.56834
G1 X183.495 Y46.706 E23.578
G1 X184.022 Y46.893 E23.5966
G1 X184.509 Y47.279 E23.61727
G1 X184.805 Y47.707 E23.63458
G1 X184.937 Y48.034 E23.64631
G1 X185.039 Y48.66 E23.6674
G1 X184.881 Y49.261 E23.68807
G1 X184.627 Y49.753 E23.70649
G1 X184.167 Y50.15 E23.72669
G1 X183.772 Y50.356 E23.74151
G1 X183.172 Y50.476 E23.76186
G1 X182.639 Y50.412 E23.77972
G1 X182.125 Y50.225 E23.79791
M204 S2000
G0 F6000 X182.329 Y49.874
M204 S500
;TYPE:WALL-OUTER
G1 F900 X181.907 Y49.503 E23.8166
G1 X181.717 Y49.129 E23.83055
G1 X181.609 Y48.635 E23.84737
G1 X181.62 Y48.376 E23.85599
G1 X181.714 Y48.016 E23.86837
G1 X181.938 Y47.633 E23.88312
G1 X182.291 Y47.311 E23.89902
G1 X182.749 Y47.111 E23.91564
G1 X183.18 Y47.069 E23.93004
G1 X183.416 Y47.1 E23.93796
G1 X183.838 Y47.257 E23.95293
G1 X184.202 Y47.54 E23.96827
G1 X184.455 Y47.901 E23.98293
G1 X184.546 Y48.135 E23.99128
G1 X184.626 Y48.627 E24.00786
G1 X184.507 Y49.117 E24.02463
G1 X184.308 Y49.5 E24.03899
G1 X183.934 Y49.824 E24.05545
G1 X183.652 Y49.969 E24.06599
G1 X183.155 Y50.069 E24.08285
G1 X182.736 Y50.024 E24.09687
G1 X182.329 Y49.874 E24.1113
M204 S2000
G1 F2400 E23.3113
G0 F6000 X181.866 Y50.396
G0 X180.249 Y48.543
G0 X180.409 Y47.527
G0 X169.975 Y45.169
G0 X169.11 Y42.443
G0 X167.308 Y39.876
G0 X165.064 Y38.406
G0 X162.839 Y40.652
G0 X166.364 Y42.144
G0 X165.754 Y45.203
G0 X163.647 Y45.599
G0 X163.605 Y44.9
M204 S500
G1 F2400 E24.1113
G1 F900 X163.166 Y44.758 E24.12664
G1 X162.931 Y44.622 E24.13567
G1 X162.568 Y44.265 E24.15261
G1 X162.314 Y43.776 E24.17093
G1 X162.297 Y43.243 E24.18867
G1 X162.347 Y42.99 E24.19725
G1 X162.539 Y42.565 E24.21276
G1 X162.768 Y42.293 E24.22459
G1 X162.955 Y42.145 E24.23252
G1 X163.326 Y41.966 E24.24622
G1 X163.635 Y41.902 E24.25671
G1 X164.004 Y41.909 E24.26899
G1 X164.331 Y41.991 E24.2802
G1 X164.567 Y42.107 E24.28895
G1 X164.936 Y42.424 E24.30513
G1 X165.16 Y42.779 E24.31909
G1 X165.297 Y43.215 E24.33429
G1 X165.262 Y43.684 E24.34993
G1 X165.189 Y43.939 E24.35875
G1 X164.962 Y44.331 E24.37382
G1 X164.807 Y44.498 E24.3814
G1 X164.495 Y44.718 E24.3941
G1 X164.032 Y44.875 E24.41036
G1 X163.605 Y44.9 E24.42458
M204 S2000
G1 F2400 E23.62458
G0 F6000 X163.647 Y45.599
G0 X161.295 Y43.332
G0 X161.265 Y42.108
G0 X158.442 Y44.666
G0 X159.706 Y46.487
G0 X156.154 Y52.061
G0 X156.154 Y52.443
M204 S500
G1 F2400 E24.42458
G1 F900 X160.297 Y48.299 E24.61948
G1 X160.51 Y48.314 E24.62658
G1 X162.516 Y50.318 E24.72089
G1 X163.05 Y49.87 E24.74408
G1 X163.514 Y49.541 E24.76299
G1 X163.769 Y49.382 E24.77299
G1 X164.278 Y49.109 E24.7922
G1 X164.826 Y48.871 E24.81207
G1 X165.345 Y48.695 E24.8303
G1 X165.929 Y48.547 E24.85034
G1 X166.511 Y48.453 E24.86995
G1 X167.085 Y48.408 E24.88909
G1 X167.379 Y48.403 E24.89887
G1 X167.673 Y48.41 E24.90866
G1 X168.263 Y48.462 E24.92836
G1 X168.538 Y48.504 E24.93761
G1 X169.101 Y48.625 E24.95676
G1 X181.119 Y51.844 E25.37057
G1 X181.848 Y52.153 E25.39691
G1 X182.171 Y52.251 E25.40813
G1 X182.542 Y52.331 E25.42076
G1 X182.931 Y52.366 E25.43375
G1 X183.264 Y52.367 E25.44482
G1 X183.554 Y52.343 E25.4545
G1 X183.888 Y52.288 E25.46576
G1 X184.256 Y52.196 E25.47838
G1 X184.642 Y52.046 E25.49215
G1 X184.905 Y51.917 E25.50189
G1 X185.185 Y51.752 E25.5127
G1 X185.448 Y51.564 E25.52345
G1 X185.675 Y51.373 E25.53332
G1 X185.889 Y51.161 E25.54334
G1 X186.16 Y50.842 E25.55726
G1 X186.416 Y50.449 E25.57286
G1 X186.601 Y50.066 E25.58701
G1 X186.713 Y49.776 E25.59735
G1 X186.797 Y49.484 E25.60745
G1 X186.864 Y49.154 E25.61865
G1 X186.907 Y48.708 E25.63356
G1 X186.905 Y48.321 E25.64643
G1 X186.84 Y47.837 E25.66267
G1 X186.744 Y47.463 E25.67551
G1 X186.633 Y47.148 E25.68662
G1 X186.504 Y46.862 E25.69706
G1 X186.366 Y46.612 E25.70656
G1 X186.181 Y46.333 E25.71769
G1 X185.994 Y46.097 E25.7277
G1 X185.776 Y45.863 E25.73834
G1 X185.535 Y45.646 E25.74913
G1 X185.284 Y45.454 E25.75964
G1 X185.009 Y45.279 E25.77048
G1 X184.728 Y45.132 E25.78103
G1 X184.453 Y45.016 E25.79095
G1 X184.071 Y44.89 E25.80433
G1 X183.612 Y44.798 E25.8199
G1 X183.199 Y44.771 E25.83367
G1 X182.885 Y44.776 E25.84411
G1 X182.506 Y44.814 E25.85678
G1 X182.11 Y44.903 E25.87028
G1 X181.828 Y44.992 E25.88012
G1 X181.522 Y45.117 E25.89111
G1 X181.186 Y45.288 E25.90365
G1 X180.856 Y45.51 E25.91688
G1 X180.6 Y45.715 E25.92779
G1 X180.401 Y45.897 E25.93676
G1 X180.109 Y46.11 E25.94878
G1 X179.79 Y46.268 E25.96062
G1 X179.452 Y46.374 E25.9724
G1 X179.022 Y46.429 E25.98682
G1 X178.594 Y46.404 E26.00108
G1 X171.486 Y44.502 E26.24581
G1 X171.002 Y44.278 E26.26355
G1 X170.547 Y43.722 E26.28744
G1 X170.43 Y43.248 E26.30368
G1 X170.419 Y42.95 E26.3136
G1 X170.521 Y42.495 E26.32911
G1 X170.642 Y42.253 E26.33811
G1 X170.732 Y42.135 E26.34304
G1 X168.711 Y40.105 E26.43832
G1 X168.684 Y40.031 E26.44094
G1 X168.728 Y39.87 E26.44649
G1 X172.84 Y35.756 E26.63995
G1 X171.427 Y34.343 E26.70641
G1 X167.282 Y38.487 E26.90136
G1 X167.071 Y38.472 E26.90839
G1 X165.064 Y36.465 E27.0028
G1 X156.862 Y44.666 E27.38857
G1 X158.857 Y46.663 E27.48246
G1 X158.899 Y46.796 E27.4871
G1 X158.841 Y46.929 E27.49192
G1 X154.741 Y51.03 E27.6848
G1 X156.154 Y52.443 E27.75126
M204 S2000
G0 F6000 X156.154 Y52.061
G0 X160.396 Y47.878
G0 X161.094 Y48.568
G0 X162.789 Y48.468
G0 X162.651 Y48.247
M204 S500
;TYPE:SKIN
G1 F900 X161.529 Y47.131 E27.80389
G1 X161.241 Y46.936 E27.81546
G1 X160.798 Y46.752 E27.83142
G1 X160.454 Y46.729 E27.84288
G1 X160.442 Y46.533 E27.84942
G1 X160.31 Y46.028 E27.86678
G1 X160.026 Y45.623 E27.88323
G1 X159.069 Y44.667 E27.92822
G1 X160.758 Y42.979 E28.00764
G1 X160.735 Y43.332 E28.01941
G1 X160.754 Y43.799 E28.03495
G1 X160.881 Y44.403 E28.05548
G1 X161.184 Y44.989 E28.07742
G1 X161.362 Y45.27 E28.08849
G1 X161.874 Y45.782 E28.11257
G1 X162.15 Y45.972 E28.12371
G1 X162.434 Y46.137 E28.13464
G1 X162.709 Y46.256 E28.1446
G1 X163.081 Y46.376 E28.1576
G1 X163.46 Y46.454 E28.17047
G1 X163.741 Y46.458 E28.17982
G1 X164.269 Y46.421 E28.19743
G1 X164.54 Y46.351 E28.20673
G1 X165.003 Y46.195 E28.22298
G1 X165.324 Y46.041 E28.23483
G1 X165.83 Y45.683 E28.25544
G1 X166.16 Y45.334 E28.27142
G1 X166.336 Y45.082 E28.28164
G1 X166.577 Y44.652 E28.29804
G1 X166.686 Y44.379 E28.30781
G1 X166.806 Y43.956 E28.32244
G1 X166.856 Y43.314 E28.34385
G1 X166.844 Y43.012 E28.35391
G1 X166.786 Y42.738 E28.36322
G1 X166.662 Y42.342 E28.37702
G1 X166.548 Y42.067 E28.38693
G1 X166.201 Y41.501 E28.40901
G1 X165.987 Y41.269 E28.4195
G1 X165.488 Y40.837 E28.44146
G1 X164.939 Y40.544 E28.46215
G1 X164.384 Y40.397 E28.48125
G1 X163.985 Y40.344 E28.49464
G1 X163.623 Y40.342 E28.50668
G1 X163.364 Y40.371 E28.51535
G1 X165.065 Y38.673 E28.59529
G1 X165.984 Y39.59 E28.63847
G1 X166.359 Y39.857 E28.65378
G1 X166.605 Y39.965 E28.66271
G1 X166.896 Y40.039 E28.6727
G1 X167.128 Y40.056 E28.68044
G1 X167.144 Y40.291 E28.68827
G1 X167.309 Y40.824 E28.70683
G1 X167.55 Y41.153 E28.72039
G1 X168.905 Y42.515 E28.78429
G1 X168.86 Y42.913 E28.79761
G1 X168.879 Y43.479 E28.81645
G1 X169.064 Y44.219 E28.84182
G1 X169.254 Y44.602 E28.85604
G1 X169.816 Y45.292 E28.88564
G1 X170.105 Y45.548 E28.89848
G1 X170.385 Y45.713 E28.90929
G1 X170.788 Y45.903 E28.92411
G1 X171.08 Y46.009 E28.93444
G1 X178.166 Y47.908 E29.17844
G1 X178.441 Y47.957 E29.18773
G1 X179.025 Y47.996 E29.2072
G1 X179.721 Y47.915 E29.2305
G1 X180.157 Y47.789 E29.2456
G1 X180.08 Y48.091 E29.25596
G1 X180.05 Y48.525 E29.27043
G1 X180.054 Y48.808 E29.27984
G1 X180.175 Y49.411 E29.3003
G1 X180.318 Y49.82 E29.31471
G1 X180.429 Y50.044 E29.32303
G1 X169.431 Y47.101 E29.70169
G1 X168.819 Y46.97 E29.72251
G1 X168.504 Y46.92 E29.73312
G1 X167.805 Y46.855 E29.75646
G1 X167.419 Y46.843 E29.76931
G1 X166.961 Y46.852 E29.78455
G1 X166.387 Y46.897 E29.8037
G1 X165.668 Y47.009 E29.8279
G1 X164.971 Y47.178 E29.85175
G1 X164.311 Y47.398 E29.87489
G1 X163.646 Y47.682 E29.89894
G1 X163.024 Y48.009 E29.92231
G1 X162.651 Y48.247 E29.93703
M204 S2000
G0 F6000 X162.79 Y48.467
G0 X160.736 Y47.007
G0 X160.837 Y46.569
M204 S500
G1 F900 X160.596 Y46.328 E29.94837
M204 S2000
G0 F6000 X160.153 Y46.446
G0 X158.802 Y44.666
G0 X161.079 Y42.416
G0 X161.372 Y44.788
G0 X160.964 Y44.998
M204 S500
G1 F900 X159.992 Y44.026 E29.99409
M204 S2000
G0 F6000 X160.274 Y43.743
M204 S500
G1 F900 X160.605 Y44.073 E30.00963
M204 S2000
G0 F6000 X159.709 Y44.309
M204 S500
G1 F900 X163.127 Y47.727 E30.1704
M204 S2000
G0 F6000 X162.768 Y47.934
M204 S500
G1 F900 X159.426 Y44.592 E30.3276
M204 S2000
G0 F6000 X159.102 Y44.267
G0 X161.079 Y42.416
G0 X162.424 Y45.831
G0 X162.195 Y46.229
M204 S500
G1 F900 X163.497 Y47.532 E30.38887
M204 S2000
G0 F6000 X163.891 Y47.359
M204 S500
G1 F900 X163.118 Y46.587 E30.4252
M204 S2000
G0 F6000 X163.752 Y46.655
M204 S500
G1 F900 X164.289 Y47.193 E30.45049
M204 S2000
G0 F6000 X164.714 Y47.051
M204 S500
G1 F900 X164.284 Y46.621 E30.47071
M204 S2000
G0 F6000 X164.726 Y46.498
M204 S500
G1 F900 X165.155 Y46.927 E30.49089
M204 S2000
G0 F6000 X165.611 Y46.817
M204 S500
G1 F900 X165.144 Y46.35 E30.51286
M204 S2000
G0 F6000 X165.511 Y46.152
M204 S500
G1 F900 X166.097 Y46.738 E30.54042
M204 S2000
G0 F6000 X166.603 Y46.678
M204 S500
G1 F900 X165.841 Y45.916 E30.57626
M204 S2000
G0 F6000 X166.137 Y45.646
M204 S500
G1 F900 X167.138 Y46.647 E30.62335
M204 S2000
G0 F6000 X167.708 Y46.651
M204 S500
G1 F900 X166.398 Y45.341 E30.68496
M204 S2000
G0 F6000 X166.613 Y44.991
M204 S500
G1 F900 X168.324 Y46.702 E30.76545
M204 S2000
G0 F6000 X168.99 Y46.801
M204 S500
G1 F900 X166.805 Y44.617 E30.8682
M204 S2000
G0 F6000 X166.947 Y44.194
M204 S500
G1 F900 X169.726 Y46.972 E30.99889
M204 S2000
G0 F6000 X170.498 Y47.178
M204 S500
G1 F900 X167.023 Y43.704 E31.16232
M204 S2000
G0 F6000 X167.049 Y43.164
M204 S500
G1 F900 X171.271 Y47.386 E31.36091
M204 S2000
G0 F6000 X172.043 Y47.592
M204 S500
G1 F900 X170.383 Y45.932 E31.43899
M204 S2000
G0 F6000 X171.285 Y46.268
M204 S500
G1 F900 X172.816 Y47.799 E31.511
M204 S2000
G0 F6000 X173.588 Y48.006
M204 S500
G1 F900 X172.058 Y46.476 E31.58297
M204 S2000
G0 F6000 X172.831 Y46.683
M204 S500
G1 F900 X174.361 Y48.213 E31.65494
M204 S2000
G0 F6000 X175.133 Y48.419
M204 S500
G1 F900 X173.604 Y46.891 E31.72683
M204 S2000
G0 F6000 X174.378 Y47.098
M204 S500
G1 F900 X175.906 Y48.627 E31.79873
M204 S2000
G0 F6000 X176.678 Y48.833
M204 S500
G1 F900 X175.151 Y47.306 E31.87055
M204 S2000
G0 F6000 X175.924 Y47.514
M204 S500
G1 F900 X177.45 Y49.039 E31.94231
M204 S2000
G0 F6000 X178.223 Y49.247
M204 S500
G1 F900 X176.697 Y47.721 E32.01409
M204 S2000
G0 F6000 X177.47 Y47.928
M204 S500
G1 F900 X178.995 Y49.453 E32.08582
M204 S2000
G0 F6000 X179.768 Y49.66
M204 S500
G1 F900 X178.229 Y48.122 E32.15819
M204 S2000
G0 F6000 X178.859 Y48.185
M204 S500
G1 F900 X179.941 Y49.268 E32.2091
M204 S2000
G0 F6000 X179.852 Y48.613
M204 S500
G1 F900 X179.396 Y48.157 E32.23055
M204 S2000
G0 F6000 X179.341 Y47.698
G0 X171.252 Y45.099
G0 X169.421 Y44.355
G0 X169.009 Y44.558
M204 S500
G1 F900 X166.905 Y42.454 E32.32952
M204 S2000
G0 F6000 X166.467 Y42.589
G0 X163.283 Y40.581
G0 X162.839 Y40.652
G0 X165.064 Y38.406
G0 X167.308 Y39.876
G0 X167.677 Y40.885
G0 X167.306 Y41.158
M204 S500
G1 F900 X165.983 Y39.835 E32.39175
M204 S2000
G0 F6000 X166.249 Y39.464
G0 X165.064 Y38.406
G0 X162.839 Y40.652
G0 X164.613 Y40.722
G0 X164.729 Y40.278
M204 S500
G1 F900 X164.234 Y39.783 E32.41503
M204 S2000
G0 F6000 X164.517 Y39.501
M204 S500
G1 F900 X168.734 Y43.718 E32.61339
M204 S2000
G0 F6000 X168.666 Y43.084
M204 S500
G1 F900 X164.8 Y39.218 E32.79523
M204 S2000
G0 F6000 X164.476 Y38.893
G0 X163.627 Y39.741
G0 X163.951 Y40.066
M204 S500
G1 F900 X164.033 Y40.148 E32.79909
M204 S2000
G0 F6000 X163.939 Y40.903
G1 F2400 E31.99909
;MESH:part_3.stl
G0 F6000 X165.119 Y42.262
G0 X165.385 Y42.688
G0 X166.01 Y45.2
G0 X161.513 Y45.138
G0 X161.079 Y42.416
G0 X158.802 Y44.666
G0 X160.273 Y46.91
G0 X162.625 Y48.491
G0 X165.424 Y47.669
G0 X168.272 Y48.243
G0 X168.154 Y49.32
G0 X168.258 Y53.48
G0 X168.256 Y54.565
G0 X170.427 Y55.612
M204 S500
;TYPE:WALL-INNER
G1 F2400 E32.79909
G1 F696.3 X170.679 Y55.602 E32.80993
G1 F680.5 X171.325 Y55.629 E32.83837
M204 S2000
G0 F6000 X169.399 Y56.705
G0 X169.004 Y57.148
G0 X168.022 Y59.142
G0 X169.539 Y60.957
G0 X165.772 Y61.538
M204 S500
G1 F900 X175.769 Y61.563 E33.17087
G1 X175.779 Y59.47 E33.24049
G1 X175.83 Y59.236 E33.24845
G1 X175.968 Y58.974 E33.2583
G1 X176.101 Y58.825 E33.26494
G1 X176.361 Y58.654 E33.27529
G1 X176.78 Y58.566 E33.28953
G1 F902.3 X181.778 Y58.576 E33.45535
G1 X181.779 Y58.177 E33.46859
G1 X176.78 Y58.166 E33.63444
G1 F900 X176.362 Y58.075 E33.64867
G1 X176.104 Y57.902 E33.659
G1 X175.972 Y57.752 E33.66565
G1 X175.827 Y57.462 E33.67643
G1 X175.783 Y57.27 E33.68298
G1 X175.786 Y55.164 E33.75303
G1 X165.788 Y55.14 E34.08557
G1 X165.784 Y57.147 E34.15232
G1 X165.731 Y57.459 E34.16284
G1 X165.589 Y57.73 E34.17302
G1 X165.455 Y57.878 E34.17966
G1 X165.196 Y58.049 E34.18998
G1 F895.5 X164.867 Y58.136 E34.20136
G1 X159.78 Y58.126 E34.3714
G1 F900 X159.779 Y58.525 E34.38467
G1 F895.5 X164.865 Y58.538 E34.55468
G1 X165.194 Y58.627 E34.56607
G1 F900 X165.452 Y58.799 E34.57638
G1 X165.703 Y59.163 E34.59109
G1 X165.775 Y59.518 E34.60314
G1 X165.772 Y61.538 E34.67032
M204 S2000
G0 F6000 X165.371 Y61.938
M204 S500
G1 F900 X176.169 Y61.964 E35.02947
G1 X176.177 Y59.508 E35.11115
G1 X176.208 Y59.368 E35.11592
G1 X176.37 Y59.121 E35.12575
G1 X176.526 Y59.019 E35.13195
G1 X176.779 Y58.966 E35.14054
G1 X182.176 Y58.976 E35.32005
G1 X182.18 Y57.778 E35.3599
G1 X176.781 Y57.766 E35.53947
G1 X176.53 Y57.711 E35.54801
G1 X176.296 Y57.518 E35.5581
G1 X176.189 Y57.255 E35.56755
G1 X176.187 Y54.765 E35.65036
G1 X165.389 Y54.739 E36.00951
G1 X165.384 Y57.143 E36.08946
G1 X165.346 Y57.348 E36.0964
G1 X165.187 Y57.582 E36.10581
G1 X165.031 Y57.684 E36.11201
G1 X164.833 Y57.736 E36.11882
G1 X159.381 Y57.725 E36.30015
G1 X159.377 Y58.924 E36.34003
G1 X164.829 Y58.938 E36.52137
G1 X165.027 Y58.991 E36.52818
G1 X165.261 Y59.184 E36.53827
G1 X165.375 Y59.436 E36.54747
G1 X165.371 Y61.938 E36.63069
M204 S2000
G0 F6000 X165.642 Y61.67
G0 X166.173 Y61.139
M204 S500
G1 F891.1 X169.836 Y61.144 E36.75374
G1 F740.7 X170.212 Y61.068 E36.76924
G1 X169.871 Y60.891 E36.78477
G1 F891.1 X169.56 Y60.758 E36.79613
G1 F900 X169.325 Y60.625 E36.80511
G1 X169.081 Y60.447 E36.81516
G1 X168.879 Y60.266 E36.82418
G1 X168.658 Y60.013 E36.83535
G1 X168.365 Y59.58 E36.85274
G1 X168.167 Y59.056 E36.87137
G1 X168.06 Y58.379 E36.89417
G1 X168.075 Y58.042 E36.90539
G1 X168.246 Y57.432 E36.92646
G1 X168.34 Y57.192 E36.93503
G1 X168.459 Y56.97 E36.94341
G1 X168.646 Y56.704 E36.95422
G1 X168.898 Y56.421 E36.96683
G1 X169.206 Y56.164 E36.98017
G1 X169.525 Y55.966 E36.99265
G1 X169.926 Y55.797 E37.00713
G1 F775.9 X170.427 Y55.612 E37.02773
G1 X169.896 Y55.551 E37.04835
G1 F900 X166.187 Y55.541 E37.17172
G1 X166.184 Y57.151 E37.22527
G1 X166.145 Y57.511 E37.23731
G1 X165.973 Y57.898 E37.2514
G1 X165.724 Y58.175 E37.26378
G1 X165.474 Y58.339 E37.27373
G1 X165.723 Y58.505 E37.28368
G1 X165.909 Y58.714 E37.29299
G1 X166.126 Y59.106 E37.30789
G1 X166.175 Y59.511 E37.32146
G1 X166.173 Y61.139 E37.37561
M204 S2000
G0 F6000 X169.539 Y60.957
G0 X169.854 Y60.465
M204 S500
G1 F900 X169.431 Y60.225 E37.39178
G1 X169.057 Y59.888 E37.40853
G1 X168.72 Y59.393 E37.42844
G1 X168.537 Y58.89 E37.44625
G1 X168.451 Y58.214 E37.46891
G1 X168.63 Y57.543 E37.49201
G1 X168.854 Y57.07 E37.50942
G1 X169.197 Y56.688 E37.52649
G1 X169.416 Y56.504 E37.536
G1 X169.736 Y56.306 E37.54852
G1 X170.022 Y56.185 E37.55885
G1 X170.592 Y56.048 E37.57835
G1 X171.285 Y56.103 E37.60147
G1 X171.711 Y56.24 E37.61635
G1 X172.096 Y56.469 E37.63125
G1 X172.327 Y56.658 E37.64118
G1 X172.613 Y56.975 E37.65538
G1 X172.769 Y57.206 E37.66465
G1 X173.047 Y57.789 E37.68613
G1 X173.078 Y58.471 E37.70884
G1 X172.983 Y59.084 E37.72947
G1 X172.698 Y59.632 E37.75002
G1 X172.469 Y59.922 E37.76231
G1 X172.099 Y60.245 E37.77864
G1 X171.76 Y60.44 E37.79165
G1 X171.219 Y60.62 E37.81061
G1 X170.611 Y60.641 E37.83085
G1 X170.342 Y60.604 E37.83988
G1 X169.854 Y60.465 E37.85675
M204 S2000
G0 F6000 X170.015 Y60.096
M204 S500
G1 F900 X169.668 Y59.899 E37.87003
G1 X169.356 Y59.618 E37.88399
G1 X169.064 Y59.174 E37.90167
G1 X168.935 Y58.813 E37.91442
G1 X168.855 Y58.24 E37.93366
G1 X169.032 Y57.593 E37.95597
G1 X169.197 Y57.289 E37.96747
G1 X169.553 Y56.89 E37.98526
G1 X170.028 Y56.596 E38.00384
G1 X170.624 Y56.451 E38.02424
G1 X171.251 Y56.502 E38.04516
G1 X171.507 Y56.584 E38.0541
G1 X171.971 Y56.861 E38.07208
G1 X172.373 Y57.306 E38.09202
G1 X172.65 Y57.873 E38.11301
G1 X172.679 Y58.445 E38.13206
G1 X172.61 Y58.922 E38.14809
G1 X172.343 Y59.447 E38.16768
G1 X172.206 Y59.621 E38.17505
G1 X171.836 Y59.944 E38.19138
G1 X171.633 Y60.061 E38.19918
G1 X171.144 Y60.217 E38.21625
G1 X170.54 Y60.244 E38.23636
G1 X170.015 Y60.096 E38.2545
M204 S2000
G0 F6000 X170.212 Y61.068
M204 S500
G1 F667.9 X170.61 Y61.098 E38.27239
G1 F676.7 X171.292 Y61.079 E38.30257
M204 S2000
G0 F6000 X171.275 Y61.076
M204 S500
G1 F767.6 X171.521 Y61.122 E38.31233
G1 F835.3 X171.942 Y61.154 E38.32746
G1 F900 X175.37 Y61.162 E38.44147
G1 X175.379 Y59.45 E38.49842
G1 X175.452 Y59.104 E38.51018
G1 X175.645 Y58.737 E38.52397
G1 X175.832 Y58.529 E38.53327
G1 X176.084 Y58.363 E38.54331
G1 X175.833 Y58.196 E38.55334
G1 X175.648 Y57.987 E38.56262
G1 X175.444 Y57.58 E38.57776
G1 X175.388 Y57.297 E38.58736
G1 X175.385 Y55.563 E38.64503
G1 X172.009 Y55.556 E38.75732
G1 F756.3 X171.325 Y55.629 E38.78454
G1 X171.916 Y55.896 E38.81021
G1 F900 X172.3 Y56.125 E38.82508
G1 X172.624 Y56.39 E38.839
G1 X172.91 Y56.707 E38.8532
G1 X173.128 Y57.03 E38.86616
G1 X173.396 Y57.596 E38.88699
G1 X173.45 Y57.895 E38.8971
G1 X173.483 Y58.451 E38.91562
G1 X173.412 Y58.962 E38.93278
G1 X173.337 Y59.272 E38.94339
G1 X173.053 Y59.818 E38.96386
G1 X172.733 Y60.224 E38.98106
G1 X172.363 Y60.546 E38.99737
G1 X171.888 Y60.819 E39.01559
G1 F823.8 X171.275 Y61.076 E39.03974
M204 S2000
G1 F2400 E38.23974
G0 F6000 X169.802 Y60.32
G0 X170.153 Y59.714
M204 S500
;TYPE:WALL-OUTER
G1 F2400 E39.03974
G1 F900 X169.919 Y59.581 E39.0487
G1 X169.651 Y59.338 E39.06073
G1 X169.418 Y58.984 E39.07482
G1 X169.323 Y58.717 E39.08425
G1 X169.259 Y58.273 E39.09917
G1 X169.399 Y57.764 E39.11673
G1 X169.541 Y57.503 E39.12661
G1 X169.813 Y57.199 E39.14018
G1 X170.184 Y56.969 E39.1547
G1 X170.641 Y56.857 E39.17035
G1 X171.26 Y56.903 E39.19099
G1 X171.714 Y57.173 E39.20856
G1 X172.037 Y57.531 E39.2246
G1 X172.252 Y57.983 E39.24124
G1 X172.279 Y58.42 E39.25581
G1 X172.221 Y58.806 E39.26879
G1 X171.973 Y59.293 E39.28697
G1 X171.543 Y59.669 E39.30596
G1 X171.076 Y59.823 E39.32232
G1 X170.586 Y59.842 E39.33863
G1 X170.153 Y59.714 E39.35365
M204 S2000
G1 F2400 E38.55365
G0 F6000 X169.802 Y60.32
G0 X169.889 Y61.044
G0 X165.241 Y62.069
G0 X164.97 Y62.337
M204 S500
G1 F2400 E39.35365
G1 F900 X176.568 Y62.365 E39.7394
G1 X176.575 Y59.546 E39.83316
G1 X176.64 Y59.417 E39.83796
G1 X176.778 Y59.366 E39.84286
G1 X182.575 Y59.378 E40.03567
G1 X182.582 Y57.379 E40.10215
G1 X176.72 Y57.366 E40.29713
G1 X176.62 Y57.284 E40.30143
G1 X176.583 Y57.185 E40.30494
G1 X176.588 Y54.366 E40.3987
G1 X164.989 Y54.338 E40.78449
G1 X164.984 Y57.189 E40.87931
G1 X164.918 Y57.286 E40.88322
G1 X164.8 Y57.337 E40.88749
G1 X158.983 Y57.324 E41.08097
G1 X158.976 Y59.323 E41.14745
G1 X164.837 Y59.337 E41.34239
G1 X164.971 Y59.493 E41.34923
G1 X164.97 Y62.337 E41.44382
M204 S2000
G0 F6000 X165.241 Y62.069
G0 X166.274 Y60.778
G0 X166.533 Y60.779
M204 S500
;TYPE:SKIN
G1 F900 X166.536 Y59.517 E41.4858
G1 X166.475 Y58.995 E41.50328
G1 X166.218 Y58.527 E41.52104
G1 X166.057 Y58.343 E41.52917
G1 X166.217 Y58.16 E41.53725
G1 X166.487 Y57.657 E41.55624
G1 X166.544 Y57.172 E41.57248
G1 X166.548 Y55.902 E41.61472
G1 X168.951 Y55.909 E41.69465
G1 X168.625 Y56.185 E41.70885
G1 X168.375 Y56.465 E41.72134
G1 X168.154 Y56.777 E41.73406
G1 X168.007 Y57.052 E41.74443
G1 X167.905 Y57.311 E41.75369
G1 X167.724 Y57.967 E41.77632
G1 X167.7 Y58.396 E41.79061
G1 X167.805 Y59.119 E41.81491
G1 X168.057 Y59.77 E41.83813
G1 X168.36 Y60.215 E41.85603
G1 X168.64 Y60.536 E41.8702
G1 X168.92 Y60.786 E41.88269
G1 X166.533 Y60.779 E41.96208
M204 S2000
G0 F6000 X166.732 Y60.384
M204 S500
G1 F900 X166.928 Y60.579 E41.97127
M204 S2000
G0 F6000 X167.495 Y60.581
M204 S500
G1 F900 X166.734 Y59.819 E42.00709
M204 S2000
G0 F6000 X166.701 Y59.22
M204 S500
G1 F900 X168.063 Y60.583 E42.07118
M204 S2000
G0 F6000 X167.848 Y59.802
M204 S500
G1 F900 X166.36 Y58.314 E42.14117
M204 S2000
G0 F6000 X166.559 Y57.947
M204 S500
G1 F900 X167.581 Y58.969 E42.18924
M204 S2000
G0 F6000 X167.499 Y58.322
M204 S500
G1 F900 X166.705 Y57.528 E42.22659
M204 S2000
G0 F6000 X166.742 Y56.999
M204 S500
G1 F900 X167.558 Y57.815 E42.26497
M204 S2000
G0 F6000 X167.681 Y57.372
M204 S500
G1 F900 X166.744 Y56.436 E42.30902
M204 S2000
G0 F6000 X166.978 Y56.103
M204 S500
G1 F900 X167.831 Y56.957 E42.34917
M204 S2000
G0 F6000 X168.036 Y56.596
M204 S500
G1 F900 X167.545 Y56.105 E42.37226
M204 S2000
G0 F6000 X168.112 Y56.106
M204 S500
G1 F900 X168.278 Y56.272 E42.38007
M204 S2000
G0 F6000 X168.621 Y56.58
G0 X168.607 Y58.226
G0 X168.7 Y58.869
G0 X168.851 Y59.298
G0 X169.181 Y59.784
G0 X169.524 Y60.09
G0 X169.924 Y60.32
G0 X172.008 Y60.964
G0 X172.627 Y61.055
G0 X172.628 Y60.794
M204 S500
G1 F900 X172.995 Y60.469 E42.39638
G1 X173.356 Y60.012 E42.41575
G1 X173.651 Y59.45 E42.43686
G1 X173.754 Y59.13 E42.44804
G1 X173.844 Y58.478 E42.46993
G1 X173.809 Y57.87 E42.49019
G1 X173.761 Y57.581 E42.49993
G1 X173.644 Y57.261 E42.51126
G1 X173.453 Y56.872 E42.52568
G1 X173.195 Y56.488 E42.54106
G1 X172.89 Y56.146 E42.5563
G1 X172.612 Y55.918 E42.56826
G1 X175.024 Y55.924 E42.64849
G1 X175.026 Y57.357 E42.69615
G1 X175.13 Y57.823 E42.71203
G1 X175.366 Y58.213 E42.72719
G1 X175.502 Y58.365 E42.73397
G1 X175.285 Y58.599 E42.74459
G1 X175.117 Y58.966 E42.75801
G1 X175.022 Y59.396 E42.77266
G1 X175.012 Y60.801 E42.81939
G1 X172.628 Y60.794 E42.89868
M204 S2000
G0 F6000 X173.406 Y60.269
M204 S500
G1 F900 X173.733 Y60.596 E42.91406
M204 S2000
G0 F6000 X174.301 Y60.598
M204 S500
G1 F900 X173.628 Y59.925 E42.94572
M204 S2000
G0 F6000 X173.822 Y59.553
M204 S500
G1 F900 X174.813 Y60.544 E42.99233
M204 S2000
G0 F6000 X174.818 Y59.983
M204 S500
G1 F900 X173.955 Y59.121 E43.0329
M204 S2000
G0 F6000 X174.024 Y58.624
M204 S500
G1 F900 X174.822 Y59.422 E43.07044
M204 S2000
G0 F6000 X174.912 Y58.946
M204 S500
G1 F900 X174.02 Y58.054 E43.1124
M204 S2000
G0 F6000 X173.888 Y57.357
M204 S500
G1 F900 X175.085 Y58.554 E43.1687
M204 S2000
G0 F6000 X174.925 Y57.828
M204 S500
G1 F900 X173.216 Y56.119 E43.24908
M204 S2000
G0 F6000 X173.783 Y56.12
M204 S500
G1 F900 X174.827 Y57.164 E43.29819
M204 S2000
G0 F6000 X174.825 Y56.596
M204 S500
G1 F900 X174.351 Y56.123 E43.32046
M204 S2000
G0 F6000 X174.352 Y55.362
G1 F2400 E42.52046
;MESH:part_1.stl
G0 F6000 X176.373 Y54.578
G0 X176.375 Y53.498
G0 X183.673 Y53.2
G0 X184.522 Y53.021
G0 X185.655 Y52.478
G0 X186.533 Y51.739
G0 X187.176 Y50.864
G0 X187.637 Y49.691
G0 X187.771 Y48.741
G0 X187.693 Y47.674
G0 X187.285 Y46.489
G0 X186.65 Y45.531
G0 X180.058 Y39.512
G0 X180.31 Y38.273
M204 S500
;TYPE:WALL-INNER
G1 F2400 E43.32046
G1 F927.8 X180.428 Y38.309 E43.32444
G1 F851.1 X180.853 Y38.364 E43.33952
G1 F789.5 X181.167 Y38.357 E43.35143
M204 S2000
G0 F6000 X183.531 Y37.589
M204 S500
G1 F900 X195.097 Y37.591 E43.73611
G1 X194.906 Y37.189 E43.75092
G1 X194.808 Y36.901 E43.76103
G1 X194.707 Y36.457 E43.77618
G1 X194.675 Y36.085 E43.7886
G1 X194.696 Y35.624 E43.80395
G1 X194.74 Y35.33 E43.81383
G1 X194.85 Y34.92 E43.82795
G1 X195.09 Y34.396 E43.84712
G1 X183.531 Y34.396 E44.23158
G1 X183.665 Y34.649 E44.2411
G1 X183.826 Y35.037 E44.25507
G1 X183.92 Y35.454 E44.26929
G1 X183.953 Y35.762 E44.27959
G1 X183.953 Y36.217 E44.29472
G1 X183.922 Y36.514 E44.30465
G1 X183.841 Y36.888 E44.31738
G1 X183.714 Y37.239 E44.3298
G1 X183.531 Y37.589 E44.34293
M204 S2000
G0 F6000 X182.697 Y37.989
M204 S500
G1 F900 X195.948 Y37.992 E44.78366
G1 X195.652 Y37.697 E44.79756
G1 X195.454 Y37.414 E44.80905
G1 X195.223 Y36.923 E44.8271
G1 X195.098 Y36.369 E44.84599
G1 X195.075 Y36.103 E44.85487
G1 X195.1 Y35.535 E44.87378
G1 X195.226 Y35.058 E44.89019
G1 X195.422 Y34.632 E44.90578
G1 X195.563 Y34.409 E44.91456
G1 X195.909 Y33.995 E44.9325
G1 X182.706 Y33.996 E45.37164
G1 X182.996 Y34.305 E45.38573
G1 X183.258 Y34.711 E45.4018
G1 X183.442 Y35.156 E45.41782
G1 X183.553 Y35.648 E45.4346
G1 X183.553 Y36.327 E45.45718
G1 X183.45 Y36.803 E45.47338
G1 X183.359 Y37.054 E45.48226
G1 X183.14 Y37.474 E45.49801
G1 X182.903 Y37.782 E45.51094
G1 X182.697 Y37.989 E45.52065
M204 S2000
G0 F6000 X181.167 Y38.357
M204 S500
G1 F835.3 X181.597 Y38.389 E45.5361
G1 F900 X196.931 Y38.391 E46.04611
G1 F803.6 X197.351 Y38.344 E46.06186
G1 X196.79 Y38.117 E46.0844
G1 F900 X196.377 Y37.856 E46.10065
G1 X195.861 Y37.34 E46.12492
G1 X195.603 Y36.792 E46.14507
G1 X195.47 Y36.202 E46.16518
G1 X195.498 Y35.595 E46.18539
G1 X195.605 Y35.19 E46.19933
G1 X195.82 Y34.726 E46.21634
G1 X196.263 Y34.196 E46.23931
G1 F859.2 X196.913 Y33.803 E46.26577
G1 F787.7 X197.449 Y33.634 E46.28713
G1 F821.9 X197.015 Y33.596 E46.303
G1 F900 X181.635 Y33.596 E46.81454
G1 F821.9 X181.181 Y33.633 E46.83113
G1 F807.2 X181.473 Y33.727 E46.8425
G1 F882.4 X182.069 Y33.997 E46.8647
G1 F900 X182.404 Y34.253 E46.87872
G1 X182.684 Y34.559 E46.89252
G1 X182.904 Y34.902 E46.90607
G1 X183.06 Y35.278 E46.91961
G1 X183.153 Y35.692 E46.93372
G1 X183.153 Y36.284 E46.95341
G1 X183.043 Y36.795 E46.9708
G1 X182.803 Y37.256 E46.98809
G1 X182.552 Y37.584 E47.00182
G1 X182.168 Y37.922 E47.01884
G1 X181.697 Y38.169 E47.03653
G1 F835.3 X181.167 Y38.357 E47.05668
M204 S2000
G0 F6000 X182.074 Y37.789
G0 X182.433 Y37.474
G0 X182.888 Y36.741
G0 X182.992 Y36.266
G0 X182.992 Y35.714
G0 X182.76 Y34.978
G0 X182.295 Y34.374
G0 X181.181 Y33.633
M204 S500
G1 F767.6 X180.871 Y33.626 E47.06877
G1 F829.5 X180.486 Y33.662 E47.08273
G1 F902.3 X180.335 Y33.704 E47.08793
M204 S2000
G0 F6000 X197.449 Y33.634
M204 S500
G1 F769.2 X197.771 Y33.626 E47.10046
G1 F831.4 X198.089 Y33.654 E47.11195
G1 F916 X198.395 Y33.729 E47.12225
G1 F975.6 X198.52 Y33.769 E47.12628
M204 S2000
G0 F6000 X199.295 Y34.374
G0 X199.76 Y34.978
G0 X199.992 Y35.714
G0 X199.992 Y36.266
G0 X199.888 Y36.741
G0 X199.478 Y37.401
G0 X198.524 Y38.21
M204 S500
G1 F904.5 X198.031 Y38.355 E47.14328
G1 F791.2 X197.479 Y38.354 E47.16417
G1 F740.7 X197.351 Y38.344 E47.16936
M204 S2000
G0 F6000 X197.029 Y37.795
M204 S500
;TYPE:WALL-OUTER
G1 F900 X196.645 Y37.552 E47.18447
G1 X196.193 Y37.106 E47.20559
G1 X195.978 Y36.637 E47.22275
G1 X195.872 Y36.168 E47.23874
G1 X195.901 Y35.636 E47.25646
G1 X195.978 Y35.344 E47.26651
G1 X196.16 Y34.942 E47.28118
G1 X196.526 Y34.505 E47.30014
G1 X197.091 Y34.163 E47.32211
G1 X197.554 Y34.059 E47.33789
G1 X198.06 Y34.057 E47.35472
G1 X198.404 Y34.13 E47.36642
G1 F869.6 X198.43 Y34.126 E47.36732
G1 F734.7 X198.817 Y34.216 E47.38351
G1 F660.6 X199.162 Y34.486 E47.40337
G1 F678 X199.397 Y34.746 E47.41884
G1 F695 X199.599 Y35.066 E47.43514
G1 F710.1 X199.728 Y35.392 E47.44992
G1 F715.7 X199.805 Y35.762 E47.46573
G1 F718.6 X199.801 Y36.26 E47.48647
G1 X199.696 Y36.708 E47.50564
G1 F707.3 X199.518 Y37.063 E47.52245
G1 F692.3 X199.313 Y37.343 E47.53745
G1 F670.4 X198.957 Y37.666 E47.55892
G1 F645.2 X198.752 Y37.783 E47.56987
G1 F743.8 X198.427 Y37.841 E47.58316
G1 F900 X198.034 Y37.945 E47.59668
G1 X197.466 Y37.911 E47.6156
G1 X197.029 Y37.795 E47.63064
M204 S2000
G1 F2400 E46.83064
G0 F6000 X196.441 Y38.165
G0 X180.335 Y38.378
G0 X180.234 Y38.674
M204 S500
G1 F2400 E47.63064
G1 F900 X180.812 Y38.789 E47.65024
G1 X197.55 Y38.792 E48.20695
G1 X197.939 Y38.767 E48.21991
G1 X198.318 Y38.698 E48.23273
G1 X198.692 Y38.552 E48.24608
G1 F761.1 X199.407 Y38.004 E48.28151
G1 F663 X199.593 Y37.821 E48.29329
G1 F672.9 X199.812 Y37.566 E48.30825
G1 F687 X200 Y37.259 E48.32393
G1 F704.5 X200.149 Y36.93 E48.33928
G1 F712.9 X200.25 Y36.586 E48.35433
G1 X200.312 Y36.226 E48.36967
G1 F711.5 X200.312 Y35.764 E48.38911
G1 X200.246 Y35.382 E48.40542
G1 F708.7 X200.108 Y34.928 E48.42546
G1 F699 X199.875 Y34.517 E48.44569
G1 F680.5 X199.665 Y34.232 E48.46127
G1 F665.4 X199.41 Y33.983 E48.4773
G1 F648.6 X199.119 Y33.752 E48.49444
G1 F636 X199.015 Y33.696 E48.5
G1 F722.9 X198.755 Y33.474 E48.51416
G1 F869.6 X198.524 Y33.361 E48.52301
G1 F900 X198.18 Y33.261 E48.53493
G1 X197.808 Y33.196 E48.54749
G1 X180.835 Y33.195 E49.11201
G1 X180.259 Y33.294 E49.13145
G1 F750 X179.407 Y33.829 E49.1716
G1 F659.3 X179.13 Y34.065 E49.18813
G1 F680.5 X178.826 Y34.423 E49.20878
G1 F688.3 X178.569 Y34.833 E49.22983
G1 F701.8 X178.375 Y35.407 E49.25567
G1 F708.7 X178.318 Y35.885 E49.27601
G1 X178.334 Y36.294 E49.2933
G1 F705.9 X178.408 Y36.696 E49.31063
G1 F701.8 X178.531 Y37.035 E49.32601
G1 F699 X178.743 Y37.459 E49.34631
G1 F681.8 X178.991 Y37.763 E49.36354
G1 F664.2 X179.213 Y38 E49.37817
G1 F652.2 X179.517 Y38.226 E49.39556
G1 F640.6 X179.827 Y38.408 E49.41236
G1 F745.3 X180.234 Y38.674 E49.43189
M204 S2000
G0 F6000 X180.002 Y37.88
M204 S500
G1 F653.4 X179.575 Y37.59 E49.45553
G1 F679.2 X179.152 Y37.142 E49.48269
G1 F704.5 X178.935 Y36.68 E49.50437
G1 F717.1 X178.825 Y36.166 E49.52632
G1 F721.4 X178.832 Y35.71 E49.54524
G1 F717.1 X178.932 Y35.316 E49.56221
G1 F708.7 X179.111 Y34.919 E49.5806
G1 F691 X179.461 Y34.482 E49.60486
G1 F660.6 X179.723 Y34.292 E49.61952
G1 F638.3 X180.057 Y34.089 E49.63785
G1 F743.8 X180.42 Y34.09 E49.65246
G1 F900 X180.554 Y34.059 E49.65704
G1 X181.088 Y34.061 E49.6748
G1 X181.427 Y34.14 E49.68637
G1 X181.879 Y34.356 E49.70304
G1 X182.146 Y34.564 E49.71429
G1 X182.373 Y34.815 E49.72555
G1 X182.539 Y35.073 E49.73575
G1 X182.672 Y35.387 E49.74709
G1 X182.749 Y35.718 E49.7584
G1 X182.749 Y36.26 E49.77642
G1 X182.662 Y36.661 E49.79007
G1 X182.472 Y37.025 E49.80373
G1 X182.242 Y37.324 E49.81628
G1 X181.956 Y37.576 E49.82895
G1 X181.471 Y37.83 E49.84716
G1 X181.039 Y37.945 E49.86203
G1 X180.487 Y37.915 E49.88042
G1 X180.409 Y37.896 E49.88309
G1 F753.1 X180.002 Y37.88 E49.89928
M204 S2000
G0 F6000 X179.948 Y38.082
G0 X181.051 Y38.19
G0 X181.35 Y38.11
G0 X183.855 Y37.139
G0 X184.099 Y37.229
M204 S500
;TYPE:SKIN
G1 F900 X184.195 Y36.96 E49.90878
G1 X184.279 Y36.565 E49.92221
G1 X184.313 Y36.235 E49.93324
G1 X184.312 Y35.74 E49.94971
G1 X184.271 Y35.371 E49.96206
G1 X184.203 Y35.073 E49.97222
G1 X184.099 Y34.756 E49.98332
G1 X194.517 Y34.758 E50.32982
G1 X194.386 Y35.262 E50.34714
G1 X194.339 Y35.585 E50.358
G1 X194.316 Y36.095 E50.37498
G1 X194.352 Y36.511 E50.38887
G1 X194.456 Y36.982 E50.40491
G1 X194.539 Y37.229 E50.41358
G1 X184.099 Y37.229 E50.76081
M204 S2000
G0 F6000 X184.433 Y36.789
M204 S500
G1 F900 X184.671 Y37.027 E50.77201
M204 S2000
G0 F6000 X185.237 Y37.027
M204 S500
G1 F900 X184.506 Y36.297 E50.80637
M204 S2000
G0 F6000 X184.51 Y35.735
M204 S500
G1 F900 X185.802 Y37.027 E50.86714
M204 S2000
G0 F6000 X186.368 Y37.027
M204 S500
G1 F900 X184.4 Y35.059 E50.95971
M204 S2000
G0 F6000 X184.863 Y34.957
M204 S500
G1 F900 X186.934 Y37.027 E51.0571
M204 S2000
G0 F6000 X187.499 Y37.027
M204 S500
G1 F900 X185.429 Y34.957 E51.15446
M204 S2000
G0 F6000 X185.995 Y34.957
M204 S500
G1 F900 X188.064 Y37.026 E51.25178
M204 S2000
G0 F6000 X188.63 Y37.026
M204 S500
G1 F900 X186.56 Y34.957 E51.34913
M204 S2000
G0 F6000 X187.126 Y34.957
M204 S500
G1 F900 X189.196 Y37.026 E51.44647
M204 S2000
G0 F6000 X189.762 Y37.026
M204 S500
G1 F900 X187.692 Y34.957 E51.54381
M204 S2000
G0 F6000 X188.257 Y34.957
M204 S500
G1 F900 X190.327 Y37.026 E51.64116
M204 S2000
G0 F6000 X190.893 Y37.026
M204 S500
G1 F900 X188.823 Y34.957 E51.7385
M204 S2000
G0 F6000 X189.389 Y34.957
M204 S500
G1 F900 X191.458 Y37.026 E51.83582
M204 S2000
G0 F6000 X192.024 Y37.026
M204 S500
G1 F900 X189.955 Y34.957 E51.93314
M204 S2000
G0 F6000 X190.52 Y34.957
M204 S500
G1 F900 X192.589 Y37.026 E52.03046
M204 S2000
G0 F6000 X193.155 Y37.026
M204 S500
G1 F900 X191.086 Y34.957 E52.12778
M204 S2000
G0 F6000 X191.652 Y34.957
M204 S500
G1 F900 X193.721 Y37.026 E52.2251
M204 S2000
G0 F6000 X194.249 Y36.988
M204 S500
G1 F900 X192.217 Y34.957 E52.32065
M204 S2000
G0 F6000 X192.783 Y34.957
M204 S500
G1 F900 X194.138 Y36.312 E52.38439
M204 S2000
G0 F6000 X194.131 Y35.739
M204 S500
G1 F900 X193.349 Y34.957 E52.42117
M204 S2000
G0 F6000 X193.914 Y34.957
M204 S500
G1 F900 X194.189 Y35.232 E52.4341
M204 S2000
G0 F6000 X194.943 Y35.348
M104 S230
G1 F2400 E51.6341
;MESH:NONMESH
G0 F300 X194.943 Y35.348 Z0.4
G0 F6000 X194.797 Y34.574
G0 X180.538 Y33.818
G0 X180.103 Y33.916
G0 X178.955 Y34.512
G0 X178.026 Y33.952
G0 X171.427 Y33.135
G0 X162.753 Y33.454
G0 X162.124 Y32.571
G0 X158.202 Y32.615
G0 X158.287 Y32.329
;TIME_ELAPSED:136.788177
;LAYER:1
M106 S85
M204 S500
;TYPE:WALL-INNER
;MESH:part_2.stl
G1 F2400 E52.4341
G1 F1350 X158.015 Y32.248 E52.44354
G1 X157.656 Y32.107 E52.45637
G1 X157.394 Y31.979 E52.46607
G1 X157.093 Y31.802 E52.47768
G1 X156.787 Y31.582 E52.49022
G1 X156.511 Y31.345 E52.50232
G1 X156.279 Y31.111 E52.51328
G1 X156.055 Y30.841 E52.52495
G1 X155.872 Y30.583 E52.53547
G1 X155.684 Y30.265 E52.54775
G1 X155.554 Y29.998 E52.55763
G1 X155.41 Y29.625 E52.57093
G1 X155.3 Y29.254 E52.5838
G1 X155.226 Y28.803 E52.599
G1 X155.202 Y28.499 E52.60914
G1 X155.215 Y27.932 E52.62801
G1 X155.259 Y27.598 E52.63921
G1 X155.336 Y27.248 E52.65113
G1 X155.429 Y26.945 E52.66167
G1 X155.621 Y26.489 E52.67813
G1 X155.796 Y26.167 E52.69032
G1 X155.97 Y25.904 E52.70081
G1 X156.206 Y25.604 E52.7135
G1 X156.572 Y25.225 E52.73103
G1 X156.919 Y24.95 E52.74575
G1 X157.266 Y24.724 E52.75953
G1 X157.713 Y24.498 E52.77619
G1 X157.992 Y24.392 E52.78611
G1 X158.342 Y24.287 E52.79827
G1 X158.816 Y24.199 E52.8143
G1 X159.169 Y24.169 E52.82608
G1 X159.553 Y24.17 E52.83886
G1 X159.889 Y24.198 E52.85007
G1 X160.221 Y24.255 E52.86127
G1 X160.564 Y24.346 E52.87308
G1 X160.888 Y24.459 E52.88449
G1 X161.186 Y24.589 E52.8953
G1 X161.626 Y24.844 E52.91222
G1 X161.913 Y25.049 E52.92395
G1 X162.184 Y25.284 E52.93588
G1 X162.389 Y25.488 E52.9455
G1 X162.63 Y25.773 E52.95791
G1 X162.836 Y26.065 E52.9698
G1 X163.023 Y26.386 E52.98215
G1 X163.262 Y26.916 E53.00149
G1 X163.409 Y27.44 E53.01959
G1 X163.472 Y27.854 E53.03352
G1 X163.5 Y28.304 E53.04852
G1 X163.485 Y28.671 E53.06073
G1 X163.438 Y29.033 E53.07287
G1 X163.362 Y29.377 E53.08459
G1 X163.285 Y29.637 E53.09361
G1 X163.09 Y30.111 E53.11066
G1 X162.891 Y30.478 E53.12454
G1 X162.642 Y30.84 E53.13916
G1 X162.379 Y31.151 E53.1527
G1 X162.143 Y31.386 E53.16378
G1 X161.88 Y31.605 E53.17516
G1 X161.527 Y31.856 E53.18957
G1 X161.167 Y32.05 E53.20317
G1 X160.844 Y32.192 E53.21491
G1 X160.53 Y32.296 E53.22591
G1 X160.178 Y32.385 E53.23798
G1 X159.632 Y32.458 E53.25631
G1 X159.35 Y32.467 E53.26569
G1 X159 Y32.453 E53.27734
G1 X158.683 Y32.414 E53.28796
G1 X158.287 Y32.329 E53.30143
M204 S2000
G0 F7500 X158.202 Y32.615
G0 X159.684 Y32.694
G0 X160.59 Y32.528
G0 X161.464 Y32.141
G0 X162.664 Y31.435
M204 S500
G1 F1432.4 X162.147 Y31.872 E53.32266
G1 F1574.3 X161.717 Y32.173 E53.33762
G1 F1588.2 X161.33 Y32.384 E53.35009
G1 F1583.6 X160.979 Y32.537 E53.36094
G1 F1578.9 X160.636 Y32.653 E53.37124
G1 F1569.8 X160.255 Y32.749 E53.38248
G1 F1560.7 X159.726 Y32.825 E53.39785
G1 F1551.7 X159.35 Y32.841 E53.40874
G1 F1556.2 X158.978 Y32.825 E53.41949
G1 F1542.9 X158.5 Y32.762 E53.43352
G1 F1538.5 X158.218 Y32.697 E53.44196
G1 F1551.7 X157.872 Y32.594 E53.45241
G1 X157.528 Y32.459 E53.4631
G1 F1534.1 X157.267 Y32.336 E53.47155
G1 X156.863 Y32.098 E53.48527
G1 F1551.7 X156.555 Y31.875 E53.49628
G1 X156.27 Y31.631 E53.50713
G1 X156.003 Y31.363 E53.51808
G1 F1538.5 X155.749 Y31.06 E53.52962
G1 X155.562 Y30.791 E53.53918
G1 F1542.9 X155.301 Y30.357 E53.55392
G1 F1529.7 X155.049 Y29.732 E53.5737
G1 F1547.3 X154.924 Y29.275 E53.58745
G1 F1551.7 X154.867 Y28.936 E53.5974
G1 F1529.7 X154.831 Y28.568 E53.60825
G1 F1521.1 X154.83 Y28.086 E53.62248
G1 F1534.1 X154.89 Y27.539 E53.63858
G1 F1551.7 X154.974 Y27.156 E53.64993
G1 X155.079 Y26.813 E53.66031
G1 X155.284 Y26.328 E53.67554
G1 F1556.2 X155.457 Y26.008 E53.68604
G1 X155.663 Y25.691 E53.69695
G1 F1542.9 X155.909 Y25.373 E53.70865
G1 X156.311 Y24.958 E53.72546
G1 F1551.7 X156.735 Y24.622 E53.74112
G1 F1538.5 X157.03 Y24.426 E53.75146
G1 F1542.9 X157.639 Y24.117 E53.77133
G1 F1560.7 X158.258 Y23.924 E53.78998
G1 F1538.5 X158.696 Y23.834 E53.80303
G1 F1521.1 X159.141 Y23.793 E53.81623
G1 F1534.1 X159.8 Y23.805 E53.83552
G1 F1560.7 X160.302 Y23.892 E53.85017
G1 F1551.7 X160.622 Y23.97 E53.85971
G1 F1538.5 X161.226 Y24.188 E53.87845
G1 F1565.2 X161.75 Y24.476 E53.8956
G1 F1574.3 X162.144 Y24.757 E53.9094
G1 F1451.6 X162.675 Y25.209 E53.93097
M204 S2000
G0 F7500 X163.474 Y26.793
G0 X163.708 Y27.795
G0 X163.723 Y28.691
G0 X163.497 Y29.758
G0 X163.114 Y30.575
G0 X162.574 Y31.294
G0 X161.669 Y32.05
G0 X160.59 Y32.528
G0 X158.482 Y32.839
G0 X158.43 Y33.133
M204 S500
G1 F1350 X158.947 Y33.197 E53.9483
G1 X159.366 Y33.215 E53.96225
G1 X159.77 Y33.196 E53.9757
G1 X160.19 Y33.143 E53.98978
G1 X160.561 Y33.063 E54.0024
G1 X160.943 Y32.948 E54.01567
G1 X161.335 Y32.794 E54.02968
G1 X161.669 Y32.631 E54.04204
G1 X162.032 Y32.413 E54.05612
G1 X162.37 Y32.173 E54.06991
G1 X162.691 Y31.911 E54.08369
G1 F1353.4 X163.079 Y31.634 E54.09951
G1 X163.459 Y31.404 E54.11425
G1 F1350 X163.886 Y31.194 E54.13007
G1 X164.357 Y31.009 E54.1469
G1 X164.802 Y30.88 E54.16231
G1 X165.262 Y30.786 E54.17793
G1 X165.681 Y30.734 E54.19197
G1 X166.156 Y30.716 E54.20778
G1 F1333.3 X180.741 Y30.708 E54.69894
G1 F1241.4 X181.063 Y30.683 E54.71063
G1 F1176.5 X181.433 Y30.685 E54.72475
G1 F1184.2 X181.725 Y30.657 E54.73587
G1 F1192.1 X182.114 Y30.56 E54.75097
G1 F1200 X182.475 Y30.405 E54.76567
G1 F1194.7 X182.8 Y30.187 E54.78038
G1 X183.098 Y29.92 E54.79542
G1 F1197.3 X183.345 Y29.613 E54.81019
G1 F1186.8 X183.553 Y29.184 E54.82823
G1 X183.693 Y28.725 E54.84639
G1 F1189.4 X183.726 Y28.34 E54.86097
G1 F1205.4 X183.711 Y28.036 E54.87231
G1 F1210.8 X183.624 Y27.646 E54.88713
G1 F1197.3 X183.469 Y27.25 E54.90308
G1 F1186.8 X183.339 Y27.018 E54.91314
G1 F1184.2 X183.091 Y26.698 E54.92849
G1 F1192.1 X182.719 Y26.381 E54.9469
G1 F1189.4 X182.389 Y26.176 E54.96157
G1 F1186.8 X181.858 Y25.993 E54.98281
G1 F1202.7 X181.477 Y25.939 E54.99718
G1 F1176.5 X180.911 Y25.952 E55.01879
G1 F1238.5 X180.458 Y25.916 E55.03526
G1 F1350 X166.131 Y25.916 E55.51178
G1 X165.643 Y25.894 E55.52803
G1 X165.245 Y25.844 E55.54137
G1 X164.732 Y25.734 E55.55882
G1 X164.174 Y25.561 E55.57825
G1 X163.693 Y25.348 E55.59575
G1 X163.267 Y25.119 E55.61183
G1 X162.881 Y24.866 E55.62718
G1 X162.275 Y24.387 E55.65288
G1 X161.859 Y24.103 E55.66963
G1 X161.288 Y23.809 E55.69099
G1 X160.727 Y23.607 E55.71082
G1 X160.208 Y23.491 E55.72851
G1 X159.725 Y23.425 E55.74472
G1 X159.125 Y23.416 E55.76468
G1 X158.527 Y23.482 E55.78469
G1 X158.015 Y23.602 E55.80218
G1 X157.622 Y23.73 E55.81593
G1 X157.243 Y23.891 E55.82963
G1 X156.836 Y24.103 E55.84489
G1 X156.404 Y24.4 E55.86233
G1 X156.091 Y24.654 E55.87573
G1 X155.789 Y24.95 E55.8898
G1 X155.497 Y25.28 E55.90445
G1 X155.221 Y25.679 E55.92059
G1 X155.003 Y26.055 E55.93505
G1 X154.835 Y26.406 E55.94799
G1 X154.701 Y26.759 E55.96055
G1 X154.583 Y27.176 E55.97496
G1 X154.505 Y27.577 E55.98855
G1 X154.452 Y28.068 E56.00497
G1 X154.455 Y28.588 E56.02227
G1 X154.495 Y28.988 E56.03564
G1 X154.565 Y29.374 E56.04869
G1 X154.698 Y29.872 E56.06583
G1 X154.923 Y30.431 E56.08587
G1 X155.168 Y30.872 E56.10265
G1 X155.449 Y31.289 E56.11938
G1 X155.796 Y31.688 E56.13696
G1 X156.027 Y31.915 E56.14774
G1 X156.324 Y32.169 E56.16073
G1 X156.657 Y32.41 E56.17441
G1 X157.093 Y32.672 E56.19132
G1 X157.563 Y32.879 E56.20841
G1 X157.933 Y33.006 E56.22142
G1 X158.43 Y33.133 E56.23848
M204 S2000
G0 F7500 X158.482 Y32.839
G0 X160.59 Y32.528
G0 X161.669 Y32.05
G0 X163.86 Y30.343
M204 S500
G1 F1350 X164.131 Y30.241 E56.24811
G1 X164.602 Y30.105 E56.26441
G1 X165.164 Y29.992 E56.28348
G1 X165.606 Y29.937 E56.2983
G1 X166.102 Y29.916 E56.31481
G1 X167.562 Y29.915 E56.36337
G1 X167.187 Y29.367 E56.38545
G1 X167.062 Y29.035 E56.39725
G1 X166.978 Y28.734 E56.40765
G1 X166.956 Y27.993 E56.4323
G1 X167.097 Y27.499 E56.44939
G1 X167.26 Y27.142 E56.46244
G1 X167.399 Y26.923 E56.47107
G1 X167.573 Y26.717 E56.48004
G1 X166.098 Y26.715 E56.5291
G1 X165.543 Y26.688 E56.54758
G1 X165.027 Y26.618 E56.5649
G1 X164.612 Y26.529 E56.57901
G1 X163.869 Y26.311 E56.60477
G1 X164.031 Y26.692 E56.61854
G1 X164.187 Y27.234 E56.6373
G1 X164.271 Y27.805 E56.65649
G1 X164.3 Y28.297 E56.67289
G1 X164.283 Y28.728 E56.68723
G1 X164.241 Y29.081 E56.69906
G1 X164.14 Y29.569 E56.71563
G1 X164.053 Y29.865 E56.72589
G1 X163.86 Y30.343 E56.74304
M204 S2000
G0 F7500 X162.664 Y31.435
M204 S500
G1 F1340 X162.915 Y31.262 E56.75325
G1 F1350 X163.254 Y31.06 E56.76638
G1 X163.71 Y30.834 E56.7833
G1 X164.244 Y30.625 E56.80238
G1 X164.694 Y30.494 E56.81797
G1 X165.132 Y30.402 E56.83285
G1 X165.644 Y30.336 E56.85002
G1 X166.117 Y30.316 E56.86577
G1 F1353.4 X169.194 Y30.315 E56.96785
G1 F1356.8 X168.832 Y30.247 E56.98004
G1 F1353.4 X168.471 Y30.108 E56.99288
G1 F1350 X168.164 Y29.92 E57.00485
G1 X167.829 Y29.618 E57.01985
G1 X167.562 Y29.226 E57.03563
G1 X167.378 Y28.741 E57.05288
G1 X167.356 Y28.033 E57.07644
G1 X167.48 Y27.612 E57.09104
G1 X167.597 Y27.357 E57.10037
G1 X167.737 Y27.138 E57.10901
G1 X167.906 Y26.938 E57.11772
G1 X168.117 Y26.746 E57.12721
G1 X168.409 Y26.54 E57.1391
G1 F1343.3 X168.76 Y26.409 E57.15162
G1 F1310.7 X169.078 Y26.329 E57.16285
G1 X168.75 Y26.317 E57.1741
G1 F1346.6 X166.114 Y26.316 E57.26199
G1 F1350 X165.676 Y26.298 E57.27657
G1 X165.195 Y26.241 E57.29268
G1 X164.617 Y26.117 E57.31234
G1 X164.012 Y25.927 E57.33343
G1 X163.531 Y25.714 E57.35093
G1 X163.028 Y25.442 E57.36995
G1 X162.675 Y25.209 E57.38402
G1 X162.947 Y25.529 E57.39799
G1 X163.18 Y25.86 E57.41145
G1 X163.339 Y26.127 E57.42178
G1 X163.627 Y26.735 E57.44416
G1 X163.777 Y27.255 E57.46216
G1 X163.861 Y27.734 E57.47834
G1 X163.9 Y28.301 E57.49724
G1 X163.884 Y28.699 E57.51049
G1 X163.844 Y29.031 E57.52161
G1 X163.753 Y29.465 E57.53636
G1 X163.632 Y29.853 E57.54988
G1 X163.416 Y30.357 E57.56811
G1 X163.221 Y30.705 E57.58138
G1 X162.972 Y31.067 E57.59599
G1 F1340 X162.664 Y31.435 E57.61208
M204 S2000
G0 F7500 X164.723 Y30.652
G0 X168.507 Y30.012
G0 X168.616 Y29.735
M204 S500
G1 F1350 X168.432 Y29.622 E57.61926
G1 X168.096 Y29.32 E57.63428
G1 X167.936 Y29.085 E57.64374
G1 X167.783 Y28.68 E57.65814
G1 X167.756 Y28.092 E57.67772
G1 X167.888 Y27.646 E57.69319
G1 X168.117 Y27.286 E57.70738
G1 X168.447 Y26.988 E57.72217
G1 F1353.4 X168.769 Y26.818 E57.73425
G1 X169.23 Y26.717 E57.7499
G1 F1350 X174.528 Y26.719 E57.92612
G1 X175.097 Y26.89 E57.94588
G1 X175.414 Y27.126 E57.95902
G1 X175.704 Y27.449 E57.97346
G1 X175.917 Y27.966 E57.99206
G1 X175.945 Y28.419 E58.00715
G1 X175.868 Y28.841 E58.02142
G1 X175.656 Y29.252 E58.0368
G1 X175.393 Y29.524 E58.04939
G1 X174.988 Y29.794 E58.06557
G1 X174.447 Y29.916 E58.08402
G1 X169.085 Y29.916 E58.26236
G1 X168.616 Y29.735 E58.27908
M204 S2000
G0 F7500 X169.194 Y30.315
M204 S500
G1 F1356.8 X174.379 Y30.315 E58.45067
G1 F1333.3 X174.552 Y30.308 E58.4565
M204 S2000
G0 F7500 X176.139 Y29.914
M204 S500
G1 F1350 X179.188 Y29.913 E58.55791
G1 X179.042 Y29.711 E58.5662
G1 X178.87 Y29.374 E58.57879
G1 X178.732 Y28.956 E58.59343
G1 X178.643 Y28.354 E58.61367
G1 X178.691 Y27.788 E58.63256
G1 X178.879 Y27.242 E58.65177
G1 X179.047 Y26.906 E58.66426
G1 X179.178 Y26.716 E58.67194
G1 X176.132 Y26.716 E58.77325
G1 X176.276 Y26.889 E58.78074
G1 X176.482 Y27.236 E58.79416
G1 X176.624 Y27.581 E58.80657
G1 X176.72 Y27.92 E58.81828
G1 X176.748 Y28.505 E58.83776
G1 X176.665 Y28.93 E58.85217
G1 X176.539 Y29.286 E58.86473
G1 X176.407 Y29.541 E58.87428
G1 X176.139 Y29.914 E58.88955
M204 S2000
G0 F7500 X174.552 Y30.308
M204 S500
G1 F1330 X180.192 Y30.314 E59.07995
G1 F1350 X179.832 Y30.038 E59.09504
G1 X179.57 Y29.767 E59.10758
G1 X179.398 Y29.528 E59.11737
G1 X179.226 Y29.191 E59.12996
G1 X179.128 Y28.892 E59.14042
G1 X179.041 Y28.338 E59.15907
G1 X179.085 Y27.872 E59.17464
G1 X179.257 Y27.372 E59.19223
G1 X179.378 Y27.132 E59.20117
G1 X179.581 Y26.835 E59.21313
G1 X179.843 Y26.573 E59.22546
G1 X180.217 Y26.318 E59.24051
G1 X175.133 Y26.316 E59.40961
G1 F1279.6 X174.728 Y26.339 E59.42384
G1 X175.11 Y26.476 E59.43808
G1 F1350 X175.421 Y26.633 E59.44967
G1 X175.653 Y26.806 E59.45929
G1 X175.965 Y27.141 E59.47452
G1 X176.112 Y27.389 E59.48411
G1 X176.31 Y27.87 E59.50141
G1 X176.348 Y28.473 E59.52151
G1 X176.274 Y28.848 E59.53422
G1 X176.184 Y29.102 E59.54318
G1 X176.051 Y29.358 E59.55278
G1 X175.88 Y29.596 E59.56252
G1 X175.68 Y29.803 E59.5721
G1 X175.364 Y30.051 E59.58546
G1 X174.972 Y30.208 E59.5995
G1 F1330 X174.552 Y30.308 E59.61408
M204 S2000
G0 F7500 X175.488 Y29.77
G0 X175.851 Y29.392
G0 X176.091 Y28.928
G0 X176.189 Y28.464
G0 X176.157 Y27.925
G0 X175.916 Y27.337
G0 X175.693 Y27.064
G0 X174.728 Y26.339
M204 S500
G1 F1276.6 X174.435 Y26.318 E59.62441
G1 F1346.6 X169.297 Y26.317 E59.79573
G1 F1313.9 X169.078 Y26.329 E59.80322
M204 S2000
G0 F7500 X174.556 Y26.48
G0 X175.209 Y26.675
G0 X175.641 Y27
G0 X175.916 Y27.337
G0 X176.681 Y29.363
G0 X176.509 Y29.734
G0 X181.101 Y30.502
G0 X181.156 Y30.242
M204 S500
G1 F1219 X180.704 Y30.111 E59.82056
G1 F1279.6 X180.181 Y29.824 E59.84149
G1 F1326.8 X179.793 Y29.423 E59.86037
G1 F1350 X179.537 Y28.921 E59.87912
G1 X179.445 Y28.322 E59.89927
G1 X179.477 Y27.964 E59.91123
G1 X179.663 Y27.424 E59.93022
G1 X179.911 Y27.061 E59.94485
G1 X180.068 Y26.904 E59.95223
G1 X180.442 Y26.649 E59.96729
G1 F1291.9 X180.914 Y26.426 E59.98543
G1 F1232.9 X181.405 Y26.375 E60.00341
G1 F1221.7 X181.872 Y26.457 E60.02083
G1 F1210.8 X182.347 Y26.655 E60.03992
G1 F1205.4 X182.81 Y27.053 E60.06266
G1 F1210.8 X183.132 Y27.559 E60.08491
G1 F1216.2 X183.288 Y28.123 E60.10651
G1 F1202.7 X183.24 Y28.71 E60.1285
G1 F1186.8 X183.128 Y29.019 E60.14093
G1 F1189.4 X183.004 Y29.312 E60.15294
G1 F1197.3 X182.764 Y29.629 E60.16785
G1 F1192.1 X182.521 Y29.826 E60.17964
G1 F1200 X182.268 Y30.012 E60.19139
G1 F1205.4 X181.805 Y30.198 E60.20997
G1 F1189.4 X181.156 Y30.242 E60.23453
M204 S2000
G0 F7500 X180.851 Y29.735
M204 S500
;TYPE:WALL-OUTER
G1 F1350 X180.427 Y29.503 E60.25061
G1 X180.123 Y29.188 E60.26517
G1 X179.923 Y28.796 E60.2798
G1 X179.849 Y28.329 E60.29553
G1 X179.869 Y28.064 E60.30437
G1 X180.022 Y27.607 E60.3204
G1 X180.263 Y27.255 E60.33459
G1 X180.668 Y26.979 E60.35089
G1 X180.962 Y26.865 E60.36137
G1 X181.389 Y26.801 E60.37573
G1 X181.785 Y26.878 E60.38915
G1 X182.124 Y27.029 E60.4015
G1 X182.499 Y27.351 E60.41794
G1 X182.728 Y27.722 E60.43244
G1 X182.86 Y28.143 E60.44711
G1 X182.812 Y28.647 E60.46395
G1 X182.648 Y29.069 E60.47901
G1 X182.46 Y29.327 E60.48963
G1 X182.046 Y29.644 E60.50697
G1 X181.713 Y29.773 E60.51885
G1 X181.222 Y29.812 E60.53523
G1 X180.851 Y29.735 E60.54783
M204 S2000
G1 F2400 E59.74783
G0 F7500 X180.517 Y30.347
G0 X169.037 Y30.154
G0 X168.474 Y29.999
G0 X168.728 Y29.349
M204 S500
G1 F2400 E60.54783
G1 F1350 X168.326 Y28.988 E60.5658
G1 X168.177 Y28.586 E60.58006
G1 X168.158 Y28.163 E60.59414
G1 X168.256 Y27.811 E60.6063
G1 X168.445 Y27.53 E60.61756
G1 X168.697 Y27.308 E60.62873
G1 X168.883 Y27.21 E60.63572
G1 X169.262 Y27.119 E60.64869
G1 X174.466 Y27.119 E60.82177
G1 X174.915 Y27.253 E60.83736
G1 X175.175 Y27.447 E60.84815
G1 X175.362 Y27.667 E60.85775
G1 X175.526 Y28.081 E60.87256
G1 X175.544 Y28.424 E60.88398
G1 X175.484 Y28.711 E60.89374
G1 X175.326 Y29.019 E60.90525
G1 X175.106 Y29.245 E60.91574
G1 X174.826 Y29.421 E60.92674
G1 X174.414 Y29.514 E60.94079
G1 X169.16 Y29.516 E61.11554
G1 X168.728 Y29.349 E61.13094
M204 S2000
G1 F2400 E60.33094
G0 F7500 X168.474 Y29.999
G0 X164.723 Y30.652
G0 X162.238 Y31.586
G0 X161.669 Y32.05
G0 X160.59 Y32.528
G0 X159.684 Y32.694
G0 X158.201 Y32.615
G0 X158.401 Y31.945
M204 S500
G1 F2400 E61.13094
G1 F1350 X158.114 Y31.859 E61.14091
G1 X157.848 Y31.755 E61.15041
G1 X157.557 Y31.612 E61.16119
G1 X157.298 Y31.458 E61.17121
G1 X157.03 Y31.264 E61.18222
G1 X156.793 Y31.061 E61.1926
G1 X156.585 Y30.853 E61.20238
G1 X156.381 Y30.609 E61.21296
G1 X156.204 Y30.36 E61.22312
G1 X156.044 Y30.091 E61.23353
G1 X155.914 Y29.823 E61.24344
G1 X155.794 Y29.511 E61.25455
G1 X155.683 Y29.132 E61.26769
G1 X155.624 Y28.759 E61.28025
G1 X155.601 Y28.467 E61.28999
G1 X155.612 Y27.982 E61.30613
G1 X155.65 Y27.683 E61.31615
G1 X155.72 Y27.363 E61.32705
G1 X155.806 Y27.079 E61.33692
G1 X155.982 Y26.661 E61.352
G1 X156.13 Y26.387 E61.36236
G1 X156.304 Y26.125 E61.37282
G1 X156.494 Y25.882 E61.38308
G1 X156.869 Y25.496 E61.40098
G1 X157.178 Y25.257 E61.41397
G1 X157.449 Y25.08 E61.42474
G1 X157.856 Y24.872 E61.43994
G1 X158.148 Y24.762 E61.45032
G1 X158.442 Y24.675 E61.46051
G1 X158.909 Y24.59 E61.4763
G1 X159.199 Y24.568 E61.48597
G1 X159.52 Y24.569 E61.49665
G1 X159.842 Y24.596 E61.5074
G1 X160.139 Y24.649 E61.51743
G1 X160.433 Y24.724 E61.52752
G1 X160.717 Y24.822 E61.53752
G1 X161.003 Y24.946 E61.54789
G1 X161.402 Y25.177 E61.56322
G1 X161.67 Y25.368 E61.57417
G1 X161.902 Y25.568 E61.58435
G1 X162.102 Y25.767 E61.59374
G1 X162.317 Y26.023 E61.60486
G1 X162.492 Y26.27 E61.61492
G1 X162.651 Y26.537 E61.62526
G1 X162.878 Y27.028 E61.64325
G1 X163.009 Y27.479 E61.65887
G1 X163.071 Y27.86 E61.67171
G1 X163.1 Y28.308 E61.68664
G1 X163.085 Y28.653 E61.69813
G1 X163.047 Y28.949 E61.70805
G1 X162.978 Y29.263 E61.71875
G1 X162.894 Y29.544 E61.7285
G1 X162.721 Y29.957 E61.74339
G1 X162.572 Y30.233 E61.75383
G1 X162.3 Y30.629 E61.76981
G1 X162.095 Y30.869 E61.7803
G1 X161.885 Y31.08 E61.7902
G1 X161.648 Y31.279 E61.8005
G1 X161.321 Y31.511 E61.81383
G1 X160.991 Y31.689 E61.8263
G1 X160.698 Y31.818 E61.83695
G1 X160.406 Y31.914 E61.84717
G1 X160.095 Y31.993 E61.85785
G1 X159.62 Y32.058 E61.87379
G1 X159.35 Y32.067 E61.88278
G1 X159.01 Y32.052 E61.8941
G1 X158.716 Y32.014 E61.90396
G1 X158.401 Y31.945 E61.91468
M204 S2000
G1 F2400 E61.11468
G0 F7500 X158.201 Y32.615
G0 X158.482 Y32.839
G0 X158.356 Y33.527
M204 S500
G1 F2400 E61.91468
G1 F1350 X158.913 Y33.596 E61.93335
G1 X159.383 Y33.615 E61.949
G1 X159.789 Y33.596 E61.96251
G1 X160.24 Y33.541 E61.97763
G1 X160.675 Y33.447 E61.99243
G1 X161.059 Y33.332 E62.00576
G1 X161.482 Y33.167 E62.02086
G1 X161.859 Y32.983 E62.03481
G1 X162.239 Y32.757 E62.04952
G1 X162.603 Y32.498 E62.06438
G1 X162.955 Y32.213 E62.07944
G1 X163.325 Y31.95 E62.09454
G1 X163.679 Y31.74 E62.10823
G1 X164.075 Y31.547 E62.12288
G1 X164.453 Y31.398 E62.1364
G1 X164.884 Y31.272 E62.15133
G1 X165.312 Y31.183 E62.16587
G1 X165.719 Y31.132 E62.17951
G1 X166.156 Y31.116 E62.19406
G1 X181.454 Y31.114 E62.70287
G1 X181.799 Y31.079 E62.71441
G1 X182.252 Y30.965 E62.72994
G1 X182.676 Y30.78 E62.74533
G1 X183.063 Y30.527 E62.76071
G1 X183.408 Y30.212 E62.77624
G1 X183.707 Y29.845 E62.79199
G1 X183.953 Y29.341 E62.81064
G1 X184.115 Y28.806 E62.82923
G1 X184.154 Y28.343 E62.84469
G1 X184.128 Y27.979 E62.85683
G1 X184.034 Y27.525 E62.87225
G1 X183.862 Y27.084 E62.88799
G1 X183.699 Y26.783 E62.89938
G1 X183.401 Y26.401 E62.91549
G1 X182.972 Y26.036 E62.93422
G1 X182.575 Y25.787 E62.94981
G1 X181.956 Y25.575 E62.97157
G1 X181.504 Y25.517 E62.98673
G1 X166.147 Y25.516 E63.49751
G1 X165.693 Y25.497 E63.51262
G1 X165.279 Y25.444 E63.5265
G1 X164.848 Y25.351 E63.54117
G1 X164.336 Y25.195 E63.55897
G1 X163.841 Y24.975 E63.57698
G1 X163.468 Y24.773 E63.59109
G1 X163.11 Y24.538 E63.60534
G1 X162.513 Y24.065 E63.63067
G1 X162.064 Y23.758 E63.64876
G1 X161.448 Y23.441 E63.6718
G1 X160.839 Y23.222 E63.69333
G1 X160.279 Y23.097 E63.71241
G1 X159.755 Y23.025 E63.73
G1 X159.107 Y23.016 E63.75156
G1 X158.459 Y23.087 E63.77324
G1 X157.907 Y23.216 E63.79209
G1 X157.496 Y23.349 E63.80646
G1 X157.086 Y23.522 E63.82126
G1 X156.629 Y23.76 E63.8384
G1 X156.164 Y24.08 E63.85717
G1 X155.825 Y24.355 E63.87169
G1 X155.508 Y24.664 E63.88642
G1 X155.182 Y25.032 E63.90277
G1 X154.891 Y25.45 E63.91971
G1 X154.656 Y25.853 E63.93522
G1 X154.467 Y26.248 E63.94979
G1 X154.321 Y26.633 E63.96348
G1 X154.194 Y27.083 E63.97904
G1 X154.109 Y27.517 E63.99374
G1 X154.051 Y28.048 E64.01151
G1 X154.056 Y28.609 E64.03017
G1 X154.099 Y29.043 E64.04468
G1 X154.175 Y29.461 E64.05881
G1 X154.317 Y29.998 E64.07728
G1 X154.561 Y30.603 E64.09898
G1 X154.818 Y31.068 E64.11665
G1 X155.13 Y31.533 E64.13527
G1 X155.494 Y31.952 E64.15373
G1 X155.746 Y32.201 E64.16552
G1 X156.076 Y32.484 E64.17998
G1 X156.437 Y32.744 E64.19477
G1 X156.909 Y33.028 E64.2131
G1 X157.417 Y33.252 E64.23156
G1 X157.819 Y33.39 E64.2457
G1 X158.356 Y33.527 E64.26413
M204 S2000
G0 F7500 X158.482 Y32.839
G0 X160.59 Y32.528
G0 X161.561 Y32.098
G0 X164.541 Y30.019
G0 X164.469 Y29.765
M204 S500
;TYPE:SKIN
G1 F1350 X164.596 Y29.135 E64.28551
G1 X164.643 Y28.759 E64.29811
G1 X164.66 Y28.293 E64.31362
G1 X164.627 Y27.705 E64.33321
G1 X164.534 Y27.135 E64.35242
G1 X164.454 Y26.859 E64.36197
G1 X164.946 Y26.97 E64.37875
G1 X165.491 Y27.043 E64.39704
G1 X166.089 Y27.075 E64.41695
G1 X166.894 Y27.077 E64.44373
G1 X166.76 Y27.371 E64.45448
G1 X166.641 Y27.783 E64.46874
G1 X166.6 Y28.084 E64.47884
G1 X166.62 Y28.762 E64.5014
G1 X166.722 Y29.155 E64.51491
G1 X166.872 Y29.554 E64.52908
G1 X166.101 Y29.556 E64.55473
G1 X165.562 Y29.579 E64.57267
G1 X164.989 Y29.655 E64.5919
G1 X164.469 Y29.765 E64.60957
M204 S2000
G0 F7500 X164.541 Y30.019
G0 X167.225 Y29.733
G0 X166.97 Y29.075
G0 X166.525 Y29.201
M204 S500
G1 F1350 X166.383 Y29.343 E64.61625
M204 S2000
G0 F7500 X165.792 Y29.368
M204 S500
G1 F1350 X166.418 Y28.743 E64.64568
M204 S2000
G0 F7500 X166.402 Y28.193
M204 S500
G1 F1350 X165.166 Y29.429 E64.70381
M204 S2000
G0 F7500 X164.781 Y29.248
M204 S500
G1 F1350 X166.471 Y27.558 E64.78331
M204 S2000
G0 F7500 X166.183 Y27.28
M204 S500
G1 F1350 X164.846 Y28.618 E64.84622
M204 S2000
G0 F7500 X164.847 Y28.051
M204 S500
G1 F1350 X165.646 Y27.252 E64.8838
M204 S2000
G0 F7500 X165.135 Y27.197
M204 S500
G1 F1350 X164.801 Y27.531 E64.89951
M204 S2000
G0 F7500 X164.348 Y27.603
G0 X164.195 Y26.616
G0 X167.177 Y26.896
G0 X167.54 Y28.708
G0 X167.784 Y29.36
G0 X168.389 Y29.901
G0 X169.037 Y30.154
G0 X174.474 Y30.155
G0 X177.427 Y29.814
G0 X177.427 Y29.127
M204 S500
G1 F1194.7 X177.967 Y29.125 E64.91981
G1 X177.855 Y28.41 E64.94701
G1 F1276.6 X177.883 Y28.4 E64.94805
G1 F1298.1 X177.914 Y27.751 E64.97053
G1 F1230.1 X177.977 Y27.496 E64.98011
G1 X177.41 Y27.497 E65.00081
G1 X177.48 Y27.752 E65.01046
G1 F1264.6 X177.502 Y28.42 E65.0342
G1 F1244.2 X177.525 Y28.429 E65.03509
G1 F1194.7 X177.51 Y28.715 E65.04585
G1 X177.427 Y29.127 E65.06165
M204 S2000
G0 F7500 X176.828 Y29.553
M204 S500
G1 F1350 X178.556 Y29.553 E65.11912
G1 X178.383 Y29.038 E65.13719
G1 X178.282 Y28.339 E65.16068
G1 X178.331 Y27.802 E65.17861
G1 X178.402 Y27.524 E65.18816
G1 X178.552 Y27.076 E65.20387
G1 X176.802 Y27.076 E65.26208
G1 X176.965 Y27.463 E65.27604
G1 X177.067 Y27.834 E65.28884
G1 X177.104 Y28.308 E65.30465
G1 X177.092 Y28.633 E65.31547
G1 X177.02 Y28.997 E65.32781
G1 X176.828 Y29.553 E65.34738
M204 S2000
G0 F7500 X176.828 Y30.114
G1 F2400 E64.54738
;MESH:part_4.stl
G0 F7500 X166.141 Y30.897
G0 X166.174 Y31.98
G0 X165.826 Y36.003
G0 X165.063 Y36.766
G0 X162.299 Y41.04
M204 S500
;TYPE:WALL-INNER
G1 F2400 E65.34738
G1 F1026.6 X161.953 Y41.334 E65.36723
G1 F1036.5 X161.495 Y41.834 E65.39661
M204 S2000
G0 F7500 X158.802 Y44.666
G0 X159.87 Y46.787
G0 X156.154 Y51.312
M204 S500
G1 F1353.4 X159.689 Y47.777 E65.56247
G1 X160.049 Y47.545 E65.57668
G1 F1350 X160.353 Y47.484 E65.58699
G1 X160.68 Y47.524 E65.59795
G1 X161.02 Y47.699 E65.61067
G1 X162.565 Y49.236 E65.68315
G1 X163.04 Y48.895 E65.7026
G1 X163.389 Y48.678 E65.71627
G1 X163.958 Y48.375 E65.73771
G1 X164.491 Y48.143 E65.75704
G1 X165.16 Y47.916 E65.78054
G1 X165.798 Y47.757 E65.80241
G1 X166.437 Y47.655 E65.82393
G1 X166.728 Y47.626 E65.83366
G1 X167.34 Y47.603 E65.85403
G1 X167.742 Y47.613 E65.8674
G1 X168.378 Y47.67 E65.88864
G1 X168.69 Y47.717 E65.89913
G1 X169.015 Y47.782 E65.91016
G1 X169.376 Y47.868 E65.9225
G1 X180.909 Y50.959 E66.31963
G1 F1247.1 X181.352 Y51.043 E66.33586
G1 F1054.7 X181.531 Y51.06 E66.34352
G1 F976.5 X181.913 Y51.238 E66.36289
G1 F981.8 X182.149 Y51.329 E66.37446
G1 F980 X182.441 Y51.417 E66.38843
G1 F976.5 X182.687 Y51.463 E66.39994
G1 F973 X182.966 Y51.489 E66.41287
G1 F976.5 X183.363 Y51.488 E66.43113
G1 F971.2 X183.721 Y51.424 E66.44794
G1 X183.99 Y51.359 E66.46074
G1 F980 X184.383 Y51.208 E66.48003
G1 X184.824 Y50.949 E66.50346
G1 F983.6 X185.254 Y50.559 E66.52996
G1 F992.6 X185.46 Y50.319 E66.54426
G1 F990.8 X185.699 Y49.939 E66.56461
G1 F987.2 X185.857 Y49.568 E66.58295
G1 F981.8 X185.972 Y49.159 E66.60238
G1 F976.5 X186.031 Y48.795 E66.61933
G1 F980 X186.027 Y48.301 E66.64197
G1 F983.6 X185.945 Y47.829 E66.66384
G1 X185.816 Y47.463 E66.68155
G1 F985.4 X185.681 Y47.17 E66.69625
G1 F992.6 X185.477 Y46.845 E66.71361
G1 F994.5 X185.246 Y46.558 E66.73024
G1 F985.4 X184.868 Y46.232 E66.75299
G1 F981.8 X184.571 Y46.036 E66.76926
G1 F980 X184.268 Y45.881 E66.78485
G1 F974.7 X183.848 Y45.74 E66.80526
G1 F978.3 X183.543 Y45.677 E66.81956
G1 X183.245 Y45.648 E66.8333
G1 X182.925 Y45.651 E66.84799
G1 F980 X182.646 Y45.682 E66.86085
G1 F976.5 X182.234 Y45.777 E66.88029
G1 X181.791 Y45.952 E66.90219
G1 F971.2 X181.428 Y46.179 E66.92199
G1 F974.7 X181.126 Y46.417 E66.9397
G1 F967.7 X180.905 Y46.623 E66.95372
G1 F1118 X180.612 Y46.736 E66.96633
G1 F1350 X180.47 Y46.824 E66.97189
G1 X180.109 Y47.007 E66.98535
G1 X179.62 Y47.163 E67.00242
G1 X179.02 Y47.234 E67.02251
G1 X178.458 Y47.196 E67.04125
G1 X171.153 Y45.241 E67.29277
G1 X170.864 Y45.112 E67.30329
G1 X170.479 Y44.861 E67.31858
G1 X170.049 Y44.427 E67.3389
G1 X169.947 Y44.271 E67.3451
G1 X169.689 Y43.647 E67.36756
G1 X169.61 Y43.095 E67.3861
G1 X169.645 Y42.703 E67.39919
G1 X169.752 Y42.286 E67.41351
G1 X168.123 Y40.651 E67.49028
G1 X167.967 Y40.405 E67.49996
G1 X167.894 Y40.156 E67.50859
G1 X167.882 Y39.956 E67.51526
G1 X167.944 Y39.651 E67.52561
G1 F1343.3 X168.115 Y39.353 E67.53709
G1 X171.709 Y35.756 E67.70706
G1 F1353.4 X171.427 Y35.474 E67.72029
G1 F1343.3 X167.83 Y39.068 E67.89026
G1 X167.533 Y39.24 E67.90173
G1 F1350 X167.228 Y39.302 E67.91208
G1 X166.867 Y39.251 E67.92421
G1 X166.505 Y39.037 E67.9382
G1 X165.064 Y37.597 E68.00595
G1 X157.994 Y44.666 E68.33848
G1 X159.431 Y46.104 E68.4061
G1 X159.569 Y46.292 E68.41385
G1 X159.659 Y46.503 E68.42148
G1 X159.699 Y46.83 E68.43244
G1 X159.638 Y47.134 E68.44275
G1 F1353.4 X159.407 Y47.495 E68.45697
G1 X155.872 Y51.03 E68.62283
G1 X156.154 Y51.312 E68.63606
M204 S2000
G0 F7500 X156.154 Y51.877
M204 S500
G1 F1350 X159.971 Y48.059 E68.81563
G1 X160.187 Y47.92 E68.82417
G1 X160.491 Y47.891 E68.83433
G1 X160.771 Y48.013 E68.84448
G1 X162.54 Y49.776 E68.92755
G1 X162.818 Y49.544 E68.9396
G1 X163.272 Y49.221 E68.95813
G1 X163.579 Y49.03 E68.97015
G1 X164.118 Y48.742 E68.99048
G1 X164.651 Y48.51 E69.00981
G1 X165.259 Y48.304 E69.03116
G1 X165.863 Y48.152 E69.05188
G1 X166.476 Y48.053 E69.07253
G1 X166.768 Y48.024 E69.08229
G1 X167.354 Y48.003 E69.10179
G1 X167.707 Y48.012 E69.11354
G1 X168.32 Y48.066 E69.13401
G1 X168.613 Y48.11 E69.14386
G1 X168.922 Y48.171 E69.15434
G1 X169.273 Y48.255 E69.16634
G1 F1353.4 X181.261 Y51.468 E69.5781
G1 X181.736 Y51.678 E69.59533
G1 F1350 X181.98 Y51.775 E69.60407
G1 X182.341 Y51.88 E69.61657
G1 X182.616 Y51.937 E69.62591
G1 X182.946 Y51.966 E69.63693
G1 X183.248 Y51.967 E69.64698
G1 X183.506 Y51.945 E69.65559
G1 X183.807 Y51.896 E69.66573
G1 X184.134 Y51.814 E69.67694
G1 X184.482 Y51.679 E69.68936
G1 X184.715 Y51.565 E69.69799
G1 X184.967 Y51.416 E69.70772
G1 X185.202 Y51.248 E69.71733
G1 X185.405 Y51.077 E69.72616
G1 X185.594 Y50.889 E69.73503
G1 X185.838 Y50.601 E69.74758
G1 X186.038 Y50.296 E69.75971
G1 X186.168 Y50.053 E69.76888
G1 X186.282 Y49.789 E69.77844
G1 X186.371 Y49.525 E69.78771
G1 X186.44 Y49.254 E69.79701
G1 X186.486 Y48.959 E69.80694
G1 X186.507 Y48.703 E69.81548
G1 X186.505 Y48.396 E69.82569
G1 X186.48 Y48.139 E69.83428
G1 X186.428 Y47.84 E69.84438
G1 X186.361 Y47.58 E69.85331
G1 X186.261 Y47.297 E69.86329
G1 X186.146 Y47.041 E69.87262
G1 X186.024 Y46.82 E69.88102
G1 X185.858 Y46.569 E69.89103
G1 X185.69 Y46.358 E69.9
G1 X185.495 Y46.149 E69.90951
G1 X185.279 Y45.954 E69.91919
G1 X185.054 Y45.782 E69.9286
G1 X184.808 Y45.625 E69.93831
G1 X184.558 Y45.494 E69.9477
G1 X184.313 Y45.391 E69.95654
G1 X183.97 Y45.278 E69.96855
G1 X183.615 Y45.207 E69.98059
G1 X183.266 Y45.17 E69.99226
G1 X182.909 Y45.176 E70.00414
G1 X182.57 Y45.211 E70.01547
G1 X182.213 Y45.29 E70.02764
G1 X181.965 Y45.368 E70.03628
G1 X181.687 Y45.482 E70.04628
G1 X181.445 Y45.604 E70.05529
G1 X181.15 Y45.787 E70.06684
G1 X180.842 Y46.035 E70.07999
G1 X180.649 Y46.212 E70.0887
G1 X180.33 Y46.447 E70.10188
G1 X179.912 Y46.65 E70.11733
G1 X179.534 Y46.77 E70.13052
G1 X179.047 Y46.828 E70.14683
G1 X178.521 Y46.8 E70.16435
G1 X171.163 Y44.829 E70.41771
G1 X170.729 Y44.546 E70.43494
G1 X170.327 Y44.147 E70.45378
G1 X170.087 Y43.569 E70.4746
G1 X170.017 Y43.092 E70.49063
G1 X170.049 Y42.677 E70.50448
G1 X170.205 Y42.173 E70.52202
G1 X168.426 Y40.39 E70.6058
G1 X168.306 Y40.169 E70.61416
G1 X168.282 Y39.973 E70.62073
G1 X168.319 Y39.79 E70.62694
G1 X168.422 Y39.612 E70.63378
G1 X172.274 Y35.756 E70.81506
G1 X171.427 Y34.909 E70.8549
G1 X167.571 Y38.761 E71.03618
G1 X167.394 Y38.865 E71.04301
G1 X167.211 Y38.902 E71.04922
G1 X166.994 Y38.872 E71.0565
G1 X166.76 Y38.727 E71.06566
G1 X165.064 Y37.031 E71.14543
G1 X157.428 Y44.666 E71.50458
G1 X159.182 Y46.429 E71.5873
G1 X159.253 Y46.554 E71.59208
G1 X159.299 Y46.813 E71.60083
G1 X159.263 Y46.996 E71.60703
G1 X159.124 Y47.212 E71.61558
G1 X155.307 Y51.03 E71.79514
G1 X156.154 Y51.877 E71.83498
M204 S2000
G0 F7500 X156.154 Y51.495
G0 X160.396 Y47.313
G0 X162.595 Y48.701
M204 S500
G1 F1350 X163.2 Y48.325 E71.85867
G1 X163.768 Y48.022 E71.88008
G1 X164.441 Y47.734 E71.90443
G1 X165.061 Y47.528 E71.92616
G1 X165.734 Y47.362 E71.94922
G1 X166.31 Y47.268 E71.96863
G1 X166.779 Y47.222 E71.9843
G1 X167.326 Y47.203 E72.00251
G1 X167.691 Y47.21 E72.01465
G1 X168.354 Y47.264 E72.03677
G1 X168.701 Y47.313 E72.04843
G1 X169.108 Y47.393 E72.06222
G1 X169.48 Y47.482 E72.07495
G1 X181.435 Y50.685 E72.48659
G1 X181.113 Y50.39 E72.50112
G1 X180.814 Y49.998 E72.51752
G1 X180.65 Y49.68 E72.52942
G1 X180.524 Y49.319 E72.54213
G1 X180.392 Y48.679 E72.56387
G1 X180.397 Y48.316 E72.57594
G1 X180.534 Y47.771 E72.59463
G1 X180.621 Y47.505 E72.60394
G1 X180.9 Y47.019 E72.62258
G1 X180.65 Y47.181 E72.63249
G1 X180.268 Y47.375 E72.64674
G1 X179.833 Y47.516 E72.66195
G1 X179.575 Y47.571 E72.67072
G1 X179.031 Y47.635 E72.68894
G1 X178.391 Y47.593 E72.71027
G1 X171.049 Y45.627 E72.96307
G1 X170.646 Y45.447 E72.97775
G1 X170.219 Y45.158 E72.9949
G1 X169.758 Y44.709 E73.01631
G1 X169.593 Y44.458 E73.0263
G1 X169.301 Y43.774 E73.05103
G1 X169.211 Y43.072 E73.07457
G1 X169.247 Y42.667 E73.0881
G1 X169.3 Y42.399 E73.09718
G1 X167.819 Y40.912 E73.16698
G1 X167.601 Y40.567 E73.18056
G1 X167.499 Y40.218 E73.19265
G1 X167.482 Y39.938 E73.20198
G1 X167.542 Y39.642 E73.21203
G1 X167.246 Y39.702 E73.22207
G1 X166.966 Y39.685 E73.2314
G1 X166.516 Y39.533 E73.2472
G1 X166.234 Y39.331 E73.25874
G1 X165.064 Y38.163 E73.31372
G1 X162.521 Y40.705 E73.43331
G1 F1125 X162.299 Y41.04 E73.44935
G1 X162.685 Y40.931 E73.46536
G1 F1350 X162.964 Y40.823 E73.47531
G1 X163.222 Y40.755 E73.48419
G1 X163.568 Y40.708 E73.4958
G1 X163.94 Y40.704 E73.50818
G1 X164.295 Y40.745 E73.52006
G1 X164.773 Y40.868 E73.53648
G1 X165.248 Y41.107 E73.55416
G1 X165.729 Y41.522 E73.57529
G1 X165.903 Y41.703 E73.58364
G1 X166.222 Y42.22 E73.60385
G1 X166.32 Y42.454 E73.61229
G1 X166.435 Y42.821 E73.62508
G1 X166.489 Y43.075 E73.63372
G1 X166.494 Y43.362 E73.64326
G1 X166.441 Y43.971 E73.66359
G1 X166.163 Y44.68 E73.68892
G1 X165.997 Y44.938 E73.69913
G1 X165.608 Y45.414 E73.71957
G1 X164.988 Y45.81 E73.74404
G1 X164.657 Y45.942 E73.75589
G1 X164.042 Y46.093 E73.77696
G1 X163.173 Y46.055 E73.80589
G1 X162.78 Y45.899 E73.81995
G1 X162.187 Y45.575 E73.84243
G1 X161.974 Y45.383 E73.85196
G1 X161.601 Y44.992 E73.86994
G1 X161.358 Y44.565 E73.88628
G1 X161.259 Y44.328 E73.89482
G1 X161.135 Y43.836 E73.9117
G1 X161.099 Y43.376 E73.92704
G1 X161.135 Y42.948 E73.94133
G1 X161.251 Y42.5 E73.95672
G1 F1285.7 X161.404 Y42.105 E73.97151
G1 F1090.9 X161.495 Y41.834 E73.98328
G1 X161.253 Y42.001 E73.99538
G1 F1285.7 X160.939 Y42.286 E74.01019
G1 F1350 X158.559 Y44.666 E74.12214
G1 X159.787 Y45.893 E74.17988
G1 X159.933 Y46.124 E74.18897
G1 X160.076 Y46.47 E74.20142
G1 X160.099 Y46.847 E74.21398
G1 X160.039 Y47.144 E74.22406
G1 X160.336 Y47.084 E74.23414
G1 X160.711 Y47.107 E74.24663
G1 X161.041 Y47.241 E74.25848
G1 X161.27 Y47.385 E74.26748
G1 X162.595 Y48.701 E74.32959
M204 S2000
G0 F7500 X160.273 Y46.91
G0 X158.802 Y44.666
G0 X161.08 Y42.412
G0 X162.022 Y45.147
G0 X163.25 Y45.658
M204 S500
G1 F1350 X162.971 Y45.547 E74.33958
G1 X162.368 Y45.219 E74.36241
G1 X161.931 Y44.747 E74.3838
G1 X161.663 Y44.297 E74.40122
G1 X161.523 Y43.739 E74.42035
G1 X161.497 Y43.41 E74.43133
G1 X161.534 Y42.982 E74.44562
G1 X161.617 Y42.662 E74.45662
G1 X161.842 Y42.157 E74.475
G1 X162.268 Y41.649 E74.49705
G1 X162.518 Y41.467 E74.50734
G1 X162.964 Y41.237 E74.52403
G1 X163.325 Y41.141 E74.53645
G1 X163.573 Y41.108 E74.54478
G1 X163.944 Y41.104 E74.55712
G1 X164.198 Y41.133 E74.56562
G1 X164.625 Y41.242 E74.58028
G1 X165.017 Y41.438 E74.59485
G1 X165.553 Y41.896 E74.6183
G1 X165.904 Y42.464 E74.64051
G1 X166.091 Y43.063 E74.66138
G1 X166.095 Y43.327 E74.67016
G1 X166.038 Y43.908 E74.68958
G1 X165.773 Y44.58 E74.71361
G1 X165.414 Y45.02 E74.73249
G1 X165.218 Y45.188 E74.74108
G1 X164.794 Y45.46 E74.75783
G1 X164.554 Y45.555 E74.76642
G1 X163.985 Y45.696 E74.78592
G1 X163.25 Y45.658 E74.81039
M204 S2000
G0 F7500 X163.279 Y45.26
M204 S500
G1 F1350 X162.639 Y44.911 E74.83464
G1 X162.26 Y44.519 E74.85278
G1 X162.036 Y44.141 E74.86739
G1 X161.887 Y43.547 E74.88776
G1 X161.942 Y42.915 E74.90886
G1 X162.188 Y42.365 E74.9289
G1 X162.598 Y41.876 E74.95012
G1 X163.109 Y41.613 E74.96924
G1 X163.501 Y41.509 E74.98273
G1 X164.03 Y41.503 E75.00032
G1 X164.456 Y41.611 E75.01494
G1 X164.793 Y41.772 E75.02736
G1 X165.243 Y42.167 E75.04728
G1 X165.535 Y42.626 E75.06537
G1 X165.708 Y43.179 E75.08464
G1 X165.647 Y43.809 E75.10569
G1 X165.439 Y44.348 E75.12491
G1 X165.075 Y44.805 E75.14434
G1 X164.546 Y45.144 E75.16524
G1 X163.951 Y45.293 E75.18564
G1 X163.279 Y45.26 E75.20802
M204 S2000
G1 F2400 E74.40802
G0 F7500 X163.213 Y45.511
G0 X161.105 Y44.375
G0 X161.08 Y42.412
G0 X158.802 Y44.666
G0 X160.273 Y46.91
G0 X162.625 Y48.491
G0 X168.211 Y47.548
G0 X181.834 Y50.615
M204 S500
G1 F2400 E75.20802
G1 F1058.8 X181.692 Y50.425 E75.21808
G1 F1247.1 X181.383 Y50.095 E75.23435
G1 F1350 X181.17 Y49.816 E75.24603
G1 X181.006 Y49.497 E75.25796
G1 X180.916 Y49.239 E75.26705
G1 X180.796 Y48.64 E75.28737
G1 X180.794 Y48.379 E75.29605
G1 X180.954 Y47.745 E75.31779
G1 X181.215 Y47.273 E75.33573
G1 F1118 X181.282 Y47.04 E75.34547
G1 F966 X181.554 Y46.766 E75.36342
G1 F976.5 X182.004 Y46.473 E75.38811
G1 X182.296 Y46.341 E75.40284
G1 F980 X182.874 Y46.195 E75.43016
G1 F981.8 X183.549 Y46.221 E75.46105
G1 X184.242 Y46.467 E75.49468
G1 F987.2 X184.882 Y46.962 E75.53148
G1 F992.6 X185.067 Y47.196 E75.54497
G1 F990.8 X185.327 Y47.701 E75.57071
G1 X185.464 Y48.195 E75.59394
G1 F989 X185.477 Y48.842 E75.62332
G1 X185.34 Y49.406 E75.64967
G1 F990.8 X185.076 Y49.929 E75.67622
G1 X184.863 Y50.181 E75.69118
G1 F989 X184.41 Y50.564 E75.71811
G1 F987.2 X183.913 Y50.812 E75.74337
G1 F983.6 X183.209 Y50.957 E75.77618
G1 F981.8 X182.607 Y50.897 E75.80385
G1 F980 X182.324 Y50.807 E75.81746
G1 F976.5 X181.834 Y50.615 E75.84165
M204 S2000
G0 F7500 X182.119 Y50.222
M204 S500
G1 F1350 X181.576 Y49.73 E75.86603
G1 X181.324 Y49.24 E75.88435
G1 X181.176 Y48.489 E75.90981
G1 X181.344 Y47.861 E75.93143
G1 X181.595 Y47.413 E75.94851
G1 X181.844 Y47.146 E75.96066
G1 X182.332 Y46.829 E75.98001
G1 X182.917 Y46.674 E76.00014
G1 X183.446 Y46.697 E76.01775
G1 X184.013 Y46.888 E76.03765
G1 X184.613 Y47.353 E76.0629
G1 X184.892 Y47.903 E76.08341
G1 X184.993 Y48.275 E76.09623
G1 X184.994 Y48.828 E76.11462
G1 X184.889 Y49.239 E76.12873
G1 X184.617 Y49.77 E76.14858
G1 X184.167 Y50.15 E76.16816
G1 X183.772 Y50.356 E76.18298
G1 X183.169 Y50.476 E76.20343
G1 X182.639 Y50.412 E76.22119
G1 X182.119 Y50.222 E76.2396
M204 S2000
G0 F7500 X182.313 Y49.861
M204 S500
;TYPE:WALL-OUTER
G1 F1350 X181.899 Y49.483 E76.25825
G1 X181.706 Y49.107 E76.2723
G1 X181.586 Y48.514 E76.29243
G1 X181.712 Y48.014 E76.30958
G1 X181.935 Y47.636 E76.32417
G1 X182.101 Y47.457 E76.33229
G1 X182.514 Y47.191 E76.34863
G1 X182.983 Y47.073 E76.36472
G1 X183.368 Y47.09 E76.37754
G1 X183.838 Y47.257 E76.39412
G1 X184.288 Y47.61 E76.41315
G1 X184.514 Y48.037 E76.42922
G1 X184.592 Y48.328 E76.43924
G1 X184.597 Y48.766 E76.45381
G1 X184.504 Y49.125 E76.46614
G1 X184.301 Y49.513 E76.4807
G1 X183.934 Y49.824 E76.4967
G1 X183.652 Y49.969 E76.50725
G1 X183.163 Y50.069 E76.52385
G1 X182.736 Y50.024 E76.53813
G1 X182.313 Y49.861 E76.55321
M204 S2000
G1 F2400 E75.75321
G0 F7500 X181.838 Y50.375
G0 X180.232 Y48.701
G0 X180.411 Y47.519
G0 X169.633 Y44.81
G0 X169.122 Y42.455
G0 X167.308 Y39.876
G0 X165.064 Y38.406
G0 X162.823 Y40.672
G0 X166.364 Y42.144
G0 X165.625 Y45.587
G0 X163.228 Y45.515
G0 X163.398 Y44.862
M204 S500
G1 F2400 E76.55321
G1 F1350 X162.866 Y44.576 E76.5733
G1 X162.572 Y44.268 E76.58746
G1 X162.405 Y43.971 E76.59879
G1 X162.291 Y43.514 E76.61446
G1 X162.334 Y43.019 E76.63099
G1 X162.532 Y42.573 E76.64722
G1 X162.85 Y42.196 E76.66362
G1 X163.274 Y41.983 E76.6794
G1 X163.532 Y41.914 E76.68828
G1 X164.004 Y41.909 E76.70398
G1 X164.33 Y41.991 E76.71516
G1 X164.555 Y42.1 E76.72348
G1 X164.936 Y42.424 E76.74011
G1 X165.16 Y42.779 E76.75408
G1 X165.297 Y43.216 E76.76931
G1 X165.258 Y43.704 E76.78559
G1 X165.087 Y44.147 E76.80138
G1 X164.795 Y44.508 E76.81683
G1 X164.406 Y44.76 E76.83224
G1 X163.927 Y44.888 E76.84873
G1 X163.398 Y44.862 E76.86635
M204 S2000
G1 F2400 E76.06635
G0 F7500 X163.228 Y45.515
G0 X161.324 Y43.028
G0 X161.26 Y42.1
G0 X158.442 Y44.666
G0 X159.706 Y46.487
G0 X156.154 Y52.061
G0 X156.154 Y52.443
M204 S500
G1 F2400 E76.86635
G1 F1350 X160.297 Y48.299 E77.06125
G1 X160.428 Y48.286 E77.06563
G1 X160.521 Y48.327 E77.06901
G1 X162.516 Y50.318 E77.16275
G1 X163.05 Y49.87 E77.18593
G1 X163.514 Y49.541 E77.20485
G1 X163.769 Y49.382 E77.21485
G1 X164.278 Y49.109 E77.23406
G1 X164.826 Y48.871 E77.25393
G1 X165.358 Y48.692 E77.2726
G1 X165.927 Y48.547 E77.29213
G1 X166.516 Y48.451 E77.31198
G1 X166.808 Y48.422 E77.32174
G1 X167.381 Y48.403 E77.34081
G1 X167.673 Y48.41 E77.35052
G1 X168.262 Y48.462 E77.37019
G1 X168.536 Y48.502 E77.3794
G1 X168.829 Y48.56 E77.38933
G1 X169.169 Y48.641 E77.40096
G1 X181.167 Y51.859 E77.81412
G1 X181.563 Y52.04 E77.8286
G1 X181.848 Y52.153 E77.83879
G1 X182.17 Y52.251 E77.84999
G1 X182.557 Y52.334 E77.86315
G1 X182.928 Y52.366 E77.87554
G1 X183.264 Y52.367 E77.88671
G1 X183.554 Y52.343 E77.89639
G1 X183.888 Y52.288 E77.90765
G1 X184.256 Y52.196 E77.92027
G1 X184.642 Y52.046 E77.93404
G1 X184.905 Y51.917 E77.94378
G1 X185.185 Y51.752 E77.95459
G1 X185.448 Y51.564 E77.96535
G1 X185.675 Y51.373 E77.97521
G1 X185.888 Y51.161 E77.98521
G1 X186.16 Y50.841 E77.99918
G1 X186.382 Y50.5 E78.01271
G1 X186.529 Y50.227 E78.02302
G1 X186.656 Y49.933 E78.03368
G1 X186.755 Y49.639 E78.04399
G1 X186.832 Y49.334 E78.05446
G1 X186.884 Y49.006 E78.0655
G1 X186.907 Y48.718 E78.07511
G1 X186.905 Y48.376 E78.08649
G1 X186.877 Y48.086 E78.09618
G1 X186.82 Y47.756 E78.10731
G1 X186.744 Y47.463 E78.11738
G1 X186.633 Y47.148 E78.12849
G1 X186.504 Y46.862 E78.13893
G1 X186.366 Y46.612 E78.14842
G1 X186.182 Y46.333 E78.15954
G1 X185.994 Y46.097 E78.16958
G1 X185.776 Y45.863 E78.18021
G1 X185.535 Y45.646 E78.191
G1 X185.284 Y45.454 E78.20151
G1 X185.009 Y45.279 E78.21235
G1 X184.728 Y45.132 E78.2229
G1 X184.453 Y45.016 E78.23283
G1 X184.072 Y44.89 E78.24617
G1 X183.675 Y44.811 E78.25964
G1 X183.284 Y44.77 E78.27271
G1 X182.885 Y44.776 E78.28598
G1 X182.506 Y44.815 E78.29866
G1 X182.109 Y44.903 E78.31218
G1 X181.828 Y44.992 E78.32198
G1 X181.521 Y45.118 E78.33302
G1 X181.249 Y45.254 E78.34314
G1 X180.918 Y45.46 E78.3561
G1 X180.6 Y45.715 E78.36966
G1 X180.401 Y45.897 E78.37863
G1 X180.109 Y46.11 E78.39065
G1 X179.79 Y46.268 E78.40249
G1 X179.431 Y46.379 E78.41499
G1 X179.017 Y46.429 E78.42886
G1 X178.601 Y46.404 E78.44272
G1 X171.329 Y44.46 E78.69308
G1 X170.975 Y44.226 E78.7072
G1 X170.662 Y43.917 E78.72182
G1 X170.471 Y43.455 E78.73845
G1 X170.417 Y43.05 E78.75204
G1 X170.45 Y42.734 E78.76261
G1 X170.564 Y42.367 E78.77539
G1 X170.733 Y42.135 E78.78494
G1 X168.711 Y40.105 E78.88023
G1 X168.684 Y40.031 E78.88285
G1 X168.728 Y39.87 E78.88841
G1 X172.84 Y35.756 E79.08187
G1 X171.427 Y34.343 E79.14833
G1 X167.282 Y38.487 E79.34328
G1 X167.153 Y38.5 E79.34759
G1 X167.057 Y38.457 E79.35109
G1 X165.064 Y36.465 E79.44481
G1 X156.862 Y44.666 E79.83058
G1 X158.873 Y46.677 E79.92517
G1 X158.899 Y46.796 E79.92922
G1 X158.841 Y46.929 E79.93405
G1 X154.741 Y51.03 E80.12692
G1 X156.154 Y52.443 E80.19339
M204 S2000
G0 F7500 X156.154 Y52.061
G0 X160.396 Y47.878
G0 X162.467 Y48.432
G0 X162.651 Y48.248
M204 S500
;TYPE:SKIN
G1 F1350 X161.497 Y47.104 E80.24743
G1 X161.081 Y46.845 E80.26373
G1 X160.689 Y46.747 E80.27717
G1 X160.454 Y46.73 E80.28501
G1 X160.432 Y46.387 E80.29644
G1 X160.238 Y45.935 E80.3128
G1 X159.978 Y45.574 E80.3276
G1 X159.069 Y44.666 E80.37033
G1 X160.772 Y42.962 E80.45046
G1 X160.738 Y43.344 E80.46321
G1 X160.78 Y43.891 E80.48146
G1 X160.914 Y44.434 E80.50006
G1 X161.032 Y44.716 E80.51023
G1 X161.304 Y45.19 E80.52841
G1 X161.81 Y45.737 E80.55319
G1 X162.135 Y45.958 E80.56626
G1 X162.607 Y46.215 E80.58414
G1 X163.091 Y46.411 E80.6015
G1 X164.081 Y46.454 E80.63446
G1 X164.773 Y46.283 E80.65817
G1 X165.134 Y46.139 E80.6711
G1 X165.767 Y45.73 E80.69616
G1 X165.967 Y45.543 E80.70527
G1 X166.291 Y45.147 E80.72229
G1 X166.516 Y44.787 E80.73641
G1 X166.795 Y44.049 E80.76265
G1 X166.854 Y43.373 E80.78522
G1 X166.847 Y43.026 E80.79676
G1 X166.778 Y42.705 E80.80768
G1 X166.664 Y42.347 E80.82018
G1 X166.536 Y42.041 E80.83121
G1 X166.2 Y41.498 E80.85245
G1 X165.986 Y41.268 E80.8629
G1 X165.489 Y40.837 E80.88478
G1 X164.939 Y40.544 E80.90551
G1 X164.386 Y40.396 E80.92455
G1 X163.955 Y40.344 E80.93899
G1 X163.386 Y40.351 E80.95791
G1 X165.066 Y38.673 E81.03689
G1 X165.982 Y39.588 E81.07995
G1 X166.359 Y39.857 E81.09535
G1 X166.605 Y39.965 E81.10429
G1 X166.896 Y40.039 E81.11428
G1 X167.128 Y40.056 E81.12201
G1 X167.144 Y40.291 E81.12985
G1 X167.297 Y40.807 E81.14775
G1 X167.562 Y41.168 E81.16264
G1 X168.898 Y42.508 E81.22558
G1 X168.848 Y43.136 E81.24653
G1 X168.955 Y43.876 E81.2714
G1 X169.274 Y44.624 E81.29845
G1 X169.485 Y44.945 E81.31122
G1 X169.989 Y45.444 E81.33481
G1 X170.445 Y45.747 E81.35302
G1 X170.925 Y45.965 E81.37056
G1 X178.172 Y47.907 E81.6201
G1 X178.449 Y47.957 E81.62946
G1 X179.022 Y47.996 E81.64856
G1 X179.638 Y47.926 E81.66918
G1 X180.151 Y47.817 E81.68662
G1 X180.038 Y48.275 E81.70231
G1 X180.034 Y48.728 E81.71738
G1 X180.176 Y49.41 E81.74055
G1 X180.319 Y49.823 E81.75509
G1 X180.432 Y50.045 E81.76337
G1 X169.57 Y47.133 E82.1374
G1 X168.879 Y46.978 E82.16096
G1 X168.502 Y46.919 E82.17365
G1 X167.806 Y46.855 E82.19689
G1 X167.326 Y46.843 E82.21286
G1 X166.772 Y46.862 E82.2313
G1 X166.363 Y46.898 E82.24496
G1 X165.669 Y47.008 E82.26833
G1 X164.976 Y47.177 E82.29205
G1 X164.334 Y47.391 E82.31456
G1 X163.615 Y47.696 E82.34054
G1 X163.029 Y48.007 E82.3626
G1 X162.651 Y48.248 E82.37751
M204 S2000
G0 F7500 X162.468 Y48.432
G0 X160.273 Y46.91
G0 X158.802 Y44.666
G0 X161.08 Y42.412
G0 X162.243 Y45.789
G0 X163.979 Y45.532
G0 X164.649 Y45.365
G0 X165.239 Y44.981
G0 X165.64 Y44.487
G0 X165.887 Y43.858
G0 X165.949 Y43.147
G0 X165.751 Y42.519
G0 X164.845 Y40.721
G0 X162.823 Y40.672
G0 X165.064 Y38.406
G0 X165.485 Y38.726
G0 X165.161 Y39.05
M204 S500
G1 F1350 X164.318 Y39.894 E82.41719
G1 X164.317 Y39.894
G1 X164.056 Y40.155 E82.42947
M204 S2000
G0 F7500 X164.547 Y40.23
M204 S500
G1 F1350 X165.446 Y39.332 E82.47173
M204 S2000
G0 F7500 X165.73 Y39.613
M204 S500
G1 F1350 X164.995 Y40.348 E82.5063
M204 S2000
G0 F7500 X165.363 Y40.545
M204 S500
G1 F1350 X166.034 Y39.875 E82.53784
M204 S2000
G0 F7500 X166.39 Y40.085
M204 S500
G1 F1350 X165.709 Y40.765 E82.56985
M204 S2000
G0 F7500 X166.013 Y41.027
M204 S500
G1 F1350 X166.814 Y40.226 E82.60752
M204 S2000
G0 F7500 X167.021 Y40.585
M204 S500
G1 F1350 X166.299 Y41.307 E82.64148
M204 S2000
G0 F7500 X166.524 Y41.647
M204 S500
G1 F1350 X167.181 Y40.99 E82.67239
M204 S2000
G0 F7500 X167.423 Y41.314
M204 S500
G1 F1350 X166.737 Y42 E82.70465
M204 S2000
G0 F7500 X166.893 Y42.41
M204 S500
G1 F1350 X167.705 Y41.597 E82.74287
M204 S2000
G0 F7500 X167.988 Y41.881
M204 S500
G1 F1350 X167.013 Y42.855 E82.78871
M204 S2000
G0 F7500 X167.053 Y43.381
M204 S500
G1 F1350 X168.27 Y42.164 E82.84595
M204 S2000
G0 F7500 X168.553 Y42.447
M204 S500
G1 F1350 X166.992 Y44.008 E82.91938
M204 S2000
G0 F7500 X166.697 Y44.868
M204 S500
G1 F1350 X168.661 Y42.904 E83.01176
M204 S2000
G0 F7500 X168.689 Y43.442
M204 S500
G1 F1350 X165.548 Y46.583 E83.1595
G1 X165.547 Y46.584
G1 X165.221 Y46.91 E83.17484
M204 S2000
G0 F7500 X165.3 Y46.265
M204 S500
G1 F1350 X164.413 Y47.152 E83.21656
M204 S2000
G0 F7500 X164.028 Y46.972
M204 S500
G1 F1350 X163.436 Y47.564 E83.2444
M204 S2000
G0 F7500 X164.028 Y46.971
M204 S500
G1 F1350 X164.425 Y46.575 E83.26305
M204 S2000
G0 F7500 X163.792 Y46.642
M204 S500
G1 F1350 X162.558 Y47.876 E83.3211
M204 S2000
G0 F7500 X162.274 Y47.594
M204 S500
G1 F1350 X163.251 Y46.617 E83.36705
M204 S2000
G0 F7500 X162.797 Y46.506
M204 S500
G1 F1350 X161.99 Y47.313 E83.40501
M204 S2000
G0 F7500 X161.706 Y47.031
M204 S500
G1 F1350 X162.404 Y46.333 E83.43784
M204 S2000
G0 F7500 X162.039 Y46.133
M204 S500
G1 F1350 X161.379 Y46.792 E83.46886
M204 S2000
G0 F7500 X160.99 Y46.616
M204 S500
G1 F1350 X161.696 Y45.909 E83.5021
M204 S2000
G0 F7500 X161.423 Y45.616
M204 S500
G1 F1350 X160.627 Y46.413 E83.53956
M204 S2000
G0 F7500 X160.48 Y45.995
M204 S500
G1 F1350 X161.152 Y45.322 E83.57119
M204 S2000
G0 F7500 X160.944 Y44.964
M204 S500
G1 F1350 X160.272 Y45.636 E83.6028
M204 S2000
G0 F7500 X160.012 Y45.331
M204 S500
G1 F1350 X160.759 Y44.584 E83.63794
M204 S2000
G0 F7500 X160.636 Y44.141
M204 S500
G1 F1350 X159.731 Y45.046 E83.68051
M204 S2000
G0 F7500 X159.449 Y44.763
M204 S500
G1 F1350 X160.301 Y43.91 E83.72061
G1 X160.302 Y43.909
G1 X160.558 Y43.653 E83.73265
M204 S2000
G0 F7500 X161.019 Y43.618
G0 X161.08 Y42.412
G0 X158.802 Y44.666
G0 X160.273 Y46.91
G0 X162.625 Y48.491
G0 X166.007 Y47.217
G0 X165.936 Y46.761
M204 S500
G1 F1350 X168.764 Y43.933 E83.86567
M204 S2000
G0 F7500 X168.932 Y44.331
M204 S500
G1 F1350 X166.585 Y46.678 E83.97606
M204 S2000
G0 F7500 X167.18 Y46.648
M204 S500
G1 F1350 X169.101 Y44.727 E84.06642
M204 S2000
G0 F7500 X169.327 Y45.067
M204 S500
G1 F1350 X167.741 Y46.653 E84.14102
M204 S2000
G0 F7500 X168.263 Y46.696
M204 S500
G1 F1350 X169.61 Y45.35 E84.20436
M204 S2000
G0 F7500 X169.897 Y45.628
M204 S500
G1 F1350 X168.768 Y46.758 E84.25749
M204 S2000
G0 F7500 X169.243 Y46.847
M204 S500
G1 F1350 X170.242 Y45.849 E84.30445
M204 S2000
G0 F7500 X170.612 Y46.044
M204 S500
G1 F1350 X169.697 Y46.959 E84.34749
M204 S2000
G0 F7500 X170.144 Y47.079
M204 S500
G1 F1350 X171.025 Y46.197 E84.38895
M204 S2000
G0 F7500 X171.471 Y46.317
M204 S500
G1 F1350 X170.59 Y47.198 E84.43039
M204 S2000
G0 F7500 X171.036 Y47.318
M204 S500
G1 F1350 X171.917 Y46.437 E84.47183
M204 S2000
G0 F7500 X172.363 Y46.556
M204 S500
G1 F1350 X171.482 Y47.437 E84.51327
M204 S2000
G0 F7500 X171.928 Y47.557
M204 S500
G1 F1350 X172.809 Y46.676 E84.55471
M204 S2000
G0 F7500 X173.255 Y46.796
M204 S500
G1 F1350 X172.374 Y47.676 E84.59613
M204 S2000
G0 F7500 X172.821 Y47.796
M204 S500
G1 F1350 X173.701 Y46.915 E84.63754
M204 S2000
G0 F7500 X174.146 Y47.036
M204 S500
G1 F1350 X173.266 Y47.916 E84.67894
M204 S2000
G0 F7500 X173.712 Y48.035
M204 S500
G1 F1350 X174.593 Y47.155 E84.72035
M204 S2000
G0 F7500 X175.039 Y47.275
M204 S500
G1 F1350 X174.158 Y48.155 E84.76177
M204 S2000
G0 F7500 X174.605 Y48.274
M204 S500
G1 F1350 X175.485 Y47.394 E84.80316
M204 S2000
G0 F7500 X175.93 Y47.514
M204 S500
G1 F1350 X175.051 Y48.394 E84.84453
M204 S2000
G0 F7500 X175.497 Y48.513
M204 S500
G1 F1350 X176.377 Y47.634 E84.8859
M204 S2000
G0 F7500 X176.823 Y47.753
M204 S500
G1 F1350 X175.943 Y48.633 E84.92729
M204 S2000
G0 F7500 X176.389 Y48.753
M204 S500
G1 F1350 X177.268 Y47.873 E84.96866
M204 S2000
G0 F7500 X177.715 Y47.993
M204 S500
G1 F1350 X176.835 Y48.873 E85.01005
M204 S2000
G0 F7500 X177.281 Y48.992
M204 S500
G1 F1350 X178.164 Y48.109 E85.05159
M204 S2000
G0 F7500 X178.668 Y48.171
M204 S500
G1 F1350 X177.727 Y49.112 E85.09585
M204 S2000
G0 F7500 X178.173 Y49.231
M204 S500
G1 F1350 X179.228 Y48.176 E85.14547
M204 S2000
G0 F7500 X179.837 Y48.133
M204 S500
G1 F1350 X178.62 Y49.351 E85.20274
M204 S2000
G0 F7500 X179.066 Y49.47
M204 S500
G1 F1350 X179.834 Y48.701 E85.23889
M204 S2000
G0 F7500 X179.923 Y49.179
M204 S500
G1 F1350 X179.512 Y49.59 E85.25822
M204 S2000
G0 F7500 X179.957 Y49.71
M204 S500
G1 F1350 X180.02 Y49.647 E85.26118
M204 S2000
G0 F7500 X180.757 Y49.439
G1 F2400 E84.46118
;MESH:part_3.stl
G0 F7500 X180.838 Y50.333
G0 X173.114 Y49.472
G0 X172.834 Y50.519
G0 X173.103 Y53.491
G0 X173.101 Y54.576
G0 X171.457 Y55.648
M204 S500
;TYPE:WALL-INNER
G1 F2400 E85.26118
G1 F976.5 X171.003 Y55.611 E85.28213
G1 F1042.5 X170.48 Y55.609 E85.30465
G1 F1020.8 X170.224 Y55.619 E85.31592
M204 S2000
G0 F7500 X168.998 Y57.127
G0 X167.998 Y59.005
G0 X169.523 Y60.957
G0 X165.772 Y61.538
M204 S500
G1 F1350 X175.769 Y61.563 E85.64843
G1 X175.779 Y59.466 E85.71817
G1 X175.83 Y59.237 E85.72598
G1 X175.968 Y58.974 E85.73586
G1 X176.101 Y58.825 E85.7425
G1 X176.36 Y58.655 E85.7528
G1 X176.78 Y58.566 E85.76708
G1 F1353.4 X181.778 Y58.576 E85.9329
G1 X181.779 Y58.177 E85.94614
G1 X176.78 Y58.166 E86.11199
G1 F1350 X176.362 Y58.074 E86.12623
G1 X176.104 Y57.902 E86.13654
G1 X175.868 Y57.571 E86.15006
G1 X175.787 Y57.262 E86.16068
G1 X175.786 Y55.165 E86.23043
G1 X165.788 Y55.14 E86.56297
G1 X165.779 Y57.235 E86.63265
G1 X165.73 Y57.462 E86.64037
G1 X165.591 Y57.728 E86.65035
G1 X165.458 Y57.876 E86.65697
G1 X165.198 Y58.048 E86.66734
G1 F1343.3 X164.867 Y58.136 E86.67879
G1 X159.78 Y58.126 E86.84883
G1 F1350 X159.779 Y58.525 E86.8621
G1 F1343.3 X164.865 Y58.538 E87.03211
G1 X165.196 Y58.627 E87.04357
G1 F1350 X165.455 Y58.801 E87.05394
G1 X165.697 Y59.148 E87.06801
G1 X165.772 Y59.452 E87.07843
G1 X165.772 Y61.538 E87.14781
M204 S2000
G0 F7500 X165.371 Y61.938
M204 S500
G1 F1350 X176.169 Y61.964 E87.50695
G1 X176.178 Y59.498 E87.58897
G1 X176.208 Y59.368 E87.59341
G1 X176.37 Y59.121 E87.60323
G1 X176.526 Y59.019 E87.60943
G1 X176.779 Y58.966 E87.61803
G1 X182.176 Y58.976 E87.79754
G1 X182.18 Y57.778 E87.83738
G1 X176.781 Y57.766 E88.01695
G1 X176.53 Y57.711 E88.0255
G1 X176.375 Y57.608 E88.03169
G1 X176.234 Y57.409 E88.0398
G1 X176.185 Y57.224 E88.04617
G1 X176.187 Y54.765 E88.12795
G1 X165.389 Y54.739 E88.4871
G1 X165.381 Y57.196 E88.56882
G1 X165.268 Y57.492 E88.57936
G1 X165.032 Y57.684 E88.58948
G1 X164.833 Y57.736 E88.59632
G1 X159.381 Y57.725 E88.77765
G1 X159.377 Y58.924 E88.81753
G1 X164.829 Y58.938 E88.99887
G1 X165.028 Y58.991 E89.00572
G1 X165.183 Y59.095 E89.01192
G1 X165.303 Y59.251 E89.01847
G1 X165.374 Y59.486 E89.02663
G1 X165.371 Y61.938 E89.10819
M204 S2000
G0 F7500 X165.642 Y61.67
G0 X166.173 Y61.139
M204 S500
G1 F1336.6 X169.845 Y61.145 E89.23154
G1 F1113.4 X170.221 Y61.068 E89.24702
G1 X169.879 Y60.894 E89.26249
G1 F1336.6 X169.551 Y60.754 E89.27447
G1 F1350 X169.318 Y60.618 E89.28345
G1 X169.089 Y60.454 E89.29282
G1 X168.888 Y60.276 E89.30175
G1 X168.674 Y60.037 E89.31242
G1 X168.489 Y59.776 E89.32306
G1 X168.353 Y59.538 E89.33217
G1 X168.104 Y58.821 E89.35742
G1 X168.089 Y58.201 E89.37804
G1 X168.104 Y57.946 E89.38654
G1 X168.223 Y57.477 E89.40263
G1 X168.43 Y57.012 E89.41956
G1 X168.69 Y56.635 E89.4348
G1 X169.008 Y56.305 E89.45004
G1 X169.434 Y56.003 E89.46741
G1 F1346.6 X169.89 Y55.793 E89.48415
G1 F1146.5 X170.224 Y55.619 E89.49889
G1 X169.838 Y55.551 E89.51424
G1 F1346.6 X166.187 Y55.541 E89.63598
G1 F1350 X166.184 Y57.228 E89.69209
G1 X166.119 Y57.559 E89.70331
G1 X165.974 Y57.897 E89.71554
G1 X165.728 Y58.172 E89.72782
G1 X165.475 Y58.339 E89.7379
G1 X165.727 Y58.507 E89.74797
G1 X165.971 Y58.785 E89.76027
G1 X166.118 Y59.133 E89.77284
G1 X166.171 Y59.419 E89.78251
G1 X166.173 Y61.139 E89.83972
M204 S2000
G0 F7500 X169.523 Y60.957
G0 X169.751 Y60.407
M204 S500
G1 F1350 X169.43 Y60.221 E89.85206
G1 X169.072 Y59.906 E89.86792
G1 X168.743 Y59.444 E89.88678
G1 X168.5 Y58.743 E89.91146
G1 X168.487 Y58.095 E89.93302
G1 X168.602 Y57.605 E89.94976
G1 X168.793 Y57.182 E89.96519
G1 X168.978 Y56.912 E89.97608
G1 X169.296 Y56.582 E89.99132
G1 X169.6 Y56.367 E90.00371
G1 X170.057 Y56.158 E90.02042
G1 X170.35 Y56.068 E90.03062
G1 X171.002 Y56.07 E90.0523
G1 X171.305 Y56.118 E90.06251
G1 X171.786 Y56.273 E90.07931
G1 X172.217 Y56.545 E90.09626
G1 X172.511 Y56.829 E90.10986
G1 X172.837 Y57.309 E90.12916
G1 X173.026 Y57.827 E90.1475
G1 X173.085 Y58.416 E90.16719
G1 X173.016 Y58.908 E90.18371
G1 X172.801 Y59.468 E90.20366
G1 X172.493 Y59.876 E90.22067
G1 X172.308 Y60.065 E90.22946
G1 X171.959 Y60.334 E90.24412
G1 X171.502 Y60.545 E90.26086
G1 X171.211 Y60.635 E90.27099
G1 X170.612 Y60.64 E90.29091
G1 X170.348 Y60.605 E90.29977
G1 X169.986 Y60.504 E90.31227
G1 X169.751 Y60.407 E90.32073
M204 S2000
G0 F7500 X170.017 Y60.098
M204 S500
G1 F1350 X169.663 Y59.893 E90.33433
G1 X169.366 Y59.63 E90.34753
G1 X169.097 Y59.249 E90.36304
G1 X168.896 Y58.665 E90.38358
G1 X168.892 Y58.12 E90.40171
G1 X168.981 Y57.733 E90.41492
G1 X169.196 Y57.263 E90.43211
G1 X169.584 Y56.86 E90.45071
G1 X169.767 Y56.731 E90.45816
G1 X170.342 Y56.468 E90.47919
G1 X171.097 Y56.47 E90.5043
G1 X171.614 Y56.639 E90.52239
G1 X172.003 Y56.884 E90.53768
G1 X172.18 Y57.054 E90.54585
G1 X172.492 Y57.525 E90.56464
G1 X172.631 Y57.903 E90.57803
G1 X172.683 Y58.415 E90.59515
G1 X172.617 Y58.837 E90.60936
G1 X172.447 Y59.274 E90.62495
G1 X172.125 Y59.701 E90.64274
G1 X171.75 Y59.991 E90.65851
G1 X171.237 Y60.227 E90.67729
G1 X170.537 Y60.242 E90.70057
G1 X170.017 Y60.098 E90.71852
M204 S2000
G0 F7500 X170.221 Y61.068
M204 S500
G1 F1003.7 X170.611 Y61.097 E90.73602
G1 F1022.7 X171.332 Y61.086 E90.76767
G1 F1146.5 X171.723 Y61.153 E90.78321
G1 F1350 X175.37 Y61.162 E90.90451
G1 X175.381 Y59.427 E90.96222
G1 X175.452 Y59.105 E90.97318
G1 X175.645 Y58.737 E90.98701
G1 X175.831 Y58.529 E90.99629
G1 X176.084 Y58.363 E91.00635
G1 X175.833 Y58.196 E91.01638
G1 X175.582 Y57.911 E91.02901
G1 X175.434 Y57.544 E91.04217
G1 X175.388 Y57.3 E91.05043
G1 X175.385 Y55.564 E91.10817
G1 F1336.6 X171.834 Y55.559 E91.22746
G1 F1084.3 X171.457 Y55.648 E91.2435
G1 X171.789 Y55.849 E91.25957
G1 F1336.6 X172.103 Y56 E91.27127
G1 F1350 X172.43 Y56.206 E91.28413
G1 X172.841 Y56.605 E91.30318
G1 X173.194 Y57.123 E91.32403
G1 X173.421 Y57.747 E91.34611
G1 X173.487 Y58.483 E91.37069
G1 X173.388 Y59.052 E91.3899
G1 X173.196 Y59.551 E91.40768
G1 X173.039 Y59.817 E91.41796
G1 X172.812 Y60.117 E91.43047
G1 X172.553 Y60.381 E91.44277
G1 X172.298 Y60.578 E91.45349
G1 X172.026 Y60.744 E91.46409
G1 X171.67 Y60.908 E91.47712
G1 F1146.5 X171.332 Y61.086 E91.49208
M204 S2000
G1 F2400 E90.69208
G0 F7500 X169.801 Y60.319
G0 X170.151 Y59.714
M204 S500
;TYPE:WALL-OUTER
G1 F2400 E91.49208
G1 F1350 X169.885 Y59.555 E91.50239
G1 X169.653 Y59.343 E91.51284
G1 X169.451 Y59.058 E91.52446
G1 X169.295 Y58.589 E91.5409
G1 X169.29 Y58.158 E91.55524
G1 X169.36 Y57.861 E91.56539
G1 X169.531 Y57.492 E91.57891
G1 X169.899 Y57.11 E91.59655
G1 X170.439 Y56.87 E91.61621
G1 X171.032 Y56.87 E91.63593
G1 X171.463 Y57.016 E91.65107
G1 X171.826 Y57.245 E91.66534
G1 X172.13 Y57.696 E91.68343
G1 X172.241 Y58.019 E91.69479
G1 X172.278 Y58.421 E91.70822
G1 X172.231 Y58.729 E91.71858
G1 X172.103 Y59.057 E91.73029
G1 X171.837 Y59.418 E91.74521
G1 X171.523 Y59.654 E91.75827
G1 X171.117 Y59.834 E91.77304
G1 X170.586 Y59.84 E91.7907
G1 X170.151 Y59.714 E91.80577
M204 S2000
G1 F2400 E91.00577
G0 F7500 X169.801 Y60.319
G0 X169.871 Y61.049
G0 X165.241 Y62.069
G0 X164.97 Y62.337
M204 S500
G1 F2400 E91.80577
G1 F1350 X176.568 Y62.365 E92.19152
G1 X176.579 Y59.521 E92.28611
G1 X176.64 Y59.417 E92.29012
G1 X176.778 Y59.366 E92.29502
G1 X182.575 Y59.378 E92.48783
G1 X182.582 Y57.379 E92.55431
G1 X176.72 Y57.366 E92.74928
G1 X176.589 Y57.219 E92.75583
G1 X176.588 Y54.366 E92.85072
G1 X164.989 Y54.338 E93.23651
G1 X164.983 Y57.157 E93.33027
G1 X164.945 Y57.256 E93.3338
G1 X164.845 Y57.337 E93.33808
G1 X158.983 Y57.324 E93.53305
G1 X158.976 Y59.323 E93.59954
G1 X164.838 Y59.337 E93.79451
G1 X164.976 Y59.501 E93.80164
G1 X164.97 Y62.337 E93.89596
M204 S2000
G0 F7500 X165.241 Y62.069
G0 X166.274 Y60.778
G0 X166.533 Y60.779
M204 S500
;TYPE:SKIN
G1 F1350 X166.534 Y59.378 E93.94256
G1 X166.456 Y59.011 E93.95504
G1 X166.28 Y58.591 E93.97019
G1 X166.059 Y58.341 E93.98128
G1 X166.278 Y58.093 E93.99229
G1 X166.454 Y57.696 E94.00673
G1 X166.541 Y57.28 E94.02087
G1 X166.548 Y55.902 E94.0667
G1 X168.947 Y55.91 E94.14649
G1 X168.773 Y56.032 E94.15356
G1 X168.434 Y56.38 E94.16972
G1 X168.117 Y56.836 E94.18819
G1 X167.903 Y57.286 E94.20476
G1 X167.747 Y57.886 E94.22538
G1 X167.729 Y58.181 E94.23521
G1 X167.739 Y58.781 E94.25517
G1 X167.803 Y59.054 E94.2645
G1 X168.024 Y59.688 E94.28683
G1 X168.194 Y59.983 E94.29815
G1 X168.377 Y60.241 E94.30867
G1 X168.634 Y60.532 E94.32159
G1 X168.921 Y60.786 E94.33433
G1 X166.533 Y60.779 E94.41376
M204 S2000
G0 F7500 X166.274 Y60.778
G0 X169.523 Y60.957
G0 X168.578 Y60.076
G0 X168.176 Y60.36
M204 S500
G1 F1350 X167.954 Y60.582 E94.4242
M204 S2000
G0 F7500 X167.39 Y60.58
M204 S500
G1 F1350 X167.971 Y60 E94.45151
M204 S2000
G0 F7500 X167.787 Y59.618
M204 S500
G1 F1350 X166.827 Y60.577 E94.49664
M204 S2000
G0 F7500 X166.732 Y60.107
M204 S500
G1 F1350 X167.64 Y59.198 E94.53937
M204 S2000
G0 F7500 X167.534 Y58.739
M204 S500
G1 F1350 X166.731 Y59.542 E94.57714
M204 S2000
G0 F7500 X166.669 Y59.039
M204 S500
G1 F1350 X167.528 Y58.18 E94.61755
M204 S2000
G0 F7500 X167.641 Y57.501
M204 S500
G1 F1350 X166.513 Y58.629 E94.6706
M204 S2000
G0 F7500 X166.506 Y58.07
M204 S500
G1 F1350 X168.067 Y56.509 E94.74403
G1 X168.068 Y56.508
G1 X168.163 Y56.413 E94.7485
M204 S2000
G0 F7500 X167.872 Y56.139
M204 S500
G1 F1350 X166.744 Y57.266 E94.80153
M204 S2000
G0 F7500 X166.745 Y56.7
M204 S500
G1 F1350 X167.34 Y56.105 E94.82952
M204 S2000
G0 F7500 X167.341 Y55.645
G0 X169.488 Y55.738
G0 X168.754 Y57.646
G0 X168.649 Y58.094
G0 X168.657 Y58.697
G0 X168.876 Y59.35
G0 X169.189 Y59.789
G0 X169.524 Y60.09
G0 X169.924 Y60.32
G0 X172.025 Y60.964
G0 X172.647 Y61.055
G0 X172.648 Y60.794
M204 S500
G1 F1350 X173.089 Y60.348 E94.85038
G1 X173.326 Y60.036 E94.86341
G1 X173.525 Y59.7 E94.8764
G1 X173.749 Y59.145 E94.89631
G1 X173.844 Y58.43 E94.9203
G1 X173.794 Y57.857 E94.93943
G1 X173.744 Y57.588 E94.94853
G1 X173.519 Y56.971 E94.97037
G1 X173.147 Y56.41 E94.99276
G1 X172.648 Y55.92 E95.01602
G1 X175.025 Y55.925 E95.09508
G1 X175.024 Y57.214 E95.13795
G1 X175.102 Y57.746 E95.15583
G1 X175.345 Y58.184 E95.17249
G1 X175.498 Y58.362 E95.1803
G1 X175.283 Y58.602 E95.19102
G1 X175.115 Y58.974 E95.20459
G1 X175.016 Y59.416 E95.21966
G1 X175.01 Y60.801 E95.26573
G1 X172.648 Y60.794 E95.34429
M204 S2000
G0 F7500 X172.647 Y61.055
G0 X174.725 Y61.059
G0 X174.726 Y60.599
M204 S500
G1 F1350 X174.81 Y60.514 E95.34826
M204 S2000
G0 F7500 X174.813 Y59.946
M204 S500
G1 F1350 X174.161 Y60.597 E95.37891
M204 S2000
G0 F7500 X173.659 Y60.534
M204 S500
G1 F1350 X174.819 Y59.374 E95.43347
M204 S2000
G0 F7500 X173.953 Y59.108
M204 S500
G1 F1350 X175.027 Y58.035 E95.48396
M204 S2000
G0 F7500 X174.88 Y57.616
M204 S500
G1 F1350 X174.046 Y58.45 E95.52319
M204 S2000
G0 F7500 X174.001 Y57.929
M204 S500
G1 F1350 X174.824 Y57.106 E95.5619
M204 S2000
G0 F7500 X174.823 Y56.541
M204 S500
G1 F1350 X173.907 Y57.458 E95.60501
M204 S2000
G0 F7500 X173.758 Y57.041
M204 S500
G1 F1350 X174.675 Y56.123 E95.64817
M204 S2000
G0 F7500 X174.113 Y56.12
M204 S500
G1 F1350 X173.565 Y56.668 E95.67394
M204 S2000
G0 F7500 X173.336 Y56.331
M204 S500
G1 F1350 X173.549 Y56.118 E95.68396
M204 S2000
G0 F7500 X173.55 Y55.66
G0 X175.213 Y55.735
G0 X175.754 Y58.362
G0 X175.502 Y58.746
G0 X175.112 Y58.515
M204 S500
G1 F1350 X173.507 Y60.12 E95.75946
M204 S2000
G0 F7500 X173.658 Y60.535
M204 S500
G1 F1350 X173.597 Y60.596 E95.76233
M204 S2000
G0 F7500 X173.596 Y61.357
G1 F2400 E94.96233
;MESH:part_1.stl
G0 F7500 X175.199 Y60.989
G0 X175.649 Y58.861
G0 X176.373 Y54.578
G0 X176.375 Y53.498
G0 X183.673 Y53.2
G0 X184.522 Y53.021
G0 X185.655 Y52.478
G0 X186.534 Y51.738
G0 X187.125 Y50.943
G0 X187.587 Y49.879
G0 X187.771 Y48.736
G0 X187.668 Y47.578
G0 X187.285 Y46.489
G0 X186.65 Y45.531
G0 X180.194 Y39.549
G0 X180.373 Y38.289
M204 S500
;TYPE:WALL-INNER
G1 F2400 E95.76233
G1 F1320.3 X180.731 Y38.356 E95.77471
G1 F1179 X181.24 Y38.349 E95.7941
M204 S2000
G0 F7500 X183.521 Y37.59
M204 S500
G1 F1350 X195.109 Y37.591 E96.17952
G1 X194.92 Y37.219 E96.1934
G1 X194.824 Y36.967 E96.20236
G1 X194.745 Y36.674 E96.21246
G1 X194.699 Y36.408 E96.22144
G1 X194.661 Y35.854 E96.23991
G1 X194.74 Y35.337 E96.2573
G1 X194.827 Y35.022 E96.26817
G1 X195.081 Y34.396 E96.29064
G1 X183.533 Y34.396 E96.67473
G1 X183.673 Y34.647 E96.68429
G1 X183.865 Y35.168 E96.70275
G1 X183.952 Y35.65 E96.71905
G1 X183.954 Y36.208 E96.7376
G1 X183.923 Y36.513 E96.7478
G1 X183.832 Y36.93 E96.762
G1 X183.664 Y37.352 E96.7771
G1 X183.521 Y37.59 E96.78634
M204 S2000
G0 F7500 X182.702 Y37.991
M204 S500
G1 F1350 X195.936 Y37.991 E97.2265
G1 X195.743 Y37.796 E97.23563
G1 X195.493 Y37.475 E97.24916
G1 X195.234 Y36.951 E97.2686
G1 X195.104 Y36.47 E97.28517
G1 X195.063 Y35.875 E97.30501
G1 X195.154 Y35.281 E97.325
G1 X195.41 Y34.65 E97.34765
G1 X195.597 Y34.352 E97.35935
G1 X195.929 Y33.996 E97.37554
G1 X182.703 Y33.996 E97.81544
G1 X182.897 Y34.192 E97.82461
G1 X183.152 Y34.523 E97.83851
G1 X183.298 Y34.786 E97.84851
G1 X183.49 Y35.307 E97.86698
G1 X183.552 Y35.651 E97.87861
G1 X183.554 Y36.325 E97.90102
G1 X183.441 Y36.845 E97.91872
G1 X183.321 Y37.146 E97.9295
G1 X183.016 Y37.657 E97.94929
G1 X182.702 Y37.991 E97.96454
M204 S2000
G0 F7500 X181.24 Y38.349
M204 S500
G1 F1208.1 X181.604 Y38.389 E97.97815
G1 F1340 X196.327 Y38.391 E98.47151
G1 F1276.6 X196.901 Y38.369 E98.49172
G1 F1171.4 X197.134 Y38.331 E98.50077
G1 F1202.7 X196.391 Y37.865 E98.53351
G1 F1313.9 X196.127 Y37.625 E98.5457
G1 F1350 X195.834 Y37.264 E98.56117
G1 X195.61 Y36.809 E98.57803
G1 X195.501 Y36.403 E98.59202
G1 X195.465 Y35.891 E98.60909
G1 X195.542 Y35.388 E98.62601
G1 X195.819 Y34.703 E98.65059
G1 X196.22 Y34.264 E98.67036
G1 X196.556 Y34.004 E98.68449
G1 F1320.3 X197.147 Y33.731 E98.70663
G1 F1205.4 X197.439 Y33.634 E98.7181
G1 F1230.1 X196.984 Y33.596 E98.73476
G1 F1350 X181.885 Y33.596 E99.23696
G1 F1310.7 X181.381 Y33.607 E99.25423
G1 F1255.8 X181.213 Y33.621 E99.26025
G1 F1273.6 X181.893 Y33.901 E99.28618
G1 F1320.3 X182.241 Y34.118 E99.30013
G1 F1336.6 X182.546 Y34.392 E99.3139
G1 F1343.3 X182.89 Y34.838 E99.33273
G1 F1350 X183.115 Y35.446 E99.35429
G1 X183.152 Y35.652 E99.36125
G1 X183.154 Y36.281 E99.38217
G1 X183.03 Y36.853 E99.40164
G1 X182.699 Y37.407 E99.4231
G1 X182.416 Y37.722 E99.43719
G1 X182.006 Y38.023 E99.45411
G1 X181.676 Y38.178 E99.46623
G1 F1216.2 X181.24 Y38.349 E99.48352
M204 S2000
G0 F7500 X180.105 Y38.089
G0 X179.498 Y37.744
G0 X178.973 Y37.175
G0 X178.764 Y36.755
G0 X178.66 Y36.377
G0 X178.628 Y35.907
G0 X178.698 Y35.43
G0 X178.961 Y34.79
G0 X179.171 Y34.56
G0 X180.102 Y33.776
M204 S500
G1 F1417.3 X180.447 Y33.67 E99.49496
G1 F1244.2 X180.871 Y33.626 E99.51034
G1 F1171.4 X181.145 Y33.626 E99.52084
M204 S2000
G0 F7500 X197.439 Y33.634
M204 S500
G1 F1151.4 X197.765 Y33.626 E99.53356
G1 F1241.4 X198.243 Y33.67 E99.55092
G1 F1391.8 X198.471 Y33.754 E99.55876
M204 S2000
G0 F7500 X199.427 Y34.504
G0 X199.748 Y34.919
G0 X199.991 Y35.576
G0 X199.993 Y36.259
G0 X199.877 Y36.795
G0 X199.566 Y37.315
G0 X198.478 Y38.227
M204 S500
G1 F1413.6 X198.273 Y38.292 E99.56559
G1 F1320.3 X197.984 Y38.341 E99.57556
G1 F1184.2 X197.71 Y38.368 E99.586
G1 F1065.1 X197.156 Y38.327 E99.60942
M204 S2000
G0 F7500 X197.189 Y37.862
M204 S500
;TYPE:WALL-OUTER
G1 F1350 X196.655 Y37.558 E99.62986
G1 X196.397 Y37.329 E99.64133
G1 X196.185 Y37.061 E99.6527
G1 X195.982 Y36.651 E99.66791
G1 X195.896 Y36.32 E99.67929
G1 X195.868 Y35.927 E99.69239
G1 X195.939 Y35.473 E99.70768
G1 X196.164 Y34.919 E99.72756
G1 X196.506 Y34.548 E99.74435
G1 X196.749 Y34.36 E99.75456
G1 X197.237 Y34.13 E99.77251
G1 X197.546 Y34.06 E99.78305
G1 X198.185 Y34.055 E99.8043
G1 X198.334 Y34.112 E99.80961
G1 F1118 X198.719 Y34.172 E99.82525
G1 F974.7 X199.049 Y34.387 E99.8434
G1 F1001.9 X199.283 Y34.604 E99.8577
G1 F1044.5 X199.606 Y35.046 E99.88123
G1 F1082.2 X199.806 Y35.644 E99.9074
G1 F1075.7 X199.807 Y36.215 E99.93123
G1 F1063 X199.697 Y36.73 E99.95348
G1 F1046.5 X199.412 Y37.223 E99.97791
G1 F1020.8 X199.199 Y37.464 E99.99206
G1 F989 X198.831 Y37.751 E100.01324
G1 F1036.5 X198.524 Y37.855 E100.02729
G1 F1219 X198.178 Y37.909 E100.04019
G1 F1350 X197.718 Y37.941 E100.05552
G1 X197.189 Y37.862 E100.07331
M204 S2000
G1 F2400 E99.27331
G0 F7500 X196.461 Y38.167
G0 X180.381 Y38.393
G0 X180.282 Y38.684
M204 S500
G1 F2400 E100.07331
G1 F1350 X180.702 Y38.767 E100.08755
G1 X181.086 Y38.792 E100.10035
G1 X197.711 Y38.792 E100.6533
G1 X198.059 Y38.748 E100.66497
G1 X198.413 Y38.661 E100.67709
G1 X198.651 Y38.572 E100.68554
G1 F1115.7 X198.992 Y38.302 E100.70305
G1 F960.9 X199.124 Y38.224 E100.71021
G1 F978.3 X199.406 Y38.003 E100.72666
G1 F998.2 X199.594 Y37.824 E100.73833
G1 F1016.9 X199.813 Y37.566 E100.75328
G1 F1030.5 X200.001 Y37.251 E100.76926
G1 F1054.7 X200.193 Y36.845 E100.78838
G1 F1071.4 X200.312 Y36.241 E100.81418
G1 F1067.2 X200.312 Y35.764 E100.83425
G1 F1073.6 X200.249 Y35.381 E100.85048
G1 F1077.8 X200.101 Y34.909 E100.87109
G1 F1052.6 X199.874 Y34.518 E100.89037
G1 F1020.8 X199.666 Y34.231 E100.90596
G1 F1001.9 X199.418 Y33.987 E100.92156
G1 F1032.5 X198.86 Y33.561 E100.95209
G1 F1197.3 X198.584 Y33.379 E100.96448
G1 F1350 X198.186 Y33.263 E100.97827
G1 X197.802 Y33.196 E100.99124
G1 X180.835 Y33.195 E101.55556
G1 X180.333 Y33.281 E101.5725
G1 X179.966 Y33.424 E101.5856
G1 F1118 X179.592 Y33.715 E101.60463
G1 F964.3 X179.405 Y33.828 E101.61481
G1 F985.4 X179.133 Y34.068 E101.63134
G1 F1013.1 X178.825 Y34.422 E101.65213
G1 F1044.5 X178.587 Y34.801 E101.67137
G1 F1058.8 X178.393 Y35.329 E101.69523
G1 F1067.2 X178.316 Y35.857 E101.71768
G1 F1073.6 X178.33 Y36.217 E101.73274
G1 F1069.3 X178.38 Y36.598 E101.74888
G1 F1058.8 X178.528 Y37.027 E101.76812
G1 F1048.5 X178.642 Y37.267 E101.7795
G1 F1034.5 X178.821 Y37.555 E101.79422
G1 F1018.9 X178.978 Y37.754 E101.80539
G1 F1000 X179.311 Y38.074 E101.82613
G1 F971.2 X179.53 Y38.231 E101.83859
G1 F955.8 X179.871 Y38.428 E101.85709
G1 F1007.5 X179.998 Y38.523 E101.86416
G1 F1192.1 X180.282 Y38.684 E101.87645
M204 S2000
G0 F7500 X180.121 Y37.921
M204 S500
G1 F973 X179.599 Y37.607 E101.90456
G1 F1005.6 X179.353 Y37.378 E101.91957
G1 F1030.5 X179.123 Y37.072 E101.93625
G1 F1058.8 X178.936 Y36.679 E101.95471
G1 F1073.6 X178.847 Y36.339 E101.96941
G1 F1077.8 X178.819 Y35.884 E101.9884
G1 F1073.6 X178.881 Y35.483 E102.00537
G1 F1058.8 X179.014 Y35.134 E102.02121
G1 F1040.5 X179.133 Y34.862 E102.03402
G1 F1020.8 X179.464 Y34.494 E102.05579
G1 F992.6 X179.794 Y34.227 E102.07499
G1 F1102 X180.19 Y34.131 E102.09159
G1 F1301.2 X180.219 Y34.135 E102.0926
G1 F1350 X180.546 Y34.06 E102.10376
G1 X181.185 Y34.056 E102.12501
G1 X181.723 Y34.267 E102.14424
G1 X182.012 Y34.451 E102.15563
G1 X182.263 Y34.68 E102.16693
G1 X182.536 Y35.034 E102.1818
G1 X182.752 Y35.618 E102.20251
G1 X182.75 Y36.257 E102.22376
G1 X182.652 Y36.706 E102.23905
G1 X182.359 Y37.188 E102.25781
G1 X182.157 Y37.411 E102.26782
G1 X181.784 Y37.686 E102.28323
G1 X181.474 Y37.828 E102.29457
G1 X181.164 Y37.912 E102.30525
G1 X180.718 Y37.941 E102.32012
G1 X180.431 Y37.898 E102.32977
G1 F1118 X180.121 Y37.921 E102.34226
M204 S2000
G0 F7500 X180.014 Y38.107
G0 X180.732 Y38.182
G0 X181.204 Y38.15
G0 X183.857 Y37.132
G0 X184.097 Y37.23
M204 S500
;TYPE:SKIN
G1 F1350 X184.184 Y37.006 E102.35025
G1 X184.279 Y36.568 E102.36515
G1 X184.314 Y36.227 E102.37656
G1 X184.312 Y35.65 E102.39575
G1 X184.213 Y35.076 E102.41512
G1 X184.098 Y34.757 E102.4264
G1 X194.526 Y34.756 E102.77324
G1 X194.387 Y35.266 E102.79082
G1 X194.328 Y35.655 E102.8039
G1 X194.308 Y35.95 E102.81374
G1 X194.339 Y36.431 E102.82977
G1 X194.393 Y36.748 E102.84046
G1 X194.522 Y37.231 E102.85709
G1 X184.097 Y37.23 E103.20383
M204 S2000
G0 F7500 X183.857 Y37.133
G0 X183.961 Y35.15
G0 X184.415 Y35.07
M204 S500
G1 F1350 X184.529 Y34.956 E103.20919
M204 S2000
G0 F7500 X185.095 Y34.956
M204 S500
G1 F1350 X184.496 Y35.554 E103.23734
M204 S2000
G0 F7500 X184.511 Y36.105
M204 S500
G1 F1350 X185.66 Y34.956 E103.29139
M204 S2000
G0 F7500 X186.226 Y34.956
M204 S500
G1 F1350 X184.459 Y36.723 E103.3745
M204 S2000
G0 F7500 X184.718 Y37.03
M204 S500
G1 F1350 X186.792 Y34.956 E103.47206
M204 S2000
G0 F7500 X187.357 Y34.956
M204 S500
G1 F1350 X185.283 Y37.03 E103.56961
M204 S2000
G0 F7500 X185.849 Y37.03
M204 S500
G1 F1350 X187.923 Y34.956 E103.66717
M204 S2000
G0 F7500 X188.489 Y34.956
M204 S500
G1 F1350 X186.415 Y37.03 E103.76472
M204 S2000
G0 F7500 X186.98 Y37.03
M204 S500
G1 F1350 X189.054 Y34.956 E103.86228
M204 S2000
G0 F7500 X189.62 Y34.956
M204 S500
G1 F1350 X187.546 Y37.03 E103.95983
M204 S2000
G0 F7500 X188.112 Y37.03
M204 S500
G1 F1350 X190.186 Y34.956 E104.05738
M204 S2000
G0 F7500 X190.751 Y34.956
M204 S500
G1 F1350 X188.678 Y37.03 E104.15492
M204 S2000
G0 F7500 X189.243 Y37.03
M204 S500
G1 F1350 X191.317 Y34.956 E104.25247
M204 S2000
G0 F7500 X191.883 Y34.956
M204 S500
G1 F1350 X189.809 Y37.03 E104.35002
M204 S2000
G0 F7500 X190.375 Y37.03
M204 S500
G1 F1350 X192.449 Y34.956 E104.44758
M204 S2000
G0 F7500 X193.014 Y34.956
M204 S500
G1 F1350 X190.94 Y37.031 E104.54516
M204 S2000
G0 F7500 X191.505 Y37.031
M204 S500
G1 F1350 X193.58 Y34.956 E104.64276
M204 S2000
G0 F7500 X194.146 Y34.956
M204 S500
G1 F1350 X192.071 Y37.031 E104.74036
M204 S2000
G0 F7500 X192.637 Y37.031
M204 S500
G1 F1350 X194.145 Y35.522 E104.81132
M204 S2000
G0 F7500 X194.117 Y36.116
M204 S500
G1 F1350 X193.202 Y37.031 E104.85435
M204 S2000
G0 F7500 X193.768 Y37.031
M204 S500
G1 F1350 X194.169 Y36.63 E104.87322
M204 S2000
G0 F7500 X194.908 Y36.506
G1 F2400 E104.07322
;MESH:NONMESH
G0 F300 X194.908 Y36.506 Z0.6
G0 F7500 X194.805 Y37.413
G0 X183.827 Y37.413
G0 X182.748 Y34.919
G0 X182.427 Y34.504
G0 X181.816 Y34.042
G0 X181.227 Y33.817
G0 X180.532 Y33.819
G0 X180.14 Y33.907
G0 X179.64 Y34.143
G0 X178.607 Y35.218
G0 X177.56 Y34.937
G0 X171.427 Y33.135
G0 X162.753 Y33.454
G0 X162.124 Y32.571
G0 X158.224 Y32.621
G0 X158.309 Y32.335
;TIME_ELAPSED:238.448128
;LAYER:2
M106 S170
M204 S500
;TYPE:WALL-INNER
;MESH:part_2.stl
G1 F2400 E104.87322
G1 F1800 X158.015 Y32.248 E104.88341
G1 X157.656 Y32.107 E104.89624
G1 X157.394 Y31.979 E104.90594
G1 X157.093 Y31.802 E104.91755
G1 X156.787 Y31.582 E104.93009
G1 X156.511 Y31.345 E104.94219
G1 X156.279 Y31.111 E104.95315
G1 X156.055 Y30.841 E104.96482
G1 X155.872 Y30.583 E104.97534
G1 X155.684 Y30.265 E104.98763
G1 X155.535 Y29.954 E104.99909
G1 X155.425 Y29.672 E105.00916
G1 X155.324 Y29.338 E105.02077
G1 X155.232 Y28.848 E105.03735
G1 X155.202 Y28.496 E105.0491
G1 X155.215 Y27.925 E105.0681
G1 X155.259 Y27.598 E105.07907
G1 X155.336 Y27.25 E105.09093
G1 X155.435 Y26.929 E105.1021
G1 X155.621 Y26.489 E105.11799
G1 X155.796 Y26.167 E105.13018
G1 X155.97 Y25.904 E105.14066
G1 X156.189 Y25.622 E105.15254
G1 X156.592 Y25.206 E105.1718
G1 X156.948 Y24.929 E105.18681
G1 X157.266 Y24.724 E105.19939
G1 X157.713 Y24.498 E105.21605
G1 X158.012 Y24.385 E105.22668
G1 X158.433 Y24.262 E105.24127
G1 X158.855 Y24.194 E105.25549
G1 X159.169 Y24.169 E105.26596
G1 X159.553 Y24.17 E105.27873
G1 X159.89 Y24.197 E105.28998
G1 X160.222 Y24.255 E105.30119
G1 X160.522 Y24.333 E105.3115
G1 X160.856 Y24.445 E105.32322
G1 X161.187 Y24.589 E105.33522
G1 X161.626 Y24.843 E105.35209
G1 X161.913 Y25.049 E105.36384
G1 X162.184 Y25.284 E105.37577
G1 X162.389 Y25.488 E105.38539
G1 X162.63 Y25.773 E105.3978
G1 X162.836 Y26.065 E105.40969
G1 X163.023 Y26.386 E105.42205
G1 X163.23 Y26.831 E105.43837
G1 X163.373 Y27.297 E105.45458
G1 X163.446 Y27.654 E105.4667
G1 X163.486 Y27.981 E105.47766
G1 X163.498 Y28.34 E105.48961
G1 X163.486 Y28.651 E105.49996
G1 X163.447 Y28.981 E105.51101
G1 X163.364 Y29.368 E105.52417
G1 X163.281 Y29.651 E105.53398
G1 X163.064 Y30.166 E105.55257
G1 X162.891 Y30.478 E105.56444
G1 X162.642 Y30.84 E105.57905
G1 X162.379 Y31.151 E105.5926
G1 X162.143 Y31.386 E105.60367
G1 X161.88 Y31.605 E105.61506
G1 X161.527 Y31.856 E105.62946
G1 X161.167 Y32.05 E105.64306
G1 X160.844 Y32.192 E105.6548
G1 X160.531 Y32.296 E105.66577
G1 X160.198 Y32.381 E105.6772
G1 X159.703 Y32.453 E105.69384
G1 X159.355 Y32.466 E105.70542
G1 X158.999 Y32.453 E105.71727
G1 X158.683 Y32.414 E105.72786
G1 X158.309 Y32.335 E105.74057
M204 S2000
G0 F9000 X158.224 Y32.621
G0 X159.705 Y32.692
G0 X160.59 Y32.528
G0 X161.464 Y32.141
G0 X162.664 Y31.435
M204 S500
G1 F1909.8 X162.147 Y31.872 E105.76179
G1 F2099.1 X161.717 Y32.173 E105.77676
G1 F2117.6 X161.33 Y32.384 E105.78922
G1 F2111.4 X160.979 Y32.537 E105.80008
G1 F2105.3 X160.637 Y32.653 E105.81035
G1 F2093 X160.275 Y32.745 E105.82103
G1 F2087 X159.749 Y32.823 E105.83629
G1 F2074.9 X159.357 Y32.84 E105.84761
G1 X158.977 Y32.825 E105.85858
G1 F2057.1 X158.51 Y32.765 E105.87229
G1 X158.216 Y32.696 E105.88107
G1 F2074.9 X157.872 Y32.594 E105.89143
G1 F2069 X157.528 Y32.459 E105.90212
G1 F2045.5 X157.267 Y32.336 E105.91056
G1 X156.863 Y32.098 E105.92429
G1 F2069 X156.555 Y31.875 E105.93529
G1 X156.27 Y31.631 E105.94615
G1 X156.003 Y31.363 E105.95709
G1 F2051.3 X155.749 Y31.06 E105.96863
G1 X155.562 Y30.791 E105.9782
G1 F2057.1 X155.303 Y30.36 E105.99283
G1 F2039.7 X155.055 Y29.754 E106.01205
G1 F2057.1 X154.964 Y29.433 E106.02176
G1 F2069 X154.864 Y28.916 E106.037
G1 F2051.3 X154.831 Y28.567 E106.04723
G1 F2045.5 X154.83 Y28.003 E106.06374
G1 F2057.1 X154.89 Y27.539 E106.07735
G1 F2063 X154.948 Y27.263 E106.08554
G1 X155.077 Y26.818 E106.09898
G1 F2069 X155.284 Y26.328 E106.11437
G1 F2074.9 X155.457 Y26.008 E106.12487
G1 X155.663 Y25.691 E106.13578
G1 F2069 X155.91 Y25.374 E106.14741
G1 F2033.9 X156.14 Y25.127 E106.15734
G1 F2045.5 X156.345 Y24.929 E106.16568
G1 F2057.1 X156.563 Y24.749 E106.17391
G1 F2028.2 X157.027 Y24.428 E106.19056
G1 F2057.1 X157.55 Y24.163 E106.20763
G1 F2074.9 X157.897 Y24.03 E106.21835
G1 F2057.1 X158.47 Y23.868 E106.23568
G1 F2045.5 X159.047 Y23.802 E106.25268
G1 F2063 X159.561 Y23.797 E106.26759
G1 F2093 X159.941 Y23.829 E106.2785
G1 F2105.3 X160.304 Y23.892 E106.28898
G1 F2069 X160.619 Y23.969 E106.29836
G1 F2028.2 X161.234 Y24.193 E106.31768
G1 F2045.5 X161.757 Y24.479 E106.33513
G1 F2080.9 X162.144 Y24.757 E106.34884
G1 F1935.5 X162.675 Y25.209 E106.37041
M204 S2000
G0 F9000 X163.474 Y26.793
G0 X163.724 Y27.966
G0 X163.677 Y29.053
G0 X163.497 Y29.758
G0 X163.114 Y30.575
G0 X162.574 Y31.294
G0 X161.669 Y32.05
G0 X160.59 Y32.528
G0 X158.497 Y32.836
G0 X158.441 Y33.136
M204 S500
G1 F1800 X158.944 Y33.197 E106.38726
G1 X159.2 Y33.213 E106.39579
G1 X159.657 Y33.21 E106.41099
G1 X160.174 Y33.146 E106.42832
G1 X160.561 Y33.063 E106.44148
G1 X160.943 Y32.948 E106.45475
G1 X161.335 Y32.794 E106.46876
G1 X161.669 Y32.631 E106.48112
G1 X162.032 Y32.413 E106.4952
G1 X162.37 Y32.173 E106.50899
G1 X162.691 Y31.911 E106.52277
G1 F1804.5 X163.079 Y31.634 E106.53859
G1 X163.459 Y31.404 E106.55333
G1 F1800 X163.886 Y31.194 E106.56915
G1 X164.448 Y30.972 E106.58925
G1 X165.025 Y30.828 E106.60903
G1 X165.557 Y30.742 E106.62695
G1 X166.156 Y30.715 E106.6469
G1 X180.737 Y30.713 E107.13186
G1 F1698.1 X181.167 Y30.689 E107.14705
G1 F1618 X181.434 Y30.693 E107.15693
G1 F1610.7 X181.725 Y30.658 E107.16782
G1 F1600 X182.114 Y30.562 E107.18281
G1 F1607.1 X182.474 Y30.405 E107.19744
G1 F1592.9 X182.8 Y30.187 E107.21218
G1 X183.098 Y29.92 E107.22722
G1 F1596.5 X183.345 Y29.613 E107.242
G1 F1582.4 X183.553 Y29.184 E107.26004
G1 X183.693 Y28.725 E107.27819
G1 F1585.9 X183.726 Y28.34 E107.29278
G1 F1607.1 X183.711 Y28.036 E107.30412
G1 F1614.3 X183.624 Y27.645 E107.31897
G1 F1596.5 X183.475 Y27.263 E107.33435
G1 F1585.9 X183.339 Y27.018 E107.34493
G1 F1578.9 X183.091 Y26.697 E107.36031
G1 F1589.4 X182.65 Y26.323 E107.38209
G1 F1600 X182.213 Y26.105 E107.40036
G1 X181.848 Y25.997 E107.4146
G1 F1614.3 X181.436 Y25.94 E107.43003
G1 F1582.4 X180.914 Y25.955 E107.44978
G1 F1655.2 X180.472 Y25.92 E107.46582
G1 F1800 X166.131 Y25.916 E107.94281
G1 X165.677 Y25.897 E107.95792
G1 X165.245 Y25.844 E107.9724
G1 X164.732 Y25.734 E107.98985
G1 X164.174 Y25.561 E108.00928
G1 X163.693 Y25.348 E108.02677
G1 X163.267 Y25.119 E108.04286
G1 X162.881 Y24.866 E108.05821
G1 X162.275 Y24.387 E108.0839
G1 X161.861 Y24.104 E108.10058
G1 X161.31 Y23.82 E108.1212
G1 X160.725 Y23.607 E108.1419
G1 X160.235 Y23.496 E108.15862
G1 X159.852 Y23.443 E108.17148
G1 X159.409 Y23.418 E108.18623
G1 X159.022 Y23.427 E108.19911
G1 X158.527 Y23.482 E108.21567
G1 X158.017 Y23.601 E108.23309
G1 X157.621 Y23.73 E108.24694
G1 X157.246 Y23.89 E108.2605
G1 X156.833 Y24.105 E108.27599
G1 X156.33 Y24.451 E108.2963
G1 X155.871 Y24.858 E108.3167
G1 X155.497 Y25.28 E108.33545
G1 X155.221 Y25.679 E108.35159
G1 X155.003 Y26.055 E108.36605
G1 X154.835 Y26.406 E108.37899
G1 X154.698 Y26.772 E108.39199
G1 X154.583 Y27.176 E108.40596
G1 X154.505 Y27.577 E108.41955
G1 X154.452 Y28.068 E108.43597
G1 X154.457 Y28.603 E108.45377
G1 X154.497 Y29.001 E108.46707
G1 X154.569 Y29.388 E108.48016
G1 X154.697 Y29.872 E108.49681
G1 X154.923 Y30.431 E108.51687
G1 X155.168 Y30.872 E108.53365
G1 X155.449 Y31.289 E108.55037
G1 X155.796 Y31.688 E108.56796
G1 X156.027 Y31.915 E108.57873
G1 X156.324 Y32.169 E108.59173
G1 X156.657 Y32.41 E108.6054
G1 X157.093 Y32.672 E108.62232
G1 X157.563 Y32.879 E108.6394
G1 X157.948 Y33.01 E108.65293
G1 X158.441 Y33.136 E108.66985
M204 S2000
G0 F9000 X158.497 Y32.836
G0 X160.59 Y32.528
G0 X161.669 Y32.05
G0 X163.86 Y30.342
M204 S500
G1 F1800 X164.193 Y30.213 E108.68173
G1 X164.836 Y30.051 E108.70378
G1 X165.443 Y29.95 E108.72425
G1 X166.156 Y29.915 E108.74799
G1 X167.577 Y29.916 E108.79526
G1 X167.252 Y29.464 E108.81377
G1 X167.096 Y29.115 E108.82649
G1 X167.008 Y28.85 E108.83577
G1 X166.939 Y28.371 E108.85187
G1 X167.012 Y27.769 E108.87204
G1 X167.15 Y27.358 E108.88646
G1 X167.357 Y26.993 E108.90042
G1 X167.575 Y26.717 E108.91211
G1 X166.156 Y26.717 E108.95931
G1 X165.622 Y26.695 E108.97709
G1 X165.027 Y26.618 E108.99704
G1 X164.612 Y26.529 E109.01116
G1 X163.87 Y26.311 E109.03688
G1 X164.03 Y26.693 E109.05065
G1 X164.141 Y27.073 E109.06382
G1 X164.222 Y27.444 E109.07645
G1 X164.283 Y27.907 E109.09198
G1 X164.298 Y28.265 E109.1039
G1 X164.276 Y28.804 E109.12184
G1 X164.221 Y29.202 E109.13521
G1 X164.132 Y29.594 E109.14858
G1 X164.043 Y29.896 E109.15905
G1 X163.86 Y30.342 E109.17508
M204 S2000
G0 F9000 X162.664 Y31.435
M204 S500
G1 F1786.6 X162.915 Y31.262 E109.1853
G1 F1800 X163.254 Y31.06 E109.19842
G1 X163.71 Y30.834 E109.21535
G1 X164.321 Y30.593 E109.2372
G1 X164.93 Y30.44 E109.25808
G1 X165.5 Y30.346 E109.2773
G1 X166.156 Y30.315 E109.29914
G1 X168.389 Y30.315 E109.37341
G1 F1686.2 X168.889 Y30.287 E109.39119
G1 X168.435 Y30.093 E109.40872
G1 F1800 X168.153 Y29.908 E109.41994
G1 X167.849 Y29.624 E109.43377
G1 X167.617 Y29.3 E109.44703
G1 X167.41 Y28.838 E109.46386
G1 X167.342 Y28.359 E109.47996
G1 X167.404 Y27.85 E109.49701
G1 X167.524 Y27.501 E109.50928
G1 X167.671 Y27.241 E109.51922
G1 X167.907 Y26.941 E109.53191
G1 X168.23 Y26.642 E109.54655
G1 X168.644 Y26.454 E109.56168
G1 F1730.8 X169.039 Y26.334 E109.57596
G1 X168.627 Y26.317 E109.59022
G1 F1800 X166.114 Y26.316 E109.6738
G1 X165.649 Y26.296 E109.68928
G1 X165.122 Y26.229 E109.70695
G1 X164.617 Y26.117 E109.72416
G1 X164.012 Y25.927 E109.74525
G1 X163.531 Y25.714 E109.76274
G1 X163.028 Y25.442 E109.78176
G1 X162.675 Y25.209 E109.79583
G1 X162.947 Y25.529 E109.8098
G1 X163.18 Y25.86 E109.82326
G1 X163.339 Y26.127 E109.8336
G1 X163.623 Y26.726 E109.85565
G1 X163.757 Y27.185 E109.87155
G1 X163.83 Y27.525 E109.88312
G1 X163.885 Y27.944 E109.89717
G1 X163.898 Y28.355 E109.91085
G1 X163.879 Y28.754 E109.92414
G1 X163.829 Y29.118 E109.93636
G1 X163.748 Y29.481 E109.94873
G1 X163.662 Y29.773 E109.95885
G1 X163.459 Y30.266 E109.97658
G1 X163.221 Y30.705 E109.99319
G1 X162.972 Y31.067 E110.00781
G1 F1786.6 X162.664 Y31.435 E110.02389
M204 S2000
G0 F9000 X164.392 Y30.737
G0 X168.392 Y29.962
G0 X168.511 Y29.694
M204 S500
G1 F1800 X168.121 Y29.332 E110.04159
G1 X167.982 Y29.137 E110.04955
G1 X167.794 Y28.715 E110.06492
G1 X167.745 Y28.355 E110.077
G1 X167.791 Y27.955 E110.09039
G1 X167.924 Y27.567 E110.10403
G1 X168.222 Y27.189 E110.12004
G1 X168.632 Y26.871 E110.1373
G1 X169.225 Y26.717 E110.15768
G1 X174.528 Y26.719 E110.33406
G1 X175.096 Y26.889 E110.35378
G1 X175.414 Y27.126 E110.36697
G1 X175.564 Y27.289 E110.37433
G1 X175.804 Y27.673 E110.3894
G1 X175.891 Y27.92 E110.39811
G1 X175.95 Y28.42 E110.41485
G1 X175.865 Y28.852 E110.4295
G1 X175.579 Y29.354 E110.44871
G1 X175.249 Y29.634 E110.46311
G1 X175.058 Y29.743 E110.47042
G1 X174.538 Y29.916 E110.48865
G1 X169.302 Y29.916 E110.6628
G1 X168.96 Y29.866 E110.67429
G1 X168.511 Y29.694 E110.69029
M204 S2000
G0 F9000 X168.889 Y30.287
M204 S500
G1 F1690.1 X169.302 Y30.315 E110.70495
G1 F1809 X174.458 Y30.315 E110.87558
G1 F1777.8 X174.631 Y30.308 E110.88141
M204 S2000
G0 F9000 X176.115 Y29.914
M204 S500
G1 F1800 X179.188 Y29.913 E110.98362
G1 X179.039 Y29.704 E110.99216
G1 X178.868 Y29.367 E111.00473
G1 X178.746 Y29.019 E111.01699
G1 X178.656 Y28.591 E111.03154
G1 X178.652 Y28.037 E111.04996
G1 X178.802 Y27.443 E111.07034
G1 X178.956 Y27.072 E111.0837
G1 X179.167 Y26.719 E111.09738
G1 X176.107 Y26.719 E111.19916
G1 X176.243 Y26.865 E111.20579
G1 X176.483 Y27.249 E111.22085
G1 X176.686 Y27.826 E111.2412
G1 X176.739 Y28.278 E111.25633
G1 X176.74 Y28.53 E111.26472
G1 X176.665 Y28.929 E111.27822
G1 X176.511 Y29.334 E111.29263
G1 X176.327 Y29.657 E111.30499
G1 X176.115 Y29.914 E111.31607
M204 S2000
G0 F9000 X174.663 Y30.308
M204 S500
G1 F1786.6 X175.222 Y30.315 E111.33481
G1 F1800 X180.193 Y30.313 E111.50014
G1 X179.832 Y30.038 E111.51524
G1 X179.568 Y29.766 E111.52785
G1 X179.396 Y29.523 E111.53775
G1 X179.225 Y29.186 E111.55032
G1 X179.137 Y28.937 E111.5591
G1 X179.056 Y28.52 E111.57323
G1 X179.052 Y28.084 E111.58773
G1 X179.189 Y27.542 E111.60632
G1 X179.3 Y27.277 E111.61588
G1 X179.463 Y27.004 E111.62646
G1 X179.794 Y26.606 E111.64367
G1 X180.219 Y26.319 E111.66073
G1 X175.133 Y26.318 E111.82989
G1 F1710.2 X174.728 Y26.34 E111.84409
G1 X175.11 Y26.476 E111.85828
G1 F1800 X175.421 Y26.632 E111.86986
G1 X175.653 Y26.806 E111.8795
G1 X175.904 Y27.077 E111.89179
G1 X176.144 Y27.461 E111.90685
G1 X176.289 Y27.873 E111.92138
G1 X176.354 Y28.426 E111.9399
G1 X176.273 Y28.847 E111.95415
G1 X176.164 Y29.136 E111.96443
G1 X175.979 Y29.459 E111.97681
G1 X175.758 Y29.727 E111.98836
G1 X175.508 Y29.939 E111.99926
G1 X175.19 Y30.121 E112.01145
G1 F1786.6 X174.663 Y30.308 E112.03019
M204 S2000
G0 F9000 X175.282 Y29.916
G0 X175.765 Y29.508
G0 X176.088 Y28.945
G0 X176.194 Y28.438
G0 X176.111 Y27.753
G0 X175.899 Y27.316
G0 X175.69 Y27.06
G0 X174.728 Y26.34
M204 S500
G1 F1706.2 X174.435 Y26.318 E112.0405
G1 F1795.5 X169.298 Y26.317 E112.21178
G1 F1730.8 X169.039 Y26.334 E112.22076
M204 S2000
G0 F9000 X174.556 Y26.48
G0 X175.209 Y26.675
G0 X175.641 Y27
G0 X175.899 Y27.316
G0 X176.803 Y29.012
G0 X176.491 Y29.734
G0 X181.156 Y30.513
G0 X181.213 Y30.244
M204 S500
G1 F1651.4 X180.693 Y30.104 E112.24028
G1 F1747.6 X180.184 Y29.827 E112.26014
G1 F1800 X179.793 Y29.423 E112.27884
G1 X179.544 Y28.933 E112.29712
G1 X179.454 Y28.48 E112.31248
G1 X179.453 Y28.13 E112.32412
G1 X179.598 Y27.557 E112.34378
G1 X179.806 Y27.209 E112.35726
G1 F1764.7 X180.068 Y26.904 E112.3709
G1 F1690.1 X180.496 Y26.613 E112.38924
G1 F1589.4 X180.946 Y26.424 E112.40762
G1 F1572.1 X181.455 Y26.377 E112.42709
G1 F1603.6 X181.747 Y26.438 E112.43822
G1 F1600 X182.051 Y26.522 E112.45003
G1 F1603.6 X182.385 Y26.691 E112.464
G1 F1600 X182.81 Y27.053 E112.48489
G1 F1610.7 X183.13 Y27.555 E112.50702
G1 F1621.6 X183.288 Y28.123 E112.52878
G1 F1603.6 X183.24 Y28.708 E112.5507
G1 F1582.4 X183.128 Y29.019 E112.5632
G1 F1585.9 X183.004 Y29.312 E112.57521
G1 F1596.5 X182.765 Y29.628 E112.59007
G1 F1589.4 X182.521 Y29.827 E112.60193
G1 F1600 X182.308 Y29.985 E112.61186
G1 F1614.3 X181.968 Y30.139 E112.6257
G1 X181.454 Y30.254 E112.64523
G1 F1610.7 X181.213 Y30.244 E112.6542
M204 S2000
G0 F9000 X180.852 Y29.734
M204 S500
;TYPE:WALL-OUTER
G1 F1800 X180.427 Y29.503 E112.67028
G1 X180.123 Y29.188 E112.68484
G1 X179.938 Y28.824 E112.69842
G1 X179.852 Y28.438 E112.71158
G1 X179.856 Y28.165 E112.72066
G1 X179.972 Y27.712 E112.73621
G1 X180.15 Y27.414 E112.74776
G1 X180.356 Y27.192 E112.75783
G1 X180.72 Y26.953 E112.77231
G1 X181.006 Y26.855 E112.78237
G1 X181.442 Y26.801 E112.79698
G1 X181.883 Y26.912 E112.81211
G1 X182.133 Y27.035 E112.82137
G1 X182.499 Y27.352 E112.83748
G1 X182.728 Y27.722 E112.85195
G1 X182.86 Y28.143 E112.86662
G1 X182.812 Y28.646 E112.88343
G1 X182.648 Y29.069 E112.89852
G1 X182.46 Y29.327 E112.90914
G1 X182.076 Y29.63 E112.92541
G1 X181.826 Y29.739 E112.93448
G1 X181.341 Y29.837 E112.95093
G1 X180.852 Y29.734 E112.96756
M204 S2000
G1 F2400 E112.16756
G0 F9000 X180.707 Y30.417
G0 X169.235 Y30.154
G0 X168.443 Y29.984
G0 X168.724 Y29.346
M204 S500
G1 F2400 E112.96756
G1 F1800 X168.364 Y29.011 E112.98391
G1 X168.179 Y28.587 E112.9993
G1 X168.149 Y28.364 E113.00678
G1 X168.186 Y28.02 E113.01829
G1 X168.3 Y27.736 E113.02847
G1 X168.536 Y27.436 E113.04116
G1 X168.813 Y27.237 E113.05251
G1 X169.263 Y27.119 E113.06798
G1 X174.466 Y27.119 E113.24103
G1 X174.915 Y27.253 E113.25662
G1 X175.205 Y27.47 E113.26866
G1 X175.489 Y27.923 E113.28645
G1 X175.548 Y28.419 E113.30306
G1 X175.468 Y28.74 E113.31406
G1 X175.266 Y29.095 E113.32765
G1 X174.962 Y29.353 E113.34091
G1 X174.493 Y29.514 E113.3574
G1 X169.268 Y29.513 E113.53119
G1 X169.028 Y29.472 E113.53929
G1 X168.724 Y29.346 E113.55023
M204 S2000
G1 F2400 E112.75023
G0 F9000 X168.443 Y29.984
G0 X164.392 Y30.737
G0 X162.043 Y31.782
G0 X161.266 Y32.265
G0 X160.228 Y32.618
G0 X159.515 Y32.69
G0 X158.201 Y32.615
G0 X158.401 Y31.945
M204 S500
G1 F2400 E113.55023
G1 F1800 X158.114 Y31.859 E113.5602
G1 X157.848 Y31.755 E113.56969
G1 X157.557 Y31.612 E113.58048
G1 X157.298 Y31.458 E113.5905
G1 X157.03 Y31.264 E113.60151
G1 X156.793 Y31.061 E113.61188
G1 X156.585 Y30.853 E113.62167
G1 X156.381 Y30.609 E113.63225
G1 X156.204 Y30.36 E113.64241
G1 X156.044 Y30.091 E113.65282
G1 X155.914 Y29.823 E113.66272
G1 X155.793 Y29.51 E113.67389
G1 X155.711 Y29.235 E113.68343
G1 X155.623 Y28.755 E113.69966
G1 X155.601 Y28.445 E113.71
G1 X155.612 Y27.975 E113.72563
G1 X155.65 Y27.683 E113.73543
G1 X155.72 Y27.364 E113.74629
G1 X155.804 Y27.084 E113.75601
G1 X155.982 Y26.661 E113.77128
G1 X156.13 Y26.387 E113.78163
G1 X156.304 Y26.125 E113.7921
G1 X156.494 Y25.882 E113.80235
G1 X156.858 Y25.505 E113.81978
G1 X157.178 Y25.257 E113.83325
G1 X157.449 Y25.08 E113.84402
G1 X157.856 Y24.872 E113.85922
G1 X158.141 Y24.765 E113.86934
G1 X158.525 Y24.652 E113.88266
G1 X158.906 Y24.591 E113.89549
G1 X159.217 Y24.568 E113.90586
G1 X159.52 Y24.569 E113.91594
G1 X159.842 Y24.596 E113.92669
G1 X160.139 Y24.648 E113.93672
G1 X160.433 Y24.724 E113.94682
G1 X160.718 Y24.822 E113.95684
G1 X161.003 Y24.946 E113.96718
G1 X161.402 Y25.177 E113.98251
G1 X161.67 Y25.368 E113.99346
G1 X161.902 Y25.568 E114.00365
G1 X162.102 Y25.767 E114.01303
G1 X162.317 Y26.023 E114.02415
G1 X162.492 Y26.27 E114.03422
G1 X162.651 Y26.537 E114.04455
G1 X162.878 Y27.029 E114.06257
G1 X162.989 Y27.409 E114.07574
G1 X163.049 Y27.703 E114.08572
G1 X163.088 Y28.018 E114.09628
G1 X163.098 Y28.324 E114.10646
G1 X163.085 Y28.654 E114.11745
G1 X163.047 Y28.949 E114.12734
G1 X162.98 Y29.255 E114.13776
G1 X162.9 Y29.528 E114.14722
G1 X162.721 Y29.957 E114.16268
G1 X162.572 Y30.233 E114.17311
G1 X162.3 Y30.629 E114.18909
G1 X162.095 Y30.869 E114.19959
G1 X161.885 Y31.08 E114.20949
G1 X161.648 Y31.279 E114.21978
G1 X161.321 Y31.511 E114.23312
G1 X160.991 Y31.689 E114.24559
G1 X160.698 Y31.818 E114.25624
G1 X160.407 Y31.915 E114.26644
G1 X160.115 Y31.989 E114.27646
G1 X159.654 Y32.055 E114.29195
G1 X159.341 Y32.066 E114.30236
G1 X159.01 Y32.052 E114.31338
G1 X158.716 Y32.014 E114.32324
G1 X158.401 Y31.945 E114.33397
M204 S2000
G1 F2400 E113.53397
G0 F9000 X158.201 Y32.615
G0 X158.497 Y32.836
G0 X158.367 Y33.53
M204 S500
G1 F2400 E114.33397
G1 F1800 X158.908 Y33.596 E114.3521
G1 X159.178 Y33.613 E114.36109
G1 X159.683 Y33.61 E114.37789
G1 X160.24 Y33.541 E114.39656
G1 X160.675 Y33.447 E114.41136
G1 X161.059 Y33.332 E114.42469
G1 X161.482 Y33.167 E114.43979
G1 X161.859 Y32.983 E114.45375
G1 X162.239 Y32.757 E114.46845
G1 X162.603 Y32.498 E114.48331
G1 X162.955 Y32.213 E114.49837
G1 X163.325 Y31.95 E114.51347
G1 X163.679 Y31.74 E114.52716
G1 X164.075 Y31.547 E114.54181
G1 X164.576 Y31.351 E114.55971
G1 X165.136 Y31.214 E114.57888
G1 X165.614 Y31.138 E114.59498
G1 X166.156 Y31.115 E114.61302
G1 X181.455 Y31.114 E115.12187
G1 X181.799 Y31.079 E115.13337
G1 X182.252 Y30.965 E115.14891
G1 X182.676 Y30.78 E115.16429
G1 X183.063 Y30.527 E115.17967
G1 X183.408 Y30.212 E115.19521
G1 X183.707 Y29.845 E115.21096
G1 X183.953 Y29.341 E115.22961
G1 X184.115 Y28.806 E115.2482
G1 X184.154 Y28.343 E115.26365
G1 X184.128 Y27.979 E115.27579
G1 X184.034 Y27.524 E115.29124
G1 X183.862 Y27.084 E115.30696
G1 X183.699 Y26.783 E115.31834
G1 X183.401 Y26.4 E115.33448
G1 X182.886 Y25.964 E115.35693
G1 X182.369 Y25.709 E115.3761
G1 X181.937 Y25.579 E115.3911
G1 X181.463 Y25.52 E115.40699
G1 X166.147 Y25.516 E115.9164
G1 X165.692 Y25.497 E115.93155
G1 X165.279 Y25.444 E115.9454
G1 X164.848 Y25.351 E115.96006
G1 X164.336 Y25.195 E115.97787
G1 X163.841 Y24.975 E115.99588
G1 X163.468 Y24.773 E116.00999
G1 X163.11 Y24.538 E116.02423
G1 X162.513 Y24.065 E116.04957
G1 X162.067 Y23.76 E116.06754
G1 X161.471 Y23.453 E116.08984
G1 X160.839 Y23.222 E116.11222
G1 X160.307 Y23.102 E116.13036
G1 X159.892 Y23.044 E116.14429
G1 X159.43 Y23.017 E116.15969
G1 X159.027 Y23.026 E116.17309
G1 X158.459 Y23.087 E116.19209
G1 X157.909 Y23.215 E116.21088
G1 X157.496 Y23.349 E116.22532
G1 X157.089 Y23.521 E116.24001
G1 X156.627 Y23.761 E116.25733
G1 X156.082 Y24.135 E116.27931
G1 X155.587 Y24.575 E116.30134
G1 X155.182 Y25.032 E116.32165
G1 X154.891 Y25.45 E116.33859
G1 X154.656 Y25.853 E116.35411
G1 X154.467 Y26.248 E116.36867
G1 X154.322 Y26.632 E116.38232
G1 X154.194 Y27.083 E116.39792
G1 X154.109 Y27.517 E116.41263
G1 X154.051 Y28.048 E116.43039
G1 X154.056 Y28.609 E116.44905
G1 X154.103 Y29.072 E116.46453
G1 X154.175 Y29.461 E116.47769
G1 X154.317 Y29.998 E116.49616
G1 X154.561 Y30.603 E116.51786
G1 X154.818 Y31.068 E116.53553
G1 X155.13 Y31.533 E116.55416
G1 X155.494 Y31.952 E116.57262
G1 X155.746 Y32.201 E116.5844
G1 X156.076 Y32.484 E116.59886
G1 X156.437 Y32.744 E116.61365
G1 X156.909 Y33.028 E116.63198
G1 X157.417 Y33.252 E116.65044
G1 X157.819 Y33.39 E116.66458
G1 X158.367 Y33.53 E116.68339
M204 S2000
G0 F9000 X158.497 Y32.836
G0 X160.59 Y32.528
G0 X161.561 Y32.098
G0 X164.523 Y30.028
G0 X164.463 Y29.773
M204 S500
;TYPE:SKIN
G1 F1800 X164.57 Y29.288 E116.69991
G1 X164.635 Y28.852 E116.71457
G1 X164.657 Y28.264 E116.73414
G1 X164.641 Y27.859 E116.74762
G1 X164.577 Y27.379 E116.76373
G1 X164.464 Y26.861 E116.78136
G1 X164.947 Y26.97 E116.79783
G1 X165.581 Y27.054 E116.8191
G1 X166.165 Y27.078 E116.83854
G1 X166.898 Y27.077 E116.86292
G1 X166.786 Y27.272 E116.8704
G1 X166.661 Y27.688 E116.88485
G1 X166.579 Y28.359 E116.90733
G1 X166.655 Y28.915 E116.926
G1 X166.761 Y29.249 E116.93765
G1 X166.897 Y29.555 E116.94879
G1 X166.165 Y29.554 E116.97314
G1 X165.457 Y29.584 E116.99671
G1 X164.892 Y29.673 E117.01573
G1 X164.463 Y29.773 E117.03038
M204 S2000
G0 F9000 X165.187 Y29.422
M204 S500
G1 F1800 X164.807 Y29.042 E117.04825
M204 S2000
G0 F9000 X164.846 Y28.516
M204 S500
G1 F1800 X165.703 Y29.373 E117.08857
M204 S2000
G0 F9000 X166.245 Y29.349
M204 S500
G1 F1800 X164.842 Y27.946 E117.15456
M204 S2000
G0 F9000 X164.772 Y27.31
M204 S500
G1 F1800 X166.464 Y29.003 E117.23417
M204 S2000
G0 F9000 X166.377 Y28.35
M204 S500
G1 F1800 X165.238 Y27.211 E117.28774
M204 S2000
G0 F9000 X165.858 Y27.266
M204 S500
G1 F1800 X166.44 Y27.847 E117.3151
M204 S2000
G0 F9000 X166.895 Y27.904
G0 X167.837 Y29.392
G0 X168.367 Y29.885
G0 X168.819 Y30.084
G0 X169.235 Y30.154
G0 X174.601 Y30.155
G0 X176.814 Y29.814
G0 X176.814 Y29.554
M204 S500
G1 F1800 X177.021 Y29 E117.33477
G1 X177.098 Y28.574 E117.34916
G1 X177.097 Y28.244 E117.36014
G1 X177.044 Y27.785 E117.37551
G1 X176.799 Y27.079 E117.40036
G1 X178.566 Y27.079 E117.45913
G1 X178.452 Y27.356 E117.4691
G1 X178.328 Y27.848 E117.48597
G1 X178.294 Y28.133 E117.49552
G1 X178.3 Y28.641 E117.51242
G1 X178.398 Y29.108 E117.52829
G1 X178.556 Y29.553 E117.54399
G1 X176.814 Y29.554 E117.60193
M204 S2000
G0 F9000 X177.221 Y29.011
M204 S500
G1 F1800 X177.561 Y29.352 E117.61795
M204 S2000
G0 F9000 X178.124 Y29.349
M204 S500
G1 F1800 X177.295 Y28.519 E117.65696
M204 S2000
G0 F9000 X177.261 Y27.92
M204 S500
G1 F1800 X178.125 Y28.784 E117.6976
M204 S2000
G0 F9000 X178.095 Y28.188
M204 S500
G1 F1800 X177.186 Y27.28 E117.74034
M204 S2000
G0 F9000 X177.752 Y27.28
M204 S500
G1 F1800 X178.16 Y27.688 E117.75953
M204 S2000
G0 F9000 X178.9 Y27.874
G1 F2400 E116.95953
;MESH:part_4.stl
G0 F9000 X178.839 Y26.897
G0 X176.477 Y26.9
G0 X175.709 Y28.801
G0 X175.453 Y29.248
G0 X175.08 Y29.563
G0 X174.637 Y29.719
G0 X166.141 Y30.897
G0 X166.174 Y31.98
G0 X165.826 Y36.003
G0 X165.063 Y36.766
G0 X162.184 Y41.139
M204 S500
;TYPE:WALL-INNER
G1 F2400 E117.75953
G1 F1384.6 X161.884 Y41.408 E117.77695
G1 F1366.2 X161.495 Y41.832 E117.80217
M204 S2000
G0 F9000 X158.803 Y44.666
G0 X159.87 Y46.787
G0 X156.154 Y51.312
M204 S500
G1 F1804.5 X159.689 Y47.777 E117.96803
G1 X160.049 Y47.545 E117.98223
G1 F1800 X160.353 Y47.484 E117.99255
G1 X160.554 Y47.496 E117.99924
G1 X160.861 Y47.598 E118.01
G1 X161.021 Y47.701 E118.01633
G1 X162.565 Y49.236 E118.08875
G1 X163.04 Y48.895 E118.1082
G1 X163.389 Y48.678 E118.12186
G1 X163.958 Y48.375 E118.1433
G1 X164.491 Y48.143 E118.16264
G1 X165.161 Y47.916 E118.18617
G1 X165.715 Y47.775 E118.20518
G1 X166.374 Y47.663 E118.22741
G1 X166.83 Y47.616 E118.24266
G1 X167.687 Y47.61 E118.27117
G1 X168.319 Y47.663 E118.29226
G1 X168.646 Y47.711 E118.30325
G1 X169.308 Y47.852 E118.32576
G1 X181.324 Y51.071 E118.73951
G1 F1496.9 X181.499 Y51.047 E118.74658
G1 F1299.6 X181.78 Y51.18 E118.7609
G1 F1311.5 X182.034 Y51.287 E118.77348
G1 F1306.7 X182.334 Y51.392 E118.78804
G1 X182.76 Y51.478 E118.80795
G1 F1304.3 X183.171 Y51.494 E118.82683
G1 F1302 X183.447 Y51.473 E118.83956
G1 F1306.7 X183.71 Y51.431 E118.85176
G1 F1309.1 X183.989 Y51.359 E118.86494
G1 X184.371 Y51.213 E118.88364
G1 F1313.9 X184.718 Y51.013 E118.90189
G1 F1321.1 X184.933 Y50.859 E118.91387
G1 F1313.9 X185.244 Y50.565 E118.93338
G1 F1306.7 X185.457 Y50.316 E118.94839
G1 F1309.1 X185.705 Y49.933 E118.96926
G1 F1311.5 X185.896 Y49.477 E118.99182
G1 F1309.1 X185.978 Y49.128 E119.00822
G1 F1304.3 X186.023 Y48.833 E119.02192
G1 F1309.1 X186.036 Y48.319 E119.04543
G1 F1306.7 X185.959 Y47.93 E119.0636
G1 F1302 X185.819 Y47.474 E119.08553
G1 F1304.3 X185.692 Y47.188 E119.0999
G1 F1302 X185.471 Y46.85 E119.11846
G1 X185.153 Y46.48 E119.1409
G1 F1304.3 X184.872 Y46.235 E119.15801
G1 F1306.7 X184.571 Y46.036 E119.17454
G1 F1311.5 X184.137 Y45.832 E119.19643
G1 F1309.1 X183.847 Y45.74 E119.21035
G1 F1302 X183.496 Y45.67 E119.2268
G1 F1304.3 X183.053 Y45.64 E119.24718
G1 F1309.1 X182.629 Y45.683 E119.26667
G1 F1306.7 X182.314 Y45.758 E119.28151
G1 X181.885 Y45.915 E119.30244
G1 F1304.3 X181.534 Y46.093 E119.3205
G1 F1299.6 X181.164 Y46.388 E119.3423
G1 F1297.3 X180.882 Y46.643 E119.35985
G1 F1509.4 X180.598 Y46.74 E119.37175
G1 F1800 X180.251 Y46.939 E119.38506
G1 X179.875 Y47.092 E119.39856
G1 X179.227 Y47.24 E119.42066
G1 X178.457 Y47.197 E119.44631
G1 X171.153 Y45.241 E119.69781
G1 X170.864 Y45.112 E119.70833
G1 X170.463 Y44.848 E119.7243
G1 X170.047 Y44.425 E119.74403
G1 X169.924 Y44.239 E119.75145
G1 X169.711 Y43.685 E119.77119
G1 X169.648 Y43.414 E119.78045
G1 X169.614 Y42.882 E119.79818
G1 X169.658 Y42.588 E119.80806
G1 X169.752 Y42.286 E119.81858
G1 X168.122 Y40.651 E119.89537
G1 X167.967 Y40.405 E119.90504
G1 X167.894 Y40.156 E119.91367
G1 X167.882 Y39.956 E119.92034
G1 X167.944 Y39.651 E119.93069
G1 F1791 X168.115 Y39.353 E119.94217
G1 X171.709 Y35.756 E120.11214
G1 F1804.5 X171.427 Y35.474 E120.12537
G1 F1791 X167.83 Y39.068 E120.29534
G1 X167.533 Y39.24 E120.30681
G1 F1800 X167.228 Y39.302 E120.31716
G1 X166.867 Y39.251 E120.32929
G1 X166.534 Y39.063 E120.34201
G1 X165.062 Y37.597 E120.4111
G1 X157.994 Y44.666 E120.74358
G1 X159.464 Y46.136 E120.81273
G1 X159.659 Y46.504 E120.82658
G1 X159.699 Y46.83 E120.8375
G1 X159.638 Y47.134 E120.84782
G1 F1804.5 X159.407 Y47.495 E120.86204
G1 X155.872 Y51.03 E121.0279
G1 X156.154 Y51.312 E121.04113
M204 S2000
G0 F9000 X156.154 Y51.877
M204 S500
G1 F1800 X159.971 Y48.059 E121.22069
G1 X160.187 Y47.92 E121.22923
G1 X160.37 Y47.884 E121.23544
G1 X160.566 Y47.908 E121.24201
G1 X160.771 Y48.014 E121.24968
G1 X162.54 Y49.776 E121.33273
G1 X162.818 Y49.544 E121.34477
G1 X163.272 Y49.221 E121.3633
G1 X163.579 Y49.03 E121.37533
G1 X164.118 Y48.742 E121.39565
G1 X164.651 Y48.51 E121.41499
G1 X165.217 Y48.316 E121.43489
G1 X165.865 Y48.152 E121.45712
G1 X166.439 Y48.058 E121.47646
G1 X166.869 Y48.014 E121.49084
G1 X167.675 Y48.01 E121.51765
G1 X168.323 Y48.066 E121.53928
G1 X168.586 Y48.106 E121.54813
G1 X169.192 Y48.235 E121.56874
G1 X181.221 Y51.458 E121.98293
G1 X181.85 Y51.726 E122.00568
G1 X182.206 Y51.851 E122.01822
G1 X182.532 Y51.918 E122.02929
G1 X182.847 Y51.957 E122.03985
G1 X183.181 Y51.972 E122.05097
G1 X183.505 Y51.945 E122.06178
G1 X183.807 Y51.896 E122.07196
G1 X184.134 Y51.814 E122.08317
G1 X184.482 Y51.679 E122.09559
G1 X184.715 Y51.565 E122.10422
G1 X184.967 Y51.416 E122.11395
G1 X185.202 Y51.248 E122.12356
G1 X185.405 Y51.077 E122.13239
G1 X185.594 Y50.889 E122.14126
G1 X185.839 Y50.601 E122.15383
G1 X186.038 Y50.296 E122.16594
G1 X186.168 Y50.052 E122.17514
G1 X186.282 Y49.789 E122.18467
G1 X186.371 Y49.526 E122.19391
G1 X186.441 Y49.247 E122.20348
G1 X186.499 Y48.873 E122.21606
G1 X186.504 Y48.392 E122.23206
G1 X186.48 Y48.139 E122.24051
G1 X186.428 Y47.84 E122.25061
G1 X186.361 Y47.58 E122.25954
G1 X186.261 Y47.297 E122.26952
G1 X186.146 Y47.041 E122.27886
G1 X186.024 Y46.82 E122.28725
G1 X185.857 Y46.569 E122.29728
G1 X185.69 Y46.358 E122.30623
G1 X185.495 Y46.149 E122.31574
G1 X185.279 Y45.954 E122.32542
G1 X185.054 Y45.782 E122.33484
G1 X184.808 Y45.625 E122.34454
G1 X184.558 Y45.494 E122.35393
G1 X184.313 Y45.391 E122.36277
G1 X183.969 Y45.278 E122.37481
G1 X183.559 Y45.196 E122.38872
G1 X183.06 Y45.162 E122.40535
G1 X182.57 Y45.21 E122.42173
G1 X182.213 Y45.29 E122.4339
G1 X181.964 Y45.368 E122.44258
G1 X181.688 Y45.482 E122.45251
G1 X181.445 Y45.604 E122.46155
G1 X181.15 Y45.787 E122.4731
G1 X180.86 Y46.019 E122.48545
G1 X180.58 Y46.273 E122.49802
G1 X180.144 Y46.551 E122.51522
G1 X179.714 Y46.718 E122.53056
G1 X179.188 Y46.838 E122.54851
G1 X178.521 Y46.799 E122.57073
G1 X171.162 Y44.829 E122.82411
G1 X170.722 Y44.541 E122.8416
G1 X170.317 Y44.131 E122.86077
G1 X170.051 Y43.451 E122.88506
G1 X170.009 Y42.807 E122.90652
G1 X170.205 Y42.173 E122.92859
G1 X168.426 Y40.39 E123.01237
G1 X168.306 Y40.169 E123.02073
G1 X168.282 Y39.973 E123.0273
G1 X168.319 Y39.79 E123.03351
G1 X168.422 Y39.612 E123.04035
G1 X172.274 Y35.756 E123.22163
G1 X171.427 Y34.909 E123.26147
G1 X167.571 Y38.761 E123.44275
G1 X167.394 Y38.865 E123.44958
G1 X167.211 Y38.902 E123.45579
G1 X166.994 Y38.872 E123.46307
G1 X166.794 Y38.759 E123.47071
G1 X165.062 Y37.031 E123.55209
G1 X157.428 Y44.666 E123.91119
G1 X159.171 Y46.416 E123.99334
G1 X159.292 Y46.692 E124.00336
G1 X159.263 Y46.996 E124.01352
G1 X159.124 Y47.212 E124.02206
G1 X155.307 Y51.03 E124.20163
G1 X156.154 Y51.877 E124.24147
M204 S2000
G0 F9000 X156.154 Y51.495
G0 X160.396 Y47.313
G0 X162.595 Y48.701
M204 S500
G1 F1800 X163.2 Y48.325 E124.26516
G1 X163.799 Y48.009 E124.28768
G1 X164.442 Y47.734 E124.31094
G1 X165.062 Y47.528 E124.33267
G1 X165.616 Y47.387 E124.35169
G1 X166.309 Y47.268 E124.37507
G1 X166.79 Y47.218 E124.39116
G1 X167.7 Y47.21 E124.42143
G1 X168.443 Y47.275 E124.44623
G1 X168.789 Y47.331 E124.45789
G1 X169.381 Y47.458 E124.47803
G1 X181.428 Y50.683 E124.89282
G1 X181.109 Y50.386 E124.90732
G1 X180.815 Y49.999 E124.92348
G1 X180.652 Y49.683 E124.93531
G1 X180.509 Y49.326 E124.9481
G1 X180.436 Y48.931 E124.96146
G1 X180.403 Y48.395 E124.97932
G1 X180.446 Y48.086 E124.9897
G1 X180.586 Y47.589 E125.00687
G1 X180.87 Y47.041 E125.0274
G1 X180.505 Y47.268 E125.0417
G1 X179.995 Y47.475 E125.06
G1 X179.338 Y47.626 E125.08243
G1 X179.037 Y47.634 E125.09244
G1 X178.393 Y47.594 E125.1139
G1 X171.049 Y45.627 E125.36677
G1 X170.645 Y45.447 E125.38148
G1 X170.209 Y45.16 E125.39884
G1 X169.735 Y44.676 E125.42138
G1 X169.562 Y44.414 E125.43182
G1 X169.302 Y43.723 E125.45637
G1 X169.25 Y43.449 E125.46565
G1 X169.214 Y42.881 E125.48458
G1 X169.288 Y42.388 E125.50116
G1 X167.819 Y40.911 E125.57045
G1 X167.69 Y40.736 E125.57768
G1 X167.505 Y40.322 E125.59276
G1 X167.482 Y39.938 E125.60555
G1 X167.542 Y39.642 E125.6156
G1 X167.246 Y39.702 E125.62565
G1 X166.845 Y39.678 E125.63901
G1 X166.36 Y39.458 E125.65672
G1 X165.061 Y38.163 E125.71773
G1 X162.588 Y40.639 E125.83412
G1 F1734.9 X162.364 Y40.883 E125.84555
G1 F1487.6 X162.184 Y41.139 E125.85814
G1 F1535.2 X162.771 Y40.897 E125.8829
G1 F1800 X163.071 Y40.792 E125.89348
G1 X163.332 Y40.733 E125.90238
G1 X163.691 Y40.699 E125.91437
G1 X164.059 Y40.712 E125.92662
G1 X164.383 Y40.762 E125.93752
G1 X164.759 Y40.866 E125.9505
G1 X165.089 Y40.99 E125.96222
G1 X165.692 Y41.488 E125.98823
G1 X165.905 Y41.705 E125.99835
G1 X166.222 Y42.22 E126.01846
G1 X166.32 Y42.455 E126.02693
G1 X166.435 Y42.823 E126.03975
G1 X166.507 Y43.221 E126.0532
G1 X166.437 Y43.96 E126.07789
G1 X166.293 Y44.426 E126.09412
G1 X165.954 Y45.025 E126.11701
G1 X165.492 Y45.491 E126.13883
G1 X165.25 Y45.654 E126.14854
G1 X164.87 Y45.858 E126.16288
G1 X164.622 Y45.963 E126.17184
G1 X164.079 Y46.089 E126.19038
G1 X163.405 Y46.07 E126.21281
G1 X163.023 Y45.98 E126.22586
G1 X162.695 Y45.852 E126.23757
G1 X162.195 Y45.58 E126.2565
G1 X161.985 Y45.392 E126.26588
G1 X161.629 Y45.024 E126.28291
G1 X161.496 Y44.81 E126.29129
G1 X161.254 Y44.334 E126.30905
G1 X161.187 Y44.092 E126.3174
G1 X161.123 Y43.78 E126.32799
G1 X161.099 Y43.38 E126.34132
G1 X161.135 Y42.952 E126.35561
G1 X161.25 Y42.503 E126.37102
G1 F1718.4 X161.404 Y42.107 E126.38582
G1 F1454.5 X161.495 Y41.832 E126.39775
G1 X161.251 Y42.002 E126.40999
G1 F1718.4 X160.936 Y42.288 E126.42481
G1 F1800 X158.56 Y44.666 E126.53662
G1 X159.755 Y45.861 E126.59283
G1 X159.9 Y46.067 E126.60121
G1 X160.076 Y46.464 E126.61565
G1 X160.099 Y46.847 E126.62841
G1 X160.039 Y47.144 E126.63849
G1 X160.336 Y47.084 E126.64857
G1 X160.712 Y47.107 E126.6611
G1 X161.047 Y47.244 E126.67313
G1 X161.301 Y47.407 E126.68317
G1 X162.595 Y48.701 E126.74404
M204 S2000
G0 F9000 X160.273 Y46.91
G0 X158.803 Y44.666
G0 X161.08 Y42.411
G0 X162.324 Y45.311
G0 X163.121 Y45.592
M204 S500
G1 F1800 X162.886 Y45.5 E126.75243
G1 X162.378 Y45.222 E126.77169
G1 X161.904 Y44.734 E126.79432
G1 X161.6 Y44.112 E126.81734
G1 X161.515 Y43.699 E126.83137
G1 X161.498 Y43.413 E126.8409
G1 X161.534 Y42.986 E126.85515
G1 X161.616 Y42.665 E126.86617
G1 X161.841 Y42.156 E126.88468
G1 X162.203 Y41.726 E126.90338
G1 X162.544 Y41.45 E126.91797
G1 X163.049 Y41.207 E126.93661
G1 X163.42 Y41.123 E126.94926
G1 X163.677 Y41.099 E126.95784
G1 X164.165 Y41.116 E126.97408
G1 X164.652 Y41.251 E126.99089
G1 X164.934 Y41.379 E127.00119
G1 X165.459 Y41.817 E127.02393
G1 X165.631 Y42.022 E127.03283
G1 X165.903 Y42.463 E127.05007
G1 X166.053 Y42.942 E127.06676
G1 X166.105 Y43.228 E127.07643
G1 X166.044 Y43.878 E127.09814
G1 X165.925 Y44.266 E127.11164
G1 X165.63 Y44.786 E127.13153
G1 X165.185 Y45.234 E127.15253
G1 X164.57 Y45.565 E127.17576
G1 X164.024 Y45.692 E127.1944
G1 X163.415 Y45.662 E127.21468
G1 X163.121 Y45.592 E127.22473
M204 S2000
G0 F9000 X163.143 Y45.185
M204 S500
G1 F1800 X162.627 Y44.895 E127.24442
G1 X162.235 Y44.502 E127.26288
G1 X161.993 Y44.013 E127.28103
G1 X161.888 Y43.534 E127.29734
G1 X161.942 Y42.918 E127.31791
G1 X162.187 Y42.364 E127.33805
G1 X162.486 Y42.009 E127.35349
G1 X162.76 Y41.79 E127.36516
G1 X163.182 Y41.587 E127.38073
G1 X163.583 Y41.496 E127.39441
G1 X164.104 Y41.515 E127.41175
G1 X164.664 Y41.67 E127.43108
G1 X165.245 Y42.159 E127.45633
G1 X165.535 Y42.627 E127.47465
G1 X165.702 Y43.159 E127.49319
G1 X165.654 Y43.766 E127.51344
G1 X165.556 Y44.109 E127.52531
G1 X165.306 Y44.547 E127.54208
G1 X164.946 Y44.909 E127.55906
G1 X164.424 Y45.19 E127.57878
G1 X164 Y45.284 E127.59322
G1 X163.478 Y45.267 E127.6106
G1 X163.143 Y45.185 E127.62207
M204 S2000
G1 F2400 E126.82207
G0 F9000 X163.069 Y45.474
G0 X161.029 Y44.123
G0 X161.08 Y42.411
G0 X158.803 Y44.666
G0 X160.273 Y46.91
G0 X162.625 Y48.491
G0 X169.454 Y47.31
G0 X179.7 Y50.031
G0 X181.781 Y50.564
M204 S500
G1 F2400 E127.62207
G1 F1496.9 X181.701 Y50.388 E127.6298
G1 F1800 X181.381 Y50.092 E127.6443
G1 X181.171 Y49.816 E127.65583
G1 X181.007 Y49.5 E127.66767
G1 X180.842 Y49.015 E127.68471
G1 X180.797 Y48.312 E127.70814
G1 X180.961 Y47.735 E127.72809
G1 X181.189 Y47.286 E127.74484
G1 F1509.4 X181.272 Y47.017 E127.75601
G1 F1299.6 X181.831 Y46.573 E127.78889
G1 F1304.3 X182.047 Y46.44 E127.80054
G1 F1309.1 X182.62 Y46.232 E127.82841
G1 F1311.5 X183.247 Y46.189 E127.8571
G1 F1313.9 X183.821 Y46.296 E127.88371
G1 F1316.3 X184.271 Y46.49 E127.906
G1 F1304.3 X184.624 Y46.755 E127.92626
G1 X184.897 Y46.993 E127.94288
G1 F1313.9 X185.225 Y47.488 E127.96994
G1 X185.327 Y47.721 E127.98153
G1 F1316.3 X185.507 Y48.405 E128.0137
G1 F1309.1 X185.474 Y48.772 E128.03055
G1 F1304.3 X185.415 Y49.171 E128.04906
G1 F1311.5 X185.225 Y49.652 E128.07267
G1 F1316.3 X185.001 Y50.017 E128.09215
G1 F1318.7 X184.551 Y50.485 E128.12163
G1 X184.011 Y50.772 E128.14939
G1 X183.581 Y50.902 E128.16978
G1 F1313.9 X183.023 Y50.952 E128.19531
G1 X182.497 Y50.871 E128.21956
G1 F1316.3 X181.998 Y50.681 E128.24385
G1 F1299.6 X181.781 Y50.564 E128.2552
M204 S2000
G0 F9000 X182.117 Y50.223
M204 S500
G1 F1800 X181.576 Y49.728 E128.27959
G1 X181.363 Y49.317 E128.29499
G1 X181.239 Y48.937 E128.30828
G1 X181.199 Y48.359 E128.32756
G1 X181.349 Y47.852 E128.34514
G1 X181.602 Y47.357 E128.36363
G1 X182.187 Y46.9 E128.38832
G1 X182.729 Y46.699 E128.40755
G1 X183.21 Y46.669 E128.42358
G1 X183.721 Y46.767 E128.44088
G1 X184.052 Y46.918 E128.45298
G1 X184.506 Y47.278 E128.47225
G1 X184.835 Y47.755 E128.49153
G1 X185.035 Y48.457 E128.5158
G1 X184.953 Y49.039 E128.53535
G1 X184.806 Y49.427 E128.54915
G1 X184.619 Y49.732 E128.56105
G1 X184.245 Y50.116 E128.57888
G1 X183.8 Y50.342 E128.59548
G1 X183.46 Y50.438 E128.60723
G1 X183.026 Y50.468 E128.6217
G1 X182.66 Y50.416 E128.634
G1 X182.117 Y50.223 E128.65316
M204 S2000
G0 F9000 X182.325 Y49.873
M204 S500
;TYPE:WALL-OUTER
G1 F1800 X181.897 Y49.48 E128.67249
G1 X181.705 Y49.098 E128.68671
G1 X181.633 Y48.839 E128.69565
G1 X181.602 Y48.408 E128.71002
G1 X181.715 Y48.013 E128.72369
G1 X181.927 Y47.613 E128.73874
G1 X182.391 Y47.251 E128.75832
G1 X182.811 Y47.097 E128.7732
G1 X183.183 Y47.069 E128.7856
G1 X183.595 Y47.148 E128.79956
G1 X183.837 Y47.256 E128.80837
G1 X184.213 Y47.552 E128.82429
G1 X184.466 Y47.926 E128.83931
G1 X184.629 Y48.487 E128.85874
G1 X184.564 Y48.942 E128.87402
G1 X184.453 Y49.238 E128.88454
G1 X184.299 Y49.484 E128.89419
G1 X184.008 Y49.785 E128.90812
G1 X183.671 Y49.961 E128.92076
G1 X183.406 Y50.041 E128.92997
G1 X183.023 Y50.066 E128.94273
G1 X182.727 Y50.021 E128.95269
G1 X182.325 Y49.873 E128.96694
M204 S2000
G1 F2400 E128.16694
G0 F9000 X182.083 Y50.528
G0 X180.276 Y48.942
G0 X180.422 Y47.499
G0 X169.631 Y44.809
G0 X169.116 Y42.448
G0 X167.308 Y39.876
G0 X165.061 Y38.406
G0 X162.843 Y40.648
G0 X166.364 Y42.144
G0 X165.429 Y45.431
G0 X163.366 Y45.551
G0 X163.54 Y44.872
M204 S500
G1 F2400 E128.96694
G1 F1800 X163.27 Y44.798 E128.97625
G1 X162.87 Y44.577 E128.99145
G1 X162.567 Y44.264 E129.00594
G1 X162.37 Y43.878 E129.02035
G1 X162.293 Y43.509 E129.03289
G1 X162.334 Y43.021 E129.04918
G1 X162.539 Y42.565 E129.06581
G1 X162.769 Y42.292 E129.07768
G1 X162.959 Y42.143 E129.08571
G1 X163.335 Y41.962 E129.09959
G1 X163.596 Y41.903 E129.10849
G1 X164.063 Y41.919 E129.12403
G1 X164.474 Y42.036 E129.13825
G1 X164.937 Y42.426 E129.15838
G1 X165.16 Y42.779 E129.17227
G1 X165.297 Y43.214 E129.18744
G1 X165.26 Y43.7 E129.20365
G1 X165.191 Y43.935 E129.21179
G1 X164.973 Y44.318 E129.22645
G1 X164.718 Y44.573 E129.23845
G1 X164.268 Y44.816 E129.25546
G1 X163.959 Y44.886 E129.26599
G1 X163.54 Y44.872 E129.27994
M204 S2000
G1 F2400 E128.47994
G0 F9000 X163.366 Y45.551
G0 X161.324 Y43.031
G0 X161.259 Y42.098
G0 X158.443 Y44.666
G0 X159.707 Y46.487
G0 X156.154 Y52.061
G0 X156.154 Y52.443
M204 S500
G1 F2400 E129.27994
G1 F1800 X160.297 Y48.299 E129.47483
G1 X160.428 Y48.286 E129.47921
G1 X160.521 Y48.327 E129.48259
G1 X162.516 Y50.318 E129.57634
G1 X163.05 Y49.87 E129.59952
G1 X163.514 Y49.541 E129.61844
G1 X163.769 Y49.382 E129.62844
G1 X164.278 Y49.109 E129.64765
G1 X164.826 Y48.871 E129.66752
G1 X165.358 Y48.692 E129.68619
G1 X165.929 Y48.547 E129.70578
G1 X166.516 Y48.451 E129.72556
G1 X166.909 Y48.412 E129.7387
G1 X167.673 Y48.41 E129.76411
G1 X168.263 Y48.462 E129.78381
G1 X168.537 Y48.504 E129.79303
G1 X169.101 Y48.625 E129.81222
G1 X181.146 Y51.854 E130.22698
G1 X181.703 Y52.098 E130.2472
G1 X182.098 Y52.237 E130.26113
G1 X182.466 Y52.314 E130.27364
G1 X182.814 Y52.357 E130.2853
G1 X183.189 Y52.373 E130.29778
G1 X183.554 Y52.343 E130.30996
G1 X183.888 Y52.288 E130.32122
G1 X184.256 Y52.196 E130.33384
G1 X184.642 Y52.046 E130.34761
G1 X184.905 Y51.917 E130.35736
G1 X185.185 Y51.752 E130.36817
G1 X185.448 Y51.564 E130.37892
G1 X185.675 Y51.373 E130.38878
G1 X185.888 Y51.161 E130.39878
G1 X186.16 Y50.841 E130.41275
G1 X186.382 Y50.5 E130.42628
G1 X186.529 Y50.226 E130.43662
G1 X186.656 Y49.933 E130.44725
G1 X186.755 Y49.639 E130.45756
G1 X186.833 Y49.327 E130.46826
G1 X186.899 Y48.906 E130.48243
G1 X186.904 Y48.375 E130.5001
G1 X186.877 Y48.086 E130.50975
G1 X186.82 Y47.756 E130.52089
G1 X186.744 Y47.463 E130.53096
G1 X186.633 Y47.148 E130.54206
G1 X186.504 Y46.862 E130.5525
G1 X186.366 Y46.612 E130.562
G1 X186.181 Y46.333 E130.57313
G1 X185.994 Y46.097 E130.58315
G1 X185.776 Y45.863 E130.59378
G1 X185.535 Y45.646 E130.60457
G1 X185.284 Y45.454 E130.61508
G1 X185.009 Y45.279 E130.62592
G1 X184.728 Y45.132 E130.63647
G1 X184.453 Y45.016 E130.6464
G1 X184.071 Y44.89 E130.65977
G1 X183.612 Y44.798 E130.67534
G1 X183.199 Y44.771 E130.68911
G1 X182.885 Y44.776 E130.69956
G1 X182.506 Y44.814 E130.71222
G1 X182.109 Y44.903 E130.72576
G1 X181.828 Y44.992 E130.73556
G1 X181.522 Y45.118 E130.74657
G1 X181.249 Y45.254 E130.75671
G1 X180.918 Y45.46 E130.76968
G1 X180.6 Y45.715 E130.78324
G1 X180.328 Y45.963 E130.79548
G1 X179.961 Y46.192 E130.80987
G1 X179.642 Y46.322 E130.82132
G1 X179.145 Y46.438 E130.8383
G1 X178.601 Y46.404 E130.85643
G1 X171.328 Y44.46 E131.10682
G1 X170.965 Y44.217 E131.12135
G1 X170.658 Y43.913 E131.13572
G1 X170.453 Y43.382 E131.15465
G1 X170.412 Y42.857 E131.17216
G1 X170.564 Y42.367 E131.18923
G1 X170.733 Y42.135 E131.19877
G1 X168.711 Y40.105 E131.29407
G1 X168.684 Y40.031 E131.29669
G1 X168.728 Y39.87 E131.30224
G1 X172.84 Y35.756 E131.49571
G1 X171.427 Y34.343 E131.56217
G1 X167.314 Y38.455 E131.75561
G1 X167.194 Y38.502 E131.7599
G1 X167.054 Y38.455 E131.76481
G1 X165.062 Y36.465 E131.85846
G1 X156.862 Y44.666 E132.24418
G1 X158.857 Y46.663 E132.33807
G1 X158.897 Y46.755 E132.34141
G1 X158.884 Y46.886 E132.34578
G1 X154.741 Y51.03 E132.54068
G1 X156.154 Y52.443 E132.60715
M204 S2000
G0 F9000 X156.154 Y52.061
G0 X160.396 Y47.878
G0 X161.095 Y48.568
G0 X162.79 Y48.467
G0 X162.652 Y48.247
M204 S500
;TYPE:SKIN
G1 F1800 X161.537 Y47.132 E132.65959
G1 X161.208 Y46.922 E132.67257
G1 X160.785 Y46.75 E132.68776
G1 X160.453 Y46.73 E132.69882
G1 X160.436 Y46.494 E132.70669
G1 X160.294 Y46.005 E132.72363
G1 X160.034 Y45.632 E132.73875
G1 X159.071 Y44.665 E132.78414
G1 X160.773 Y42.961 E132.86425
G1 X160.741 Y43.352 E132.87729
G1 X160.77 Y43.855 E132.89405
G1 X160.828 Y44.146 E132.90392
G1 X160.927 Y44.489 E132.9158
G1 X161.174 Y44.973 E132.93387
G1 X161.338 Y45.239 E132.94426
G1 X161.85 Y45.77 E132.9688
G1 X162.138 Y45.958 E132.98023
G1 X162.542 Y46.178 E132.99553
G1 X162.908 Y46.322 E133.00862
G1 X163.375 Y46.428 E133.02454
G1 X164.128 Y46.45 E133.0496
G1 X164.714 Y46.31 E133.06964
G1 X165.024 Y46.183 E133.08078
G1 X165.438 Y45.961 E133.09641
G1 X165.704 Y45.783 E133.10705
G1 X166.172 Y45.323 E133.12888
G1 X166.336 Y45.081 E133.1386
G1 X166.634 Y44.552 E133.15879
G1 X166.792 Y44.024 E133.17712
G1 X166.853 Y43.389 E133.19834
G1 X166.845 Y43.008 E133.21102
G1 X166.785 Y42.733 E133.22038
G1 X166.662 Y42.342 E133.23401
G1 X166.536 Y42.044 E133.24477
G1 X166.213 Y41.512 E133.26547
G1 X165.977 Y41.261 E133.27693
G1 X165.41 Y40.774 E133.30179
G1 X165.145 Y40.627 E133.31187
G1 X164.872 Y40.523 E133.32159
G1 X164.482 Y40.415 E133.33505
G1 X164.093 Y40.353 E133.34815
G1 X163.677 Y40.34 E133.36199
G1 X163.365 Y40.37 E133.37242
G1 X165.06 Y38.675 E133.45214
G1 X166.03 Y39.64 E133.49765
G1 X166.3 Y39.823 E133.5085
G1 X166.635 Y39.974 E133.52072
G1 X166.895 Y40.039 E133.52964
G1 X167.128 Y40.056 E133.53741
G1 X167.145 Y40.291 E133.54524
G1 X167.301 Y40.814 E133.5634
G1 X167.559 Y41.162 E133.5778
G1 X168.907 Y42.516 E133.64135
G1 X168.853 Y42.886 E133.65379
G1 X168.892 Y43.5 E133.67425
G1 X168.955 Y43.82 E133.6851
G1 X169.25 Y44.595 E133.71268
G1 X169.482 Y44.941 E133.72654
G1 X169.868 Y45.327 E133.74469
G1 X170.088 Y45.511 E133.75423
G1 X170.446 Y45.746 E133.76847
G1 X170.927 Y45.964 E133.78604
G1 X178.175 Y47.908 E134.03563
G1 X178.449 Y47.957 E134.04489
G1 X179.155 Y48.001 E134.06841
G1 X179.524 Y47.955 E134.08078
G1 X180.15 Y47.807 E134.10218
G1 X180.092 Y48.02 E134.10952
G1 X180.038 Y48.407 E134.12251
G1 X180.076 Y48.955 E134.14079
G1 X180.159 Y49.406 E134.15604
G1 X180.405 Y50.037 E134.17856
G1 X169.498 Y47.116 E134.55412
G1 X168.886 Y46.982 E134.57495
G1 X168.4 Y46.907 E134.59131
G1 X167.719 Y46.85 E134.61404
G1 X166.752 Y46.859 E134.6462
G1 X166.26 Y46.91 E134.66265
G1 X165.543 Y47.034 E134.68685
G1 X164.867 Y47.211 E134.7101
G1 X164.326 Y47.393 E134.72908
G1 X163.655 Y47.678 E134.75333
G1 X163.033 Y48.004 E134.77669
G1 X162.652 Y48.247 E134.79172
M204 S2000
G0 F9000 X162.791 Y48.467
G0 X160.729 Y47.006
G0 X160.837 Y46.569
M204 S500
G1 F1800 X160.594 Y46.326 E134.80315
M204 S2000
G0 F9000 X160.152 Y46.449
G0 X158.803 Y44.666
G0 X161.08 Y42.411
G0 X161.373 Y44.789
G0 X160.962 Y44.997
M204 S500
G1 F1800 X159.992 Y44.027 E134.84877
M204 S2000
G0 F9000 X159.709 Y44.31
M204 S500
G1 F1800 X163.125 Y47.726 E135.00945
M204 S2000
G0 F9000 X162.753 Y47.919
M204 S500
G1 F1800 X159.427 Y44.592 E135.16592
M204 S2000
G0 F9000 X159.102 Y44.266
G0 X159.95 Y43.418
G0 X160.275 Y43.744
M204 S500
G1 F1800 X160.599 Y44.068 E135.18116
M204 S2000
G0 F9000 X161.061 Y43.974
G0 X162.389 Y45.8
G0 X162.169 Y46.203
M204 S500
G1 F1800 X163.498 Y47.533 E135.24369
M204 S2000
G0 F9000 X163.891 Y47.359
M204 S500
G1 F1800 X163.1 Y46.569 E135.28088
M204 S2000
G0 F9000 X163.734 Y46.637
M204 S500
G1 F1800 X164.019 Y46.922 E135.29428
G1 X164.02 Y46.923
G1 X164.289 Y47.193 E135.30696
M204 S2000
G0 F9000 X164.712 Y47.05
M204 S500
G1 F1800 X164.282 Y46.619 E135.32721
M204 S2000
G0 F9000 X164.738 Y46.509
M204 S500
G1 F1800 X165.156 Y46.928 E135.34689
M204 S2000
G0 F9000 X165.612 Y46.818
M204 S500
G1 F1800 X165.141 Y46.347 E135.36905
M204 S2000
G0 F9000 X165.511 Y46.151
M204 S500
G1 F1800 X166.095 Y46.735 E135.39652
M204 S2000
G0 F9000 X166.598 Y46.673
M204 S500
G1 F1800 X165.849 Y45.923 E135.43177
M204 S2000
G0 F9000 X166.134 Y45.643
M204 S500
G1 F1800 X167.146 Y46.655 E135.47937
M204 S2000
G0 F9000 X167.707 Y46.65
M204 S500
G1 F1800 X166.399 Y45.342 E135.5409
M204 S2000
G0 F9000 X166.615 Y44.993
M204 S500
G1 F1800 X168.322 Y46.7 E135.62119
M204 S2000
G0 F9000 X168.985 Y46.797
M204 S500
G1 F1800 X166.817 Y44.629 E135.72316
M204 S2000
G0 F9000 X166.948 Y44.194
M204 S500
G1 F1800 X169.721 Y46.968 E135.85362
M204 S2000
G0 F9000 X170.494 Y47.175
M204 S500
G1 F1800 X167.023 Y43.704 E136.01689
M204 S2000
G0 F9000 X167.047 Y43.162
M204 S500
G1 F1800 X171.267 Y47.382 E136.21538
M204 S2000
G0 F9000 X172.039 Y47.588
M204 S500
G1 F1800 X170.388 Y45.937 E136.29304
M204 S2000
G0 F9000 X171.281 Y46.265
M204 S500
G1 F1800 X172.812 Y47.796 E136.36505
M204 S2000
G0 F9000 X173.585 Y48.003
M204 S500
G1 F1800 X172.054 Y46.472 E136.43707
M204 S2000
G0 F9000 X172.828 Y46.68
M204 S500
G1 F1800 X174.357 Y48.209 E136.50899
M204 S2000
G0 F9000 X175.13 Y48.417
M204 S500
G1 F1800 X173.601 Y46.887 E136.58093
M204 S2000
G0 F9000 X174.374 Y47.095
M204 S500
G1 F1800 X175.903 Y48.624 E136.65285
M204 S2000
G0 F9000 X176.675 Y48.83
M204 S500
G1 F1800 X175.147 Y47.302 E136.72472
M204 S2000
G0 F9000 X175.921 Y47.51
M204 S500
G1 F1800 X177.448 Y49.037 E136.79655
M204 S2000
G0 F9000 X178.221 Y49.245
M204 S500
G1 F1800 X176.693 Y47.717 E136.86842
M204 S2000
G0 F9000 X177.467 Y47.925
M204 S500
G1 F1800 X178.993 Y49.451 E136.9402
M204 S2000
G0 F9000 X179.766 Y49.658
M204 S500
G1 F1800 X178.227 Y48.12 E137.01256
M204 S2000
G0 F9000 X178.857 Y48.184
M204 S500
G1 F1800 X179.927 Y49.254 E137.06289
M204 S2000
G0 F9000 X179.852 Y48.613
M204 S500
G1 F1800 X179.409 Y48.17 E137.08373
M204 S2000
G0 F9000 X179.353 Y47.713
G0 X171.895 Y45.315
G0 X169.461 Y44.42
G0 X169.033 Y44.582
M204 S500
G1 F1800 X166.905 Y42.454 E137.18383
M204 S2000
G0 F9000 X166.467 Y42.589
G0 X163.699 Y40.538
G0 X162.843 Y40.648
G0 X165.061 Y38.406
G0 X167.308 Y39.876
G0 X167.678 Y40.887
G0 X167.308 Y41.16
M204 S500
G1 F1800 X166.042 Y39.894 E137.24337
M204 S2000
G0 F9000 X166.302 Y39.514
G0 X165.061 Y38.406
G0 X162.843 Y40.648
G0 X164.603 Y40.718
G0 X164.726 Y40.275
M204 S500
G1 F1800 X164.234 Y39.783 E137.26652
M204 S2000
G0 F9000 X164.516 Y39.5
M204 S500
G1 F1800 X168.73 Y43.714 E137.46473
M204 S2000
G0 F9000 X168.661 Y43.079
M204 S500
G1 F1800 X164.799 Y39.217 E137.64639
M204 S2000
G0 F9000 X164.475 Y38.892
G0 X163.626 Y39.741
G0 X163.951 Y40.066
M204 S500
G1 F1800 X164.036 Y40.15 E137.65036
M204 S2000
G0 F9000 X164.009 Y40.91
G1 F2400 E136.85036
;MESH:part_3.stl
G0 F9000 X165.119 Y42.262
G0 X165.385 Y42.688
G0 X166.003 Y45.216
G0 X161.503 Y45.125
G0 X161.08 Y42.411
G0 X158.803 Y44.666
G0 X160.273 Y46.91
G0 X162.625 Y48.491
G0 X165.432 Y47.671
G0 X168.272 Y48.243
G0 X168.154 Y49.32
G0 X168.258 Y53.48
G0 X168.256 Y54.565
G0 X170.275 Y55.622
M204 S500
;TYPE:WALL-INNER
G1 F2400 E137.65036
G1 F1384.6 X170.908 Y55.595 E137.67776
G1 F1371.4 X171.354 Y55.632 E137.69729
M204 S2000
G0 F9000 X169.413 Y56.695
G0 X168.998 Y57.127
G0 X168.072 Y59.28
G0 X169.528 Y60.958
G0 X165.771 Y61.539
M204 S500
G1 F1800 X175.769 Y61.563 E138.02983
G1 X175.779 Y59.466 E138.09958
G1 X175.848 Y59.189 E138.10907
G1 X176.103 Y58.824 E138.12388
G1 X176.362 Y58.654 E138.13418
G1 X176.78 Y58.566 E138.14839
G1 F1804.5 X181.778 Y58.576 E138.31421
G1 X181.779 Y58.177 E138.32745
G1 X176.78 Y58.166 E138.4933
G1 F1800 X176.364 Y58.075 E138.50746
G1 X176.106 Y57.903 E138.51778
G1 X175.973 Y57.754 E138.52442
G1 X175.843 Y57.511 E138.53359
G1 X175.783 Y57.163 E138.54533
G1 X175.786 Y55.164 E138.61182
G1 X165.788 Y55.14 E138.94435
G1 X165.783 Y57.284 E139.01566
G1 X165.66 Y57.62 E139.02756
G1 X165.457 Y57.877 E139.03846
G1 X165.197 Y58.048 E139.04881
G1 F1791 X164.867 Y58.136 E139.06022
G1 X159.78 Y58.126 E139.23026
G1 F1800 X159.779 Y58.525 E139.24354
G1 F1791 X164.865 Y58.538 E139.41354
G1 X165.196 Y58.627 E139.425
G1 F1800 X165.454 Y58.8 E139.43533
G1 X165.586 Y58.95 E139.44198
G1 X165.737 Y59.258 E139.45339
G1 X165.772 Y59.431 E139.45926
G1 X165.771 Y61.539 E139.52937
M204 S2000
G0 F9000 X165.371 Y61.938
M204 S500
G1 F1800 X176.169 Y61.964 E139.88851
G1 X176.178 Y59.497 E139.97057
G1 X176.218 Y59.34 E139.97596
G1 X176.371 Y59.121 E139.98484
G1 X176.527 Y59.019 E139.99104
G1 X176.779 Y58.966 E139.99961
G1 X182.176 Y58.976 E140.17911
G1 X182.18 Y57.778 E140.21896
G1 X176.781 Y57.766 E140.39853
G1 X176.531 Y57.711 E140.40704
G1 X176.376 Y57.608 E140.41323
G1 X176.213 Y57.357 E140.42319
G1 X176.183 Y57.164 E140.42968
G1 X176.187 Y54.765 E140.50947
G1 X165.388 Y54.739 E140.86865
G1 X165.383 Y57.222 E140.95124
G1 X165.337 Y57.371 E140.95642
G1 X165.188 Y57.581 E140.96499
G1 X165.032 Y57.684 E140.9712
G1 X164.833 Y57.736 E140.97805
G1 X159.381 Y57.725 E141.15938
G1 X159.377 Y58.924 E141.19926
G1 X164.829 Y58.938 E141.38059
G1 X165.028 Y58.991 E141.38744
G1 X165.183 Y59.095 E141.39365
G1 X165.318 Y59.279 E141.40124
G1 X165.376 Y59.525 E141.40965
G1 X165.371 Y61.938 E141.4899
M204 S2000
G0 F9000 X165.642 Y61.67
G0 X166.172 Y61.14
M204 S500
G1 F1782.2 X169.836 Y61.144 E141.61299
G1 F1481.5 X170.212 Y61.068 E141.62849
G1 X169.871 Y60.891 E141.64402
G1 F1782.2 X169.554 Y60.754 E141.65562
G1 F1800 X169.319 Y60.619 E141.66463
G1 X169.085 Y60.45 E141.67423
G1 X168.819 Y60.213 E141.68608
G1 X168.517 Y59.829 E141.70233
G1 X168.325 Y59.472 E141.71581
G1 X168.226 Y59.233 E141.72442
G1 X168.113 Y58.807 E141.73908
G1 X168.074 Y58.233 E141.75821
G1 X168.203 Y57.5 E141.78296
G1 X168.429 Y57.016 E141.80073
G1 X168.693 Y56.632 E141.81623
G1 X168.939 Y56.379 E141.82797
G1 X169.205 Y56.165 E141.83932
G1 X169.524 Y55.967 E141.85181
G1 F1519 X170.275 Y55.622 E141.88438
G1 X169.798 Y55.551 E141.90339
G1 F1800 X166.187 Y55.541 E142.02349
G1 X166.183 Y57.14 E142.07668
G1 X166.16 Y57.403 E142.08546
G1 X166.074 Y57.682 E142.09517
G1 X165.913 Y57.965 E142.106
G1 X165.726 Y58.173 E142.1153
G1 X165.474 Y58.339 E142.12534
G1 X165.725 Y58.506 E142.13536
G1 X165.91 Y58.716 E142.14467
G1 X166.04 Y58.936 E142.15317
G1 X166.17 Y59.389 E142.16885
G1 X166.172 Y61.14 E142.22708
M204 S2000
G0 F9000 X169.528 Y60.958
G0 X169.855 Y60.465
M204 S500
G1 F1800 X169.43 Y60.222 E142.24337
G1 X169.085 Y59.914 E142.25875
G1 X168.869 Y59.64 E142.27035
G1 X168.631 Y59.197 E142.28708
G1 X168.518 Y58.779 E142.30148
G1 X168.473 Y58.231 E142.31977
G1 X168.585 Y57.643 E142.33968
G1 X168.791 Y57.186 E142.35635
G1 X168.98 Y56.911 E142.36745
G1 X169.312 Y56.57 E142.38328
G1 X169.848 Y56.236 E142.40428
G1 X170.355 Y56.089 E142.42184
G1 X170.907 Y56.041 E142.44027
G1 X171.209 Y56.088 E142.45044
G1 X171.66 Y56.232 E142.46618
G1 X171.891 Y56.34 E142.47466
G1 X172.213 Y56.543 E142.48732
G1 X172.608 Y56.941 E142.50597
G1 X172.888 Y57.411 E142.52417
G1 X173.084 Y58.118 E142.54857
G1 X173.094 Y58.319 E142.55527
G1 X173.018 Y58.901 E142.57479
G1 X172.801 Y59.468 E142.59498
G1 X172.492 Y59.877 E142.61203
G1 X172.307 Y60.065 E142.6208
G1 X171.995 Y60.307 E142.63393
G1 X171.687 Y60.469 E142.64551
G1 X171.208 Y60.621 E142.66222
G1 X170.611 Y60.641 E142.68209
G1 X170.342 Y60.604 E142.69112
G1 X169.855 Y60.465 E142.70797
M204 S2000
G0 F9000 X170.017 Y60.097
M204 S500
G1 F1800 X169.667 Y59.896 E142.72139
G1 X169.273 Y59.546 E142.73892
G1 X169.003 Y59.045 E142.75785
G1 X168.912 Y58.709 E142.76943
G1 X168.876 Y58.251 E142.78471
G1 X168.982 Y57.732 E142.80233
G1 X169.196 Y57.263 E142.81947
G1 X169.565 Y56.883 E142.83709
G1 X170.014 Y56.605 E142.85465
G1 X170.423 Y56.483 E142.86885
G1 X170.98 Y56.435 E142.88744
G1 X171.612 Y56.637 E142.90951
G1 X171.965 Y56.861 E142.92342
G1 X172.288 Y57.185 E142.93863
G1 X172.517 Y57.567 E142.95345
G1 X172.702 Y58.254 E142.97711
G1 X172.617 Y58.836 E142.99667
G1 X172.447 Y59.273 E143.01227
G1 X172.125 Y59.699 E143.03003
G1 X171.662 Y60.058 E143.04952
G1 X171.143 Y60.217 E143.06757
G1 X170.541 Y60.244 E143.08761
G1 X170.017 Y60.097 E143.10571
M204 S2000
G0 F9000 X170.212 Y61.068
M204 S500
G1 F1335.8 X170.61 Y61.098 E143.1236
G1 F1353.4 X171.291 Y61.079 E143.15374
G1 F1411.8 X171.499 Y61.118 E143.16271
G1 F1655.2 X171.856 Y61.154 E143.17569
G1 F1800 X175.37 Y61.162 E143.29257
G1 X175.375 Y59.451 E143.34948
G1 X175.477 Y59.038 E143.36362
G1 X175.647 Y58.735 E143.37518
G1 X175.834 Y58.528 E143.38446
G1 X176.085 Y58.363 E143.39445
G1 X175.835 Y58.198 E143.40441
G1 X175.579 Y57.91 E143.41723
G1 X175.41 Y57.444 E143.43372
G1 X175.383 Y57.163 E143.4431
G1 X175.385 Y55.563 E143.49632
G1 X171.827 Y55.555 E143.61466
G1 F1503.1 X171.354 Y55.632 E143.63375
G1 X171.781 Y55.85 E143.65284
G1 F1800 X172.106 Y56.002 E143.66478
G1 X172.336 Y56.148 E143.67384
G1 X172.578 Y56.343 E143.68417
G1 X172.803 Y56.569 E143.69478
G1 X173.003 Y56.824 E143.70556
G1 X173.259 Y57.255 E143.72223
G1 X173.482 Y58.056 E143.74989
G1 X173.496 Y58.382 E143.76074
G1 X173.407 Y59.002 E143.78157
G1 X173.196 Y59.551 E143.80113
G1 X173.038 Y59.817 E143.81142
G1 X172.811 Y60.118 E143.82396
G1 X172.552 Y60.381 E143.83624
G1 X172.24 Y60.623 E143.84937
G1 X171.809 Y60.85 E143.86558
G1 F1515.8 X171.291 Y61.079 E143.88794
M204 S2000
G1 F2400 E143.08794
G0 F9000 X169.801 Y60.319
G0 X170.152 Y59.713
M204 S500
;TYPE:WALL-OUTER
G1 F2400 E143.88794
G1 F1800 X169.883 Y59.554 E143.89834
G1 X169.591 Y59.294 E143.91134
G1 X169.387 Y58.914 E143.92569
G1 X169.31 Y58.658 E143.93458
G1 X169.28 Y58.276 E143.94732
G1 X169.361 Y57.86 E143.96142
G1 X169.531 Y57.492 E143.9749
G1 X169.838 Y57.185 E143.98934
G1 X170.157 Y56.987 E144.00183
G1 X170.491 Y56.877 E144.01353
G1 X170.93 Y56.839 E144.02818
G1 X171.442 Y57.002 E144.04605
G1 X171.727 Y57.189 E144.05739
G1 X171.981 Y57.452 E144.06955
G1 X172.136 Y57.706 E144.07945
G1 X172.293 Y58.268 E144.09886
G1 X172.237 Y58.704 E144.11348
G1 X172.103 Y59.056 E144.126
G1 X171.837 Y59.417 E144.14092
G1 X171.476 Y59.697 E144.15611
G1 X171.075 Y59.823 E144.17009
G1 X170.586 Y59.842 E144.18637
G1 X170.152 Y59.713 E144.20143
M204 S2000
G1 F2400 E143.40143
G0 F9000 X169.801 Y60.319
G0 X169.876 Y61.05
G0 X165.241 Y62.069
G0 X164.97 Y62.337
M204 S500
G1 F2400 E144.20143
G1 F1800 X176.568 Y62.365 E144.58718
G1 X176.576 Y59.508 E144.68221
G1 X176.64 Y59.417 E144.68591
G1 X176.778 Y59.366 E144.6908
G1 X182.575 Y59.378 E144.88361
G1 X182.582 Y57.379 E144.9501
G1 X176.782 Y57.366 E145.14301
G1 X176.647 Y57.314 E145.14782
G1 X176.586 Y57.206 E145.15194
G1 X176.588 Y54.366 E145.2464
G1 X164.989 Y54.338 E145.63219
G1 X164.982 Y57.165 E145.72621
G1 X164.945 Y57.256 E145.72948
G1 X164.845 Y57.337 E145.73376
G1 X158.983 Y57.324 E145.92873
G1 X158.976 Y59.323 E145.99522
G1 X164.838 Y59.337 E146.19019
G1 X164.976 Y59.498 E146.19724
G1 X164.97 Y62.337 E146.29167
M204 S2000
G0 F9000 X165.241 Y62.069
G0 X166.533 Y61.04
G0 X166.534 Y60.779
M204 S500
;TYPE:SKIN
G1 F1800 X166.53 Y59.352 E146.33913
G1 X166.468 Y59.05 E146.34939
G1 X166.282 Y58.593 E146.3658
G1 X166.059 Y58.342 E146.37696
G1 X166.192 Y58.194 E146.38358
G1 X166.398 Y57.839 E146.39723
G1 X166.515 Y57.476 E146.40992
G1 X166.543 Y57.152 E146.42073
G1 X166.547 Y55.902 E146.46231
G1 X168.948 Y55.909 E146.54217
G1 X168.684 Y56.125 E146.55351
G1 X168.436 Y56.378 E146.5653
G1 X168.098 Y56.87 E146.58515
G1 X167.893 Y57.315 E146.60145
G1 X167.817 Y57.607 E146.61148
G1 X167.739 Y58.022 E146.62553
G1 X167.72 Y58.316 E146.63532
G1 X167.756 Y58.865 E146.65362
G1 X167.88 Y59.335 E146.66979
G1 X168 Y59.627 E146.68029
G1 X168.214 Y60.025 E146.69532
G1 X168.556 Y60.458 E146.71367
G1 X168.921 Y60.786 E146.72999
G1 X166.534 Y60.779 E146.80939
M204 S2000
G0 F9000 X166.732 Y60.384
M204 S500
G1 F1800 X166.928 Y60.579 E146.81858
M204 S2000
G0 F9000 X167.495 Y60.581
M204 S500
G1 F1800 X166.73 Y59.816 E146.85457
M204 S2000
G0 F9000 X166.706 Y59.226
M204 S500
G1 F1800 X168.063 Y60.582 E146.91837
M204 S2000
G0 F9000 X167.885 Y59.839
M204 S500
G1 F1800 X166.359 Y58.313 E146.99015
M204 S2000
G0 F9000 X166.563 Y57.952
M204 S500
G1 F1800 X167.575 Y58.964 E147.03775
M204 S2000
G0 F9000 X167.519 Y58.342
M204 S500
G1 F1800 X166.706 Y57.529 E147.07599
M204 S2000
G0 F9000 X166.741 Y56.998
M204 S500
G1 F1800 X167.57 Y57.827 E147.11499
M204 S2000
G0 F9000 X167.676 Y57.368
M204 S500
G1 F1800 X166.744 Y56.435 E147.15885
M204 S2000
G0 F9000 X166.978 Y56.103
M204 S500
G1 F1800 X167.836 Y56.962 E147.19923
M204 S2000
G0 F9000 X168.038 Y56.598
M204 S500
G1 F1800 X167.546 Y56.106 E147.22237
M204 S2000
G0 F9000 X168.113 Y56.107
M204 S500
G1 F1800 X168.272 Y56.266 E147.22985
M204 S2000
G0 F9000 X168.627 Y56.555
G0 X168.672 Y58.754
G0 X168.784 Y59.138
G0 X169.081 Y59.692
G0 X169.524 Y60.09
G0 X169.924 Y60.32
G0 X171.994 Y60.963
G0 X172.647 Y61.055
G0 X172.648 Y60.794
M204 S500
G1 F1800 X173.105 Y60.329 E147.25153
G1 X173.335 Y60.021 E147.26432
G1 X173.526 Y59.697 E147.27683
G1 X173.75 Y59.142 E147.29674
G1 X173.858 Y58.378 E147.3224
G1 X173.838 Y58.002 E147.33492
G1 X173.651 Y57.319 E147.35848
G1 X173.545 Y57.033 E147.36862
G1 X173.314 Y56.638 E147.38384
G1 X173.056 Y56.308 E147.39777
G1 X172.825 Y56.08 E147.40857
G1 X172.621 Y55.917 E147.41725
G1 X175.025 Y55.924 E147.49721
G1 X175.023 Y57.177 E147.53888
G1 X175.069 Y57.627 E147.55393
G1 X175.288 Y58.121 E147.5719
G1 X175.499 Y58.36 E147.58251
G1 X175.345 Y58.536 E147.59028
G1 X175.152 Y58.884 E147.60352
G1 X175.017 Y59.302 E147.61813
G1 X175.01 Y60.801 E147.66799
G1 X172.648 Y60.794 E147.74655
M204 S2000
G0 F9000 X173.4 Y60.263
M204 S500
G1 F1800 X173.64 Y60.503 E147.75784
G1 X173.641 Y60.504
G1 X173.733 Y60.596 E147.76216
M204 S2000
G0 F9000 X174.3 Y60.597
M204 S500
G1 F1800 X173.623 Y59.92 E147.79401
M204 S2000
G0 F9000 X173.804 Y59.536
M204 S500
G1 F1800 X174.808 Y60.539 E147.84121
M204 S2000
G0 F9000 X174.81 Y59.976
M204 S500
G1 F1800 X173.951 Y59.117 E147.88161
M204 S2000
G0 F9000 X174.021 Y58.621
M204 S500
G1 F1800 X174.813 Y59.413 E147.91887
M204 S2000
G0 F9000 X174.916 Y58.95
M204 S500
G1 F1800 X174.04 Y58.075 E147.96005
M204 S2000
G0 F9000 X173.86 Y57.329
M204 S500
G1 F1800 X175.098 Y58.567 E148.01828
M204 S2000
G0 F9000 X174.951 Y57.854
M204 S500
G1 F1800 X173.529 Y56.432 E148.08517
G1 X173.528 Y56.432
G1 X173.216 Y56.119 E148.09987
M204 S2000
G0 F9000 X173.784 Y56.121
M204 S500
G1 F1800 X174.823 Y57.161 E148.14876
M204 S2000
G0 F9000 X174.823 Y56.595
M204 S500
G1 F1800 X174.352 Y56.123 E148.17094
M204 S2000
G0 F9000 X174.353 Y55.362
G1 F2400 E147.37094
;MESH:part_1.stl
G0 F9000 X176.373 Y54.578
G0 X176.375 Y53.498
G0 X183.673 Y53.2
G0 X184.522 Y53.021
G0 X185.655 Y52.478
G0 X186.534 Y51.738
G0 X187.125 Y50.943
G0 X187.587 Y49.879
G0 X187.762 Y48.977
G0 X187.734 Y47.96
G0 X187.442 Y46.841
G0 X186.889 Y45.833
G0 X186.243 Y45.144
G0 X180.058 Y39.512
G0 X180.14 Y38.222
M204 S500
;TYPE:WALL-INNER
G1 F2400 E148.17094
G1 F1822.8 X180.504 Y38.331 E148.18342
G1 F1651.4 X180.853 Y38.363 E148.19612
G1 F1568.6 X181.094 Y38.359 E148.20532
M204 S2000
G0 F9000 X183.532 Y37.588
M204 S500
G1 F1800 X195.106 Y37.591 E148.59028
G1 X194.914 Y37.229 E148.6039
G1 X194.774 Y36.828 E148.61803
G1 X194.676 Y36.298 E148.63596
G1 X194.672 Y35.734 E148.65472
G1 X194.762 Y35.205 E148.67256
G1 X194.897 Y34.799 E148.6868
G1 X195.105 Y34.396 E148.70188
G1 X183.538 Y34.4 E149.0866
G1 X183.653 Y34.623 E149.09494
G1 X183.773 Y34.906 E149.10517
G1 X183.855 Y35.17 E149.11436
G1 X183.932 Y35.544 E149.12706
G1 X183.96 Y35.817 E149.13619
G1 X183.963 Y36.243 E149.15036
G1 X183.901 Y36.667 E149.16461
G1 X183.741 Y37.185 E149.18264
G1 X183.532 Y37.588 E149.19774
M204 S2000
G0 F9000 X182.701 Y37.989
M204 S500
G1 F1800 X195.936 Y37.991 E149.63794
G1 X195.748 Y37.801 E149.64683
G1 X195.501 Y37.483 E149.66022
G1 X195.267 Y37.041 E149.67686
G1 X195.167 Y36.755 E149.68693
G1 X195.076 Y36.262 E149.70361
G1 X195.072 Y35.765 E149.72014
G1 X195.156 Y35.272 E149.73677
G1 X195.253 Y34.982 E149.74694
G1 X195.505 Y34.492 E149.76527
G1 X195.697 Y34.233 E149.77599
G1 X195.94 Y33.996 E149.78728
G1 X182.731 Y33.996 E150.22662
G1 X182.991 Y34.303 E150.24
G1 X183.248 Y34.694 E150.25556
G1 X183.443 Y35.154 E150.27218
G1 X183.559 Y35.719 E150.29136
G1 X183.563 Y36.246 E150.30889
G1 X183.519 Y36.549 E150.31907
G1 X183.371 Y37.028 E150.33575
G1 X183.145 Y37.468 E150.3522
G1 X182.917 Y37.768 E150.36473
G1 X182.701 Y37.989 E150.37501
M204 S2000
G0 F9000 X181.102 Y38.389
M204 S500
G1 F1800 X196.94 Y38.391 E150.90179
G1 F1651.4 X197.439 Y38.354 E150.91993
G1 F1585.9 X196.853 Y38.153 E150.94331
G1 F1722.5 X196.397 Y37.87 E150.96197
G1 F1800 X196.093 Y37.594 E150.97562
G1 X195.839 Y37.267 E150.98939
G1 X195.577 Y36.772 E151.00802
G1 X195.475 Y36.219 E151.02672
G1 X195.473 Y35.8 E151.04066
G1 X195.566 Y35.248 E151.05928
G1 X195.905 Y34.589 E151.08393
G1 X196.364 Y34.141 E151.10526
G1 X196.668 Y33.944 E151.11731
G1 F1706.2 X197.303 Y33.638 E151.14204
G1 F1625.3 X197.121 Y33.616 E151.1488
G1 F1710.2 X196.698 Y33.596 E151.16362
G1 F1800 X181.691 Y33.595 E151.66275
G1 F1702.1 X181.287 Y33.639 E151.67705
G1 X181.752 Y33.838 E151.69484
G1 F1800 X182.149 Y34.039 E151.70964
G1 X182.609 Y34.45 E151.73016
G1 X182.893 Y34.881 E151.74732
G1 X183.058 Y35.271 E151.76141
G1 X183.16 Y35.762 E151.77809
G1 X183.164 Y36.345 E151.79748
G1 X182.998 Y36.88 E151.81611
G1 X182.805 Y37.255 E151.83014
G1 X182.568 Y37.565 E151.84312
G1 X182.263 Y37.851 E151.85702
G1 X181.914 Y38.076 E151.87083
G1 X181.458 Y38.257 E151.88715
G1 X181.097 Y38.326 E151.89937
G1 X181.102 Y38.389 E151.90148
M204 S2000
G0 F9000 X179.943 Y38.018
G0 X179.214 Y37.486
G0 X178.733 Y36.719
G0 X178.636 Y36.199
G0 X178.722 Y35.299
G0 X179.034 Y34.688
G0 X180.158 Y33.752
M204 S500
G1 F1899.7 X180.441 Y33.671 E151.91075
G1 F1682.2 X180.874 Y33.62 E151.92627
G1 F1528.7 X181.265 Y33.641 E151.9416
M204 S2000
G0 F9000 X197.323 Y33.64
M204 S500
G1 F1541.8 X197.766 Y33.619 E151.95883
G1 F1670.5 X198.094 Y33.661 E151.97068
G1 F1822.8 X198.361 Y33.717 E151.97964
G1 F1930.3 X198.442 Y33.745 E151.9823
M204 S2000
G0 F9000 X199.062 Y34.176
G0 X199.491 Y34.561
G0 X199.905 Y35.323
G0 X199.999 Y35.781
G0 X200.002 Y36.316
G0 X199.849 Y36.817
G0 X199.443 Y37.461
G0 X198.47 Y38.233
M204 S500
G1 F1920 X198.073 Y38.339 E151.99511
G1 F1710.2 X197.547 Y38.364 E152.01354
G1 F1551.7 X197.439 Y38.354 E152.01773
M204 S2000
G0 F9000 X197.039 Y37.798
M204 S500
;TYPE:WALL-OUTER
G1 F1800 X196.626 Y37.537 E152.03398
G1 X196.379 Y37.309 E152.04516
G1 X196.19 Y37.067 E152.05537
G1 X195.96 Y36.639 E152.07153
G1 X195.878 Y36.199 E152.08642
G1 X195.875 Y35.818 E152.09909
G1 X195.95 Y35.377 E152.11397
G1 X196.232 Y34.828 E152.1345
G1 X196.602 Y34.468 E152.15167
G1 X196.916 Y34.263 E152.16414
G1 X197.336 Y34.085 E152.17931
G1 X197.793 Y34.042 E152.19458
G1 X198.253 Y34.09 E152.20996
G1 X198.326 Y34.113 E152.21251
G1 F1629 X198.649 Y34.138 E152.22441
G1 F1406.2 X198.981 Y34.329 E152.24072
G1 F1348.3 X199.331 Y34.654 E152.26193
G1 F1387.3 X199.588 Y35.046 E152.28215
G1 F1422.9 X199.725 Y35.381 E152.29738
G1 F1434.3 X199.811 Y35.806 E152.31548
G1 F1451.6 X199.806 Y36.301 E152.3359
G1 F1445.8 X199.673 Y36.754 E152.35545
G1 F1411.8 X199.518 Y37.064 E152.37015
G1 F1384.6 X199.325 Y37.331 E152.38439
G1 F1348.3 X199.058 Y37.59 E152.40091
G1 F1304.3 X198.747 Y37.8 E152.41813
G1 F1500 X197.996 Y37.936 E152.44859
G1 F1800 X197.583 Y37.938 E152.46233
G1 X197.039 Y37.798 E152.48101
M204 S2000
G1 F2400 E151.68101
G0 F9000 X196.442 Y38.165
G0 X180.548 Y38.177
G0 X179.987 Y38.092
G0 X180.042 Y37.886
M204 S500
G1 F2400 E152.48101
G1 F1276.6 X179.661 Y37.662 E152.50174
G1 F1321.1 X179.358 Y37.382 E152.52044
G1 F1376.7 X179.12 Y37.064 E152.53771
G1 F1425.7 X178.915 Y36.651 E152.55707
G1 F1445.8 X178.826 Y36.185 E152.57672
G1 F1440 X178.825 Y35.815 E152.5921
G1 F1442.9 X178.898 Y35.391 E152.60995
G1 F1422.9 X179 Y35.154 E152.62081
G1 F1398.1 X179.192 Y34.784 E152.63866
G1 F1361.1 X179.558 Y34.412 E152.66161
G1 F1299.6 X179.906 Y34.179 E152.6809
G1 F1490.7 X180.365 Y34.082 E152.69974
G1 F1800 X180.829 Y34.042 E152.71523
G1 X181.218 Y34.084 E152.72825
G1 X181.57 Y34.194 E152.74051
G1 X181.902 Y34.363 E152.7529
G1 X182.289 Y34.702 E152.77002
G1 X182.548 Y35.091 E152.78556
G1 X182.668 Y35.374 E152.79578
G1 X182.76 Y35.825 E152.81109
G1 X182.763 Y36.286 E152.82643
G1 X182.632 Y36.711 E152.84122
G1 X182.454 Y37.056 E152.85413
G1 X182.258 Y37.308 E152.86475
G1 X181.999 Y37.545 E152.87642
G1 X181.713 Y37.725 E152.88766
G1 X181.357 Y37.866 E152.9004
G1 X181.02 Y37.933 E152.91183
G1 X180.562 Y37.935 E152.92706
G1 X180.067 Y37.805 E152.94408
G1 F1484.5 X180.042 Y37.886 E152.9475
M204 S2000
G0 F9000 X179.808 Y38.517
M204 S500
G1 F1800 X180.338 Y38.695 E152.9661
G1 X180.812 Y38.789 E152.98217
G1 X197.713 Y38.792 E153.5443
G1 X198.205 Y38.727 E153.56081
G1 F1791 X198.657 Y38.567 E153.57683
G1 F1487.6 X198.997 Y38.301 E153.59421
G1 F1283.4 X199.124 Y38.224 E153.60113
G1 F1316.3 X199.494 Y37.939 E153.62238
G1 F1350.8 X199.811 Y37.568 E153.644
G1 F1376.7 X200.009 Y37.237 E153.66078
G1 F1411.8 X200.193 Y36.834 E153.67956
G1 F1434.3 X200.315 Y36.241 E153.70483
G1 X200.314 Y35.764 E153.72475
G1 F1425.7 X200.245 Y35.382 E153.74105
G1 F1414.5 X200.108 Y34.928 E153.76112
G1 F1395.3 X199.874 Y34.518 E153.78137
G1 F1361.1 X199.664 Y34.229 E153.79708
G1 F1333.3 X199.417 Y33.987 E153.81261
G1 F1361.1 X198.856 Y33.564 E153.84352
G1 F1578.9 X198.566 Y33.374 E153.85666
G1 F1800 X198.186 Y33.263 E153.86983
G1 X197.802 Y33.196 E153.88279
G1 X180.836 Y33.195 E154.44708
G1 X180.333 Y33.281 E154.46406
G1 X180.023 Y33.402 E154.47513
G1 F1603.6 X179.778 Y33.556 E154.48593
G1 F1353.4 X179.645 Y33.68 E154.49397
G1 F1278.9 X179.407 Y33.829 E154.50712
G1 F1309.1 X179.181 Y34.025 E154.5208
G1 F1343.3 X178.868 Y34.349 E154.54088
G1 F1387.3 X178.571 Y34.837 E154.56553
G1 F1434.3 X178.435 Y35.205 E154.58191
G1 F1437.1 X178.364 Y35.507 E154.59483
G1 F1434.3 X178.328 Y35.762 E154.60558
G1 F1440 X178.328 Y36.223 E154.62475
G1 X178.388 Y36.633 E154.64197
G1 F1422.9 X178.527 Y37.028 E154.65959
G1 F1398.1 X178.645 Y37.273 E154.67124
G1 F1376.7 X178.822 Y37.555 E154.68572
G1 F1358.5 X178.978 Y37.754 E154.69686
G1 F1333.3 X179.311 Y38.074 E154.7176
G1 F1299.6 X179.517 Y38.225 E154.72936
G1 F1274.3 X179.844 Y38.416 E154.74715
G1 F1484.5 X179.808 Y38.517 E154.75148
M204 S2000
G0 F9000 X179.946 Y38.225
G0 X180.916 Y38.179
G0 X184.102 Y37.486
G0 X184.103 Y37.226
M204 S500
;TYPE:SKIN
G1 F1800 X184.251 Y36.745 E154.76822
G1 X184.321 Y36.268 E154.78425
G1 X184.319 Y35.792 E154.80008
G1 X184.287 Y35.485 E154.81035
G1 X184.21 Y35.102 E154.82334
G1 X184.104 Y34.758 E154.83531
G1 X194.533 Y34.756 E155.18218
G1 X194.404 Y35.151 E155.19601
G1 X194.337 Y35.548 E155.2094
G1 X194.313 Y35.85 E155.21947
G1 X194.315 Y36.187 E155.23068
G1 X194.341 Y36.478 E155.2404
G1 X194.423 Y36.911 E155.25506
G1 X194.535 Y37.23 E155.2663
G1 X184.103 Y37.226 E155.61327
M204 S2000
G0 F9000 X184.444 Y36.8
M204 S500
G1 F1800 X184.67 Y37.026 E155.6239
M204 S2000
G0 F9000 X185.235 Y37.026
M204 S500
G1 F1800 X184.516 Y36.307 E155.65772
M204 S2000
G0 F9000 X184.511 Y35.736
M204 S500
G1 F1800 X185.801 Y37.026 E155.7184
M204 S2000
G0 F9000 X186.367 Y37.026
M204 S500
G1 F1800 X184.405 Y35.064 E155.81068
M204 S2000
G0 F9000 X184.863 Y34.956
M204 S500
G1 F1800 X186.933 Y37.026 E155.90805
M204 S2000
G0 F9000 X187.499 Y37.026
M204 S500
G1 F1800 X185.428 Y34.956 E156.00544
M204 S2000
G0 F9000 X185.994 Y34.956
M204 S500
G1 F1800 X188.065 Y37.027 E156.10285
M204 S2000
G0 F9000 X188.631 Y37.027
M204 S500
G1 F1800 X186.56 Y34.956 E156.20027
M204 S2000
G0 F9000 X187.125 Y34.956
M204 S500
G1 F1800 X189.197 Y37.027 E156.29771
M204 S2000
G0 F9000 X189.763 Y37.028
M204 S500
G1 F1800 X187.691 Y34.956 E156.39517
M204 S2000
G0 F9000 X188.257 Y34.956
M204 S500
G1 F1800 X190.329 Y37.028 E156.49263
M204 S2000
G0 F9000 X190.894 Y37.028
M204 S500
G1 F1800 X188.822 Y34.956 E156.59009
M204 S2000
G0 F9000 X189.388 Y34.956
M204 S500
G1 F1800 X191.461 Y37.029 E156.68759
M204 S2000
G0 F9000 X192.026 Y37.029
M204 S500
G1 F1800 X189.954 Y34.956 E156.78508
M204 S2000
G0 F9000 X190.52 Y34.956
M204 S500
G1 F1800 X192.592 Y37.029 E156.88256
M204 S2000
G0 F9000 X193.158 Y37.029
M204 S500
G1 F1800 X191.085 Y34.956 E156.98007
M204 S2000
G0 F9000 X191.651 Y34.956
M204 S500
G1 F1800 X193.724 Y37.029 E157.07758
M204 S2000
G0 F9000 X194.222 Y36.961
M204 S500
G1 F1800 X192.217 Y34.956 E157.17189
M204 S2000
G0 F9000 X192.782 Y34.956
M204 S500
G1 F1800 X194.122 Y36.295 E157.23489
M204 S2000
G0 F9000 X194.121 Y35.729
M204 S500
G1 F1800 X193.348 Y34.956 E157.27125
M204 S2000
G0 F9000 X193.914 Y34.956
M204 S500
G1 F1800 X194.187 Y35.229 E157.28409
M204 S2000
G0 F9000 X194.939 Y35.357
G1 F2400 E156.48409
;MESH:NONMESH
G0 F300 X194.939 Y35.357 Z0.8
G0 F9000 X194.788 Y34.573
G0 X180.806 Y33.8
G0 X180.277 Y33.852
G0 X178.955 Y34.511
G0 X178.027 Y33.951
G0 X171.427 Y33.135
G0 X162.753 Y33.454
G0 X162.124 Y32.571
G0 X158.202 Y32.615
G0 X158.287 Y32.329
;TIME_ELAPSED:324.515249
;LAYER:3
M106 S255
M204 S500
;TYPE:WALL-INNER
;MESH:part_2.stl
G1 F2400 E157.28409
G1 F1800 X158.015 Y32.248 E157.29353
G1 X157.656 Y32.107 E157.30636
G1 X157.394 Y31.979 E157.31606
G1 X157.093 Y31.802 E157.32767
G1 X156.787 Y31.582 E157.34021
G1 X156.511 Y31.345 E157.35231
G1 X156.279 Y31.111 E157.36327
G1 X156.055 Y30.841 E157.37494
G1 X155.872 Y30.583 E157.38546
G1 X155.684 Y30.265 E157.39774
G1 X155.535 Y29.954 E157.40921
G1 X155.425 Y29.672 E157.41928
G1 X155.324 Y29.338 E157.43089
G1 X155.232 Y28.849 E157.44744
G1 X155.202 Y28.496 E157.45922
G1 X155.215 Y27.925 E157.47822
G1 X155.259 Y27.598 E157.48919
G1 X155.336 Y27.248 E157.50111
G1 X155.429 Y26.945 E157.51165
G1 X155.621 Y26.489 E157.52811
G1 X155.796 Y26.167 E157.5403
G1 X155.97 Y25.904 E157.55079
G1 X156.189 Y25.622 E157.56266
G1 X156.592 Y25.206 E157.58192
G1 X156.948 Y24.929 E157.59693
G1 X157.266 Y24.724 E157.60951
G1 X157.713 Y24.498 E157.62617
G1 X158.02 Y24.382 E157.63709
G1 X158.341 Y24.287 E157.64822
G1 X158.816 Y24.199 E157.66429
G1 X159.169 Y24.169 E157.67607
G1 X159.553 Y24.17 E157.68884
G1 X159.892 Y24.197 E157.70015
G1 X160.225 Y24.256 E157.7114
G1 X160.533 Y24.336 E157.72199
G1 X160.887 Y24.459 E157.73445
G1 X161.187 Y24.589 E157.74533
G1 X161.634 Y24.851 E157.76256
G1 X161.913 Y25.049 E157.77394
G1 X162.184 Y25.284 E157.78587
G1 X162.389 Y25.488 E157.79549
G1 X162.63 Y25.773 E157.8079
G1 X162.836 Y26.065 E157.81979
G1 X163.023 Y26.386 E157.83214
G1 X163.23 Y26.831 E157.84847
G1 X163.373 Y27.297 E157.86468
G1 X163.446 Y27.654 E157.8768
G1 X163.486 Y27.981 E157.88776
G1 X163.498 Y28.34 E157.8997
G1 X163.485 Y28.671 E157.91072
G1 X163.447 Y28.981 E157.92111
G1 X163.368 Y29.356 E157.93385
G1 X163.284 Y29.639 E157.94367
G1 X163.09 Y30.111 E157.96065
G1 X162.891 Y30.478 E157.97453
G1 X162.642 Y30.84 E157.98914
G1 X162.379 Y31.151 E158.00269
G1 X162.143 Y31.386 E158.01377
G1 X161.88 Y31.605 E158.02515
G1 X161.527 Y31.856 E158.03956
G1 X161.167 Y32.05 E158.05316
G1 X160.844 Y32.192 E158.06489
G1 X160.531 Y32.296 E158.07586
G1 X160.198 Y32.381 E158.0873
G1 X159.703 Y32.453 E158.10393
G1 X159.35 Y32.467 E158.11568
G1 X159 Y32.453 E158.12733
G1 X158.683 Y32.414 E158.13796
G1 X158.287 Y32.329 E158.15143
M204 S2000
G0 F9000 X158.202 Y32.615
G0 X159.705 Y32.692
G0 X160.59 Y32.528
G0 X161.464 Y32.141
G0 X162.664 Y31.435
M204 S500
G1 F1909.8 X162.147 Y31.872 E158.17265
G1 F2099.1 X161.717 Y32.173 E158.18762
G1 F2117.6 X161.33 Y32.384 E158.20008
G1 F2111.4 X160.979 Y32.537 E158.21094
G1 F2105.3 X160.637 Y32.653 E158.22121
G1 F2093 X160.275 Y32.745 E158.23189
G1 F2080.9 X159.726 Y32.825 E158.24785
G1 F2069 X159.35 Y32.841 E158.25874
G1 F2074.9 X158.978 Y32.825 E158.26948
G1 F2057.1 X158.5 Y32.762 E158.28352
G1 F2051.3 X158.218 Y32.697 E158.29196
G1 F2069 X157.872 Y32.594 E158.30241
G1 X157.528 Y32.459 E158.3131
G1 F2045.5 X157.267 Y32.336 E158.32155
G1 X156.863 Y32.098 E158.33527
G1 F2069 X156.555 Y31.875 E158.34627
G1 X156.27 Y31.631 E158.35713
G1 X156.003 Y31.363 E158.36808
G1 F2051.3 X155.749 Y31.06 E158.37962
G1 X155.562 Y30.791 E158.38918
G1 F2057.1 X155.303 Y30.36 E158.40381
G1 F2039.7 X155.055 Y29.754 E158.42303
G1 F2057.1 X154.964 Y29.433 E158.43274
G1 F2063 X154.868 Y28.939 E158.44734
G1 F2045.5 X154.831 Y28.567 E158.45829
G1 X154.83 Y28.003 E158.47479
G1 F2057.1 X154.89 Y27.539 E158.48841
G1 F2069 X154.974 Y27.156 E158.49976
G1 X155.079 Y26.813 E158.51014
G1 X155.284 Y26.328 E158.52537
G1 F2074.9 X155.457 Y26.008 E158.53587
G1 X155.663 Y25.691 E158.54678
G1 F2069 X155.91 Y25.374 E158.5584
G1 F2033.9 X156.14 Y25.127 E158.56834
G1 F2045.5 X156.345 Y24.929 E158.57668
G1 F2057.1 X156.563 Y24.749 E158.58491
G1 F2028.2 X157.027 Y24.428 E158.60156
G1 F2057.1 X157.55 Y24.163 E158.61863
G1 F2074.9 X157.905 Y24.027 E158.62959
G1 F2080.9 X158.257 Y23.925 E158.64014
G1 F2093 X158.71 Y23.831 E158.65337
G1 F2087 X159.188 Y23.795 E158.66712
G1 F2080.9 X159.561 Y23.797 E158.67785
G1 F2099.1 X159.943 Y23.829 E158.68879
G1 F2111.4 X160.308 Y23.894 E158.6993
G1 F2074.9 X160.637 Y23.975 E158.70908
G1 F2033.9 X161.24 Y24.197 E158.72799
G1 X161.746 Y24.473 E158.74496
G1 F2074.9 X162.144 Y24.757 E158.75906
G1 F1935.5 X162.675 Y25.209 E158.78063
M204 S2000
G0 F9000 X163.474 Y26.793
G0 X163.724 Y27.966
G0 X163.677 Y29.053
G0 X163.497 Y29.758
G0 X163.114 Y30.575
G0 X162.574 Y31.294
G0 X161.669 Y32.05
G0 X160.59 Y32.528
G0 X158.482 Y32.839
G0 X158.43 Y33.133
M204 S500
G1 F1800 X158.947 Y33.197 E158.79796
G1 X159.366 Y33.215 E158.81191
G1 X159.77 Y33.196 E158.82536
G1 X160.19 Y33.143 E158.83944
G1 X160.561 Y33.063 E158.85206
G1 X160.943 Y32.948 E158.86533
G1 X161.335 Y32.794 E158.87934
G1 X161.669 Y32.631 E158.8917
G1 X162.032 Y32.413 E158.90578
G1 X162.37 Y32.173 E158.91957
G1 X162.691 Y31.911 E158.93335
G1 F1804.5 X163.079 Y31.634 E158.94917
G1 X163.459 Y31.404 E158.96391
G1 F1800 X163.886 Y31.194 E158.97973
G1 X164.357 Y31.009 E158.99656
G1 X164.802 Y30.88 E159.01197
G1 X165.262 Y30.786 E159.02759
G1 X165.683 Y30.734 E159.0417
G1 X166.156 Y30.716 E159.05744
G1 X180.624 Y30.714 E159.53865
G1 F1674.4 X181.057 Y30.683 E159.55417
G1 F1582.4 X181.433 Y30.689 E159.5684
G1 F1596.5 X181.725 Y30.658 E159.57941
G1 F1600 X182.114 Y30.562 E159.5944
G1 F1592.9 X182.473 Y30.401 E159.60919
G1 F1600 X182.804 Y30.193 E159.62382
G1 F1618 X183.099 Y29.921 E159.63866
G1 F1600 X183.343 Y29.614 E159.65334
G1 F1582.4 X183.553 Y29.184 E159.67144
G1 X183.693 Y28.725 E159.6896
G1 F1585.9 X183.726 Y28.34 E159.70419
G1 F1607.1 X183.711 Y28.036 E159.71552
G1 F1614.3 X183.624 Y27.645 E159.73038
G1 F1596.5 X183.469 Y27.251 E159.74626
G1 F1585.9 X183.339 Y27.019 E159.7563
G1 F1582.4 X183.091 Y26.696 E159.7717
G1 F1589.4 X182.65 Y26.323 E159.79346
G1 F1592.9 X182.212 Y26.107 E159.81181
G1 F1596.5 X181.849 Y25.996 E159.82605
G1 F1600 X181.437 Y25.945 E159.84158
G1 F1582.4 X180.959 Y25.949 E159.85967
G1 F1674.4 X180.463 Y25.92 E159.87743
G1 F1800 X166.113 Y25.916 E160.35471
G1 X165.677 Y25.897 E160.36923
G1 X165.245 Y25.844 E160.38371
G1 X164.732 Y25.734 E160.40116
G1 X164.174 Y25.561 E160.42059
G1 X163.693 Y25.348 E160.43808
G1 X163.267 Y25.119 E160.45417
G1 X162.881 Y24.866 E160.46952
G1 X162.275 Y24.387 E160.49521
G1 X161.858 Y24.102 E160.51201
G1 X161.313 Y23.821 E160.53241
G1 X160.744 Y23.614 E160.55254
G1 X160.228 Y23.495 E160.57016
G1 X159.852 Y23.443 E160.58278
G1 X159.409 Y23.418 E160.59754
G1 X159.022 Y23.427 E160.61041
G1 X158.527 Y23.482 E160.62698
G1 X158.017 Y23.6 E160.64439
G1 X157.621 Y23.73 E160.65825
G1 X157.246 Y23.89 E160.67181
G1 X156.833 Y24.105 E160.6873
G1 X156.33 Y24.451 E160.7076
G1 X155.871 Y24.858 E160.72801
G1 X155.497 Y25.28 E160.74676
G1 X155.221 Y25.679 E160.7629
G1 X155.003 Y26.055 E160.77736
G1 X154.835 Y26.406 E160.7903
G1 X154.701 Y26.759 E160.80286
G1 X154.583 Y27.176 E160.81727
G1 X154.505 Y27.577 E160.83086
G1 X154.452 Y28.068 E160.84728
G1 X154.457 Y28.603 E160.86508
G1 X154.498 Y29.005 E160.87852
G1 X154.569 Y29.388 E160.89147
G1 X154.697 Y29.872 E160.90812
G1 X154.923 Y30.431 E160.92818
G1 X155.168 Y30.872 E160.94496
G1 X155.449 Y31.289 E160.96168
G1 X155.796 Y31.688 E160.97927
G1 X156.027 Y31.915 E160.99004
G1 X156.324 Y32.169 E161.00304
G1 X156.657 Y32.41 E161.01671
G1 X157.093 Y32.672 E161.03363
G1 X157.563 Y32.879 E161.05071
G1 X157.933 Y33.006 E161.06372
G1 X158.43 Y33.133 E161.08078
M204 S2000
G0 F9000 X158.482 Y32.839
G0 X160.59 Y32.528
G0 X161.669 Y32.05
G0 X163.86 Y30.343
M204 S500
G1 F1800 X164.131 Y30.241 E161.09042
G1 X164.608 Y30.103 E161.10693
G1 X165.164 Y29.992 E161.12579
G1 X165.609 Y29.937 E161.1407
G1 X166.102 Y29.916 E161.15711
G1 X167.581 Y29.916 E161.20631
G1 X167.385 Y29.687 E161.21633
G1 X167.231 Y29.434 E161.22618
G1 X167.058 Y28.999 E161.24175
G1 X166.957 Y28.53 E161.25771
G1 X166.951 Y28.277 E161.26613
G1 X167.018 Y27.755 E161.28363
G1 X167.129 Y27.415 E161.29553
G1 X167.24 Y27.178 E161.30423
G1 X167.405 Y26.912 E161.31464
G1 X167.568 Y26.717 E161.3231
G1 X166.08 Y26.715 E161.37259
G1 X165.542 Y26.688 E161.3905
G1 X165.027 Y26.618 E161.40779
G1 X164.612 Y26.529 E161.42191
G1 X163.87 Y26.311 E161.44763
G1 X164.03 Y26.693 E161.4614
G1 X164.141 Y27.073 E161.47457
G1 X164.222 Y27.444 E161.4872
G1 X164.283 Y27.907 E161.50273
G1 X164.298 Y28.37 E161.51814
G1 X164.276 Y28.803 E161.53256
G1 X164.22 Y29.202 E161.54596
G1 X164.14 Y29.567 E161.55839
G1 X164.051 Y29.866 E161.56877
G1 X163.86 Y30.343 E161.58586
M204 S2000
G0 F9000 X162.664 Y31.435
M204 S500
G1 F1786.6 X162.915 Y31.262 E161.59607
G1 F1800 X163.254 Y31.06 E161.6092
G1 X163.71 Y30.834 E161.62612
G1 X164.244 Y30.625 E161.6452
G1 X164.72 Y30.488 E161.66167
G1 X165.132 Y30.402 E161.67567
G1 X165.646 Y30.335 E161.69291
G1 X166.117 Y30.316 E161.70859
G1 X168.381 Y30.316 E161.78389
G1 F1686.2 X168.889 Y30.287 E161.80195
G1 F1651.4 X168.654 Y30.198 E161.81106
G1 F1760.4 X168.429 Y30.089 E161.81957
G1 F1800 X168.182 Y29.934 E161.82927
G1 X167.931 Y29.718 E161.84028
G1 X167.727 Y29.479 E161.85073
G1 X167.573 Y29.226 E161.86058
G1 X167.449 Y28.915 E161.87172
G1 X167.34 Y28.367 E161.8903
G1 X167.412 Y27.829 E161.90835
G1 X167.49 Y27.586 E161.91684
G1 X167.602 Y27.349 E161.92556
G1 X167.843 Y27.001 E161.93964
G1 X168.056 Y26.799 E161.9494
G1 X168.364 Y26.584 E161.9619
G1 X168.644 Y26.447 E161.97227
G1 F1760.4 X169.044 Y26.323 E161.98651
G1 X166.096 Y26.315 E162.08676
G1 F1800 X165.649 Y26.296 E162.10165
G1 X165.122 Y26.229 E162.11931
G1 X164.617 Y26.117 E162.13652
G1 X164.012 Y25.927 E162.15761
G1 X163.531 Y25.714 E162.17511
G1 X163.028 Y25.442 E162.19413
G1 X162.675 Y25.209 E162.20819
G1 X162.947 Y25.529 E162.22216
G1 X163.18 Y25.86 E162.23563
G1 X163.339 Y26.127 E162.24596
G1 X163.623 Y26.726 E162.26801
G1 X163.757 Y27.185 E162.28391
G1 X163.83 Y27.525 E162.29548
G1 X163.885 Y27.944 E162.30954
G1 X163.898 Y28.355 E162.32321
G1 X163.884 Y28.699 E162.33466
G1 X163.829 Y29.118 E162.34872
G1 X163.754 Y29.462 E162.36043
G1 X163.646 Y29.823 E162.37296
G1 X163.416 Y30.357 E162.3923
G1 X163.221 Y30.705 E162.40557
G1 X162.972 Y31.067 E162.42018
G1 F1786.6 X162.664 Y31.435 E162.43626
M204 S2000
G0 F9000 X164.517 Y30.73
G0 X168.314 Y29.913
G0 X168.508 Y29.687
M204 S500
G1 F1800 X168.118 Y29.351 E162.45338
G1 X167.861 Y28.93 E162.46979
G1 X167.744 Y28.359 E162.48917
G1 X167.814 Y27.838 E162.50666
G1 X167.993 Y27.458 E162.52063
G1 X168.213 Y27.178 E162.53247
G1 X168.674 Y26.855 E162.5512
G1 X169.141 Y26.717 E162.56739
G1 X174.527 Y26.719 E162.74653
G1 X175.098 Y26.889 E162.76635
G1 X175.415 Y27.126 E162.77951
G1 X175.73 Y27.492 E162.79557
G1 X175.931 Y28.006 E162.81393
G1 X175.919 Y28.672 E162.83608
G1 X175.712 Y29.141 E162.85313
G1 X175.567 Y29.341 E162.86135
G1 X175.189 Y29.689 E162.87844
G1 X174.762 Y29.86 E162.89374
G1 X174.431 Y29.916 E162.9049
G1 X169.302 Y29.916 E163.07549
G1 X168.892 Y29.856 E163.08928
G1 X168.508 Y29.687 E163.10323
M204 S2000
G0 F9000 X168.889 Y30.287
M204 S500
G1 F1690.1 X169.302 Y30.315 E163.11789
G1 F1809 X174.377 Y30.315 E163.28584
G1 F1674.4 X174.836 Y30.284 E163.30229
M204 S2000
G0 F9000 X176.12 Y29.914
M204 S500
G1 F1800 X179.163 Y29.913 E163.4035
G1 X178.863 Y29.392 E163.4235
G1 X178.74 Y28.999 E163.4372
G1 X178.635 Y28.436 E163.45624
G1 X178.631 Y28.108 E163.46715
G1 X178.802 Y27.442 E163.49002
G1 X178.956 Y27.072 E163.50335
G1 X179.166 Y26.72 E163.51699
G1 X176.13 Y26.718 E163.61796
G1 X176.32 Y26.952 E163.62799
G1 X176.513 Y27.296 E163.64111
G1 X176.633 Y27.603 E163.65207
G1 X176.729 Y27.954 E163.66418
G1 X176.728 Y28.685 E163.68849
G1 X176.609 Y29.09 E163.70253
G1 X176.444 Y29.464 E163.71612
G1 X176.12 Y29.914 E163.73457
M204 S2000
G0 F9000 X174.836 Y30.284
M204 S500
G1 F1670.5 X175.33 Y30.314 E163.7523
G1 F1800 X180.203 Y30.314 E163.91438
G1 X179.83 Y30.037 E163.92983
G1 X179.626 Y29.833 E163.93943
G1 X179.315 Y29.414 E163.95678
G1 X179.132 Y28.921 E163.97428
G1 X179.037 Y28.433 E163.99081
G1 X179.03 Y28.169 E163.99959
G1 X179.189 Y27.542 E164.02111
G1 X179.299 Y27.277 E164.03065
G1 X179.521 Y26.905 E164.04506
G1 X179.817 Y26.591 E164.05941
G1 X180.217 Y26.319 E164.0755
G1 X175.133 Y26.318 E164.2446
G1 F1710.2 X174.727 Y26.34 E164.25883
G1 X175.11 Y26.476 E164.27306
G1 F1800 X175.422 Y26.632 E164.28466
G1 X175.654 Y26.806 E164.2943
G1 X175.94 Y27.086 E164.30762
G1 X176.14 Y27.441 E164.32117
G1 X176.26 Y27.748 E164.33213
G1 X176.33 Y28 E164.34083
G1 X176.323 Y28.659 E164.36275
G1 X176.243 Y28.928 E164.37208
G1 X176.078 Y29.302 E164.38568
G1 X175.837 Y29.637 E164.39941
G1 X175.535 Y29.914 E164.41304
G1 F1734.9 X175.203 Y30.136 E164.42682
G1 F1614.3 X174.836 Y30.284 E164.44149
M204 S2000
G0 F9000 X175.858 Y29.397
G0 X176.166 Y28.702
G0 X176.167 Y27.957
G0 X175.947 Y27.389
G0 X175.707 Y27.078
G0 X174.727 Y26.34
M204 S500
G1 F1706.2 X174.435 Y26.318 E164.45177
G1 F1756.1 X169.044 Y26.323 E164.63556
M204 S2000
G0 F9000 X174.556 Y26.48
G0 X175.208 Y26.675
G0 X175.65 Y27.005
G0 X175.947 Y27.389
G0 X176.755 Y29.157
G0 X176.47 Y29.732
G0 X181.049 Y30.49
G0 X181.104 Y30.228
M204 S500
G1 F1674.4 X180.687 Y30.109 E164.65106
G1 F1800 X180.452 Y30.002 E164.65965
G1 X179.999 Y29.664 E164.67845
G1 X179.672 Y29.225 E164.69666
G1 X179.525 Y28.843 E164.71027
G1 X179.415 Y28.276 E164.72948
G1 X179.599 Y27.556 E164.7542
G1 X179.865 Y27.11 E164.77147
G1 X180.042 Y26.921 E164.78008
G1 F1734.9 X180.49 Y26.617 E164.79876
G1 F1618 X180.998 Y26.406 E164.81912
G1 F1578.9 X181.497 Y26.394 E164.83804
G1 F1610.7 X181.9 Y26.471 E164.85329
G1 F1618 X182.353 Y26.664 E164.87151
G1 F1610.7 X182.844 Y27.08 E164.89543
G1 X183.115 Y27.54 E164.91527
G1 F1614.3 X183.289 Y28.119 E164.9377
G1 F1600 X183.24 Y28.71 E164.95989
G1 F1582.4 X183.128 Y29.019 E164.97232
G1 F1585.9 X183.003 Y29.314 E164.98441
G1 F1603.6 X182.645 Y29.777 E165.00627
G1 F1596.5 X182.256 Y29.998 E165.02304
G1 F1592.9 X181.977 Y30.14 E165.03481
G1 F1607.1 X181.527 Y30.239 E165.05197
G1 F1585.9 X181.104 Y30.228 E165.06795
M204 S2000
G0 F9000 X180.726 Y29.708
M204 S500
;TYPE:WALL-OUTER
G1 F1800 X180.285 Y29.378 E165.08627
G1 X180.041 Y29.05 E165.09986
G1 X179.917 Y28.765 E165.1102
G1 X179.825 Y28.298 E165.12603
G1 X179.972 Y27.712 E165.14613
G1 X180.233 Y27.276 E165.16303
G1 X180.713 Y26.956 E165.18221
G1 X181.072 Y26.83 E165.19487
G1 X181.487 Y26.821 E165.20868
G1 X181.778 Y26.875 E165.21852
G1 X182.134 Y27.036 E165.23151
G1 X182.502 Y27.353 E165.24767
G1 X182.734 Y27.735 E165.26253
G1 X182.86 Y28.144 E165.27677
G1 X182.812 Y28.647 E165.29357
G1 X182.648 Y29.069 E165.30863
G1 X182.364 Y29.453 E165.32452
G1 X181.846 Y29.733 E165.3441
G1 X181.474 Y29.812 E165.35675
G1 X181.194 Y29.807 E165.36607
G1 X180.726 Y29.708 E165.38198
M204 S2000
G1 F2400 E164.58198
G0 F9000 X180.454 Y30.321
G0 X169.235 Y30.154
G0 X168.268 Y29.874
G0 X168.723 Y29.344
M204 S500
G1 F2400 E165.38198
G1 F1800 X168.427 Y29.089 E165.39497
G1 X168.239 Y28.781 E165.40697
G1 X168.15 Y28.36 E165.42128
G1 X168.201 Y27.955 E165.43486
G1 X168.349 Y27.653 E165.44605
G1 X168.49 Y27.473 E165.45365
G1 X168.852 Y27.22 E165.46834
G1 X169.183 Y27.119 E165.47985
G1 X174.466 Y27.119 E165.65556
G1 X174.916 Y27.253 E165.67118
G1 X175.176 Y27.447 E165.68197
G1 X175.385 Y27.706 E165.69304
G1 X175.526 Y28.08 E165.70633
G1 X175.525 Y28.557 E165.7222
G1 X175.331 Y29.015 E165.73874
G1 X174.97 Y29.346 E165.75503
G1 X174.693 Y29.466 E165.76507
G1 X174.411 Y29.514 E165.77459
G1 X169.268 Y29.513 E165.94564
G1 X168.981 Y29.458 E165.95536
G1 X168.723 Y29.344 E165.96475
M204 S2000
G1 F2400 E165.16475
G0 F9000 X168.268 Y29.874
G0 X164.256 Y30.791
G0 X161.669 Y32.05
G0 X160.59 Y32.528
G0 X159.472 Y32.689
G0 X158.201 Y32.615
G0 X158.401 Y31.945
M204 S500
G1 F2400 E165.96475
G1 F1800 X158.114 Y31.859 E165.97471
G1 X157.848 Y31.755 E165.98421
G1 X157.557 Y31.612 E165.99499
G1 X157.298 Y31.458 E166.00502
G1 X157.03 Y31.264 E166.01602
G1 X156.793 Y31.061 E166.0264
G1 X156.585 Y30.853 E166.03618
G1 X156.381 Y30.609 E166.04676
G1 X156.204 Y30.36 E166.05692
G1 X156.044 Y30.091 E166.06733
G1 X155.914 Y29.823 E166.07724
G1 X155.793 Y29.51 E166.0884
G1 X155.711 Y29.235 E166.09794
G1 X155.623 Y28.755 E166.11418
G1 X155.601 Y28.445 E166.12451
G1 X155.612 Y27.975 E166.14015
G1 X155.65 Y27.683 E166.14994
G1 X155.716 Y27.378 E166.16032
G1 X155.806 Y27.079 E166.17071
G1 X155.982 Y26.661 E166.18579
G1 X156.13 Y26.387 E166.19615
G1 X156.304 Y26.125 E166.20661
G1 X156.494 Y25.882 E166.21687
G1 X156.858 Y25.505 E166.2343
G1 X157.178 Y25.257 E166.24777
G1 X157.449 Y25.08 E166.25853
G1 X157.856 Y24.872 E166.27373
G1 X158.148 Y24.762 E166.28411
G1 X158.442 Y24.675 E166.29431
G1 X158.909 Y24.59 E166.3101
G1 X159.216 Y24.568 E166.32033
G1 X159.52 Y24.569 E166.33044
G1 X159.842 Y24.596 E166.34119
G1 X160.139 Y24.648 E166.35122
G1 X160.423 Y24.721 E166.36097
G1 X160.717 Y24.822 E166.37131
G1 X161.003 Y24.946 E166.38168
G1 X161.402 Y25.177 E166.39702
G1 X161.67 Y25.368 E166.40796
G1 X161.902 Y25.568 E166.41815
G1 X162.102 Y25.767 E166.42753
G1 X162.317 Y26.023 E166.43865
G1 X162.492 Y26.27 E166.44872
G1 X162.651 Y26.537 E166.45906
G1 X162.878 Y27.029 E166.47708
G1 X162.989 Y27.409 E166.49024
G1 X163.049 Y27.703 E166.50022
G1 X163.088 Y28.018 E166.51078
G1 X163.098 Y28.324 E166.52096
G1 X163.085 Y28.653 E166.53192
G1 X163.047 Y28.949 E166.54184
G1 X162.982 Y29.251 E166.55212
G1 X162.893 Y29.546 E166.56236
G1 X162.721 Y29.957 E166.57718
G1 X162.572 Y30.233 E166.58762
G1 X162.3 Y30.629 E166.60359
G1 X162.095 Y30.869 E166.61409
G1 X161.885 Y31.08 E166.62399
G1 X161.648 Y31.279 E166.63429
G1 X161.321 Y31.511 E166.64762
G1 X160.991 Y31.689 E166.66009
G1 X160.698 Y31.818 E166.67074
G1 X160.407 Y31.915 E166.68094
G1 X160.115 Y31.989 E166.69096
G1 X159.637 Y32.056 E166.70702
G1 X159.35 Y32.067 E166.71657
G1 X159.01 Y32.052 E166.72789
G1 X158.716 Y32.014 E166.73775
G1 X158.401 Y31.945 E166.74847
M204 S2000
G1 F2400 E165.94847
G0 F9000 X158.201 Y32.615
G0 X158.482 Y32.839
G0 X158.356 Y33.527
M204 S500
G1 F2400 E166.74847
G1 F1800 X158.913 Y33.596 E166.76714
G1 X159.35 Y33.615 E166.78169
G1 X159.789 Y33.596 E166.7963
G1 X160.24 Y33.541 E166.81142
G1 X160.675 Y33.447 E166.82622
G1 X161.059 Y33.332 E166.83955
G1 X161.482 Y33.167 E166.85465
G1 X161.859 Y32.983 E166.8686
G1 X162.239 Y32.757 E166.88331
G1 X162.603 Y32.498 E166.89817
G1 X162.955 Y32.213 E166.91323
G1 X163.325 Y31.95 E166.92833
G1 X163.679 Y31.74 E166.94202
G1 X164.075 Y31.547 E166.95667
G1 X164.453 Y31.398 E166.97019
G1 X164.884 Y31.272 E166.98512
G1 X165.312 Y31.183 E166.99966
G1 X165.719 Y31.132 E167.0133
G1 X166.156 Y31.116 E167.02785
G1 X181.454 Y31.114 E167.53666
G1 X181.799 Y31.079 E167.54819
G1 X182.252 Y30.965 E167.56373
G1 X182.676 Y30.78 E167.57912
G1 X183.063 Y30.527 E167.5945
G1 X183.408 Y30.212 E167.61003
G1 X183.706 Y29.845 E167.62576
G1 X183.953 Y29.341 E167.64443
G1 X184.115 Y28.806 E167.66302
G1 X184.154 Y28.343 E167.67847
G1 X184.128 Y27.979 E167.69061
G1 X184.034 Y27.524 E167.70606
G1 X183.862 Y27.084 E167.72178
G1 X183.699 Y26.783 E167.73316
G1 X183.4 Y26.4 E167.74932
G1 X182.886 Y25.964 E167.77174
G1 X182.369 Y25.709 E167.79091
G1 X181.937 Y25.579 E167.80592
G1 X181.463 Y25.52 E167.8218
G1 X166.129 Y25.516 E168.33181
G1 X165.692 Y25.497 E168.34636
G1 X165.279 Y25.444 E168.36021
G1 X164.848 Y25.351 E168.37488
G1 X164.336 Y25.195 E168.39268
G1 X163.841 Y24.975 E168.4107
G1 X163.468 Y24.773 E168.4248
G1 X163.11 Y24.538 E168.43905
G1 X162.513 Y24.065 E168.46438
G1 X162.064 Y23.758 E168.48247
G1 X161.474 Y23.454 E168.50455
G1 X160.858 Y23.23 E168.52635
G1 X160.301 Y23.101 E168.54536
G1 X159.892 Y23.044 E168.5591
G1 X159.43 Y23.017 E168.57449
G1 X159.027 Y23.026 E168.5879
G1 X158.459 Y23.087 E168.6069
G1 X157.909 Y23.215 E168.62568
G1 X157.496 Y23.349 E168.64012
G1 X157.089 Y23.521 E168.65482
G1 X156.627 Y23.761 E168.67213
G1 X156.082 Y24.135 E168.69412
G1 X155.587 Y24.575 E168.71615
G1 X155.182 Y25.032 E168.73646
G1 X154.891 Y25.45 E168.7534
G1 X154.656 Y25.853 E168.76891
G1 X154.467 Y26.248 E168.78348
G1 X154.321 Y26.633 E168.79717
G1 X154.194 Y27.083 E168.81272
G1 X154.109 Y27.517 E168.82743
G1 X154.051 Y28.048 E168.8452
G1 X154.056 Y28.609 E168.86386
G1 X154.104 Y29.076 E168.87947
G1 X154.175 Y29.461 E168.89249
G1 X154.317 Y29.998 E168.91097
G1 X154.561 Y30.603 E168.93267
G1 X154.818 Y31.068 E168.95034
G1 X155.13 Y31.533 E168.96896
G1 X155.494 Y31.952 E168.98742
G1 X155.746 Y32.201 E168.9992
G1 X156.076 Y32.484 E169.01366
G1 X156.437 Y32.744 E169.02846
G1 X156.909 Y33.028 E169.04678
G1 X157.417 Y33.252 E169.06525
G1 X157.819 Y33.39 E169.07938
G1 X158.356 Y33.527 E169.09782
M204 S2000
G0 F9000 X158.482 Y32.839
G0 X160.59 Y32.528
G0 X161.561 Y32.098
G0 X164.534 Y30.02
G0 X164.462 Y29.766
M204 S500
;TYPE:SKIN
G1 F1800 X164.58 Y29.245 E169.11558
G1 X164.642 Y28.768 E169.13158
G1 X164.658 Y28.4 E169.14383
G1 X164.643 Y27.881 E169.1611
G1 X164.578 Y27.38 E169.17791
G1 X164.464 Y26.861 E169.19558
G1 X164.947 Y26.97 E169.21205
G1 X165.582 Y27.054 E169.23335
G1 X166.07 Y27.074 E169.2496
G1 X166.89 Y27.076 E169.27687
G1 X166.802 Y27.26 E169.28365
G1 X166.665 Y27.693 E169.29876
G1 X166.581 Y28.307 E169.31937
G1 X166.629 Y28.716 E169.33307
G1 X166.703 Y29.074 E169.34523
G1 X166.893 Y29.554 E169.3624
G1 X166.102 Y29.555 E169.38871
G1 X165.564 Y29.579 E169.40662
G1 X164.991 Y29.655 E169.42584
G1 X164.462 Y29.766 E169.44382
M204 S2000
G0 F9000 X164.534 Y30.02
G0 X167.204 Y29.734
G0 X166.965 Y29.027
G0 X166.524 Y29.202
M204 S500
G1 F1800 X166.385 Y29.342 E169.45038
M204 S2000
G0 F9000 X165.793 Y29.368
M204 S500
G1 F1800 X166.428 Y28.732 E169.48027
M204 S2000
G0 F9000 X166.387 Y28.207
M204 S500
G1 F1800 X165.165 Y29.43 E169.53778
M204 S2000
G0 F9000 X164.78 Y29.249
M204 S500
G1 F1800 X166.482 Y27.547 E169.61783
M204 S2000
G0 F9000 X166.189 Y27.275
M204 S500
G1 F1800 X164.847 Y28.616 E169.68093
M204 S2000
G0 F9000 X164.847 Y28.051
M204 S500
G1 F1800 X165.643 Y27.255 E169.71838
M204 S2000
G0 F9000 X165.134 Y27.198
M204 S500
G1 F1800 X164.799 Y27.533 E169.73413
M204 S2000
G0 F9000 X164.342 Y27.593
G0 X164.193 Y26.615
G0 X167.177 Y26.896
G0 X167.635 Y29.018
G0 X167.937 Y29.51
G0 X168.382 Y29.891
G0 X168.819 Y30.084
G0 X169.235 Y30.154
G0 X174.447 Y30.155
G0 X177.411 Y29.814
G0 X177.411 Y29.132
M204 S500
G1 F1636.4 X177.969 Y29.131 E169.75455
G1 X177.921 Y28.872 E169.76419
G1 F1714.3 X177.881 Y28.556 E169.77531
G1 F1813.6 X177.878 Y28.124 E169.78957
G1 F1730.8 X177.912 Y27.769 E169.80191
G1 F1640.1 X177.982 Y27.5 E169.81205
G1 X177.412 Y27.499 E169.83286
G1 X177.48 Y27.757 E169.8426
G1 X177.493 Y28.854 E169.88264
G1 F1636.4 X177.411 Y29.132 E169.89325
M204 S2000
G0 F9000 X176.8 Y29.553
M204 S500
G1 F1800 X178.533 Y29.552 E169.95089
G1 X178.391 Y29.086 E169.96709
G1 X178.278 Y28.49 E169.98727
G1 X178.273 Y28.168 E169.99798
G1 X178.318 Y27.877 E170.00777
G1 X178.462 Y27.325 E170.02675
G1 X178.564 Y27.081 E170.03554
G1 X176.816 Y27.078 E170.09368
G1 X176.974 Y27.485 E170.1082
G1 X177.062 Y27.807 E170.11931
G1 X177.09 Y28.121 E170.12979
G1 X177.076 Y28.779 E170.15168
G1 X176.94 Y29.233 E170.16744
G1 X176.8 Y29.553 E170.17906
M204 S2000
G0 F9000 X176.8 Y30.114
G1 F2400 E169.37906
;MESH:part_4.stl
G0 F9000 X166.141 Y30.897
G0 X166.174 Y31.98
G0 X165.826 Y36.003
G0 X165.063 Y36.766
G0 X162.198 Y41.128
M204 S500
;TYPE:WALL-INNER
G1 F2400 E170.17906
G1 F1379.3 X161.882 Y41.411 E170.19747
G1 F1366.2 X161.495 Y41.832 E170.22253
M204 S2000
G0 F9000 X158.803 Y44.666
G0 X159.87 Y46.787
G0 X156.154 Y51.312
M204 S500
G1 F1804.5 X159.689 Y47.777 E170.38839
G1 X160.048 Y47.546 E170.40255
G1 F1800 X160.352 Y47.484 E170.41287
G1 X160.552 Y47.495 E170.41954
G1 X160.814 Y47.575 E170.42865
G1 X161.041 Y47.718 E170.43757
G1 X162.565 Y49.236 E170.50911
G1 X163.04 Y48.895 E170.52856
G1 X163.389 Y48.678 E170.54223
G1 X163.961 Y48.374 E170.56378
G1 X164.492 Y48.143 E170.58304
G1 X165.161 Y47.916 E170.60653
G1 X165.801 Y47.757 E170.62847
G1 X166.447 Y47.655 E170.65022
G1 X167.008 Y47.61 E170.66894
G1 X167.399 Y47.603 E170.68194
G1 X167.742 Y47.613 E170.69336
G1 X168.319 Y47.663 E170.71262
G1 X168.706 Y47.721 E170.72564
G1 X169.259 Y47.841 E170.74446
G1 X181.214 Y51.041 E171.15608
G1 F1484.5 X181.516 Y51.045 E171.16826
G1 F1285.7 X181.913 Y51.237 E171.18879
G1 F1306.7 X182.239 Y51.367 E171.20487
G1 X182.673 Y51.464 E171.22525
G1 F1304.3 X182.97 Y51.49 E171.23893
G1 F1306.7 X183.334 Y51.49 E171.25561
G1 X183.719 Y51.427 E171.27348
G1 F1295 X183.989 Y51.356 E171.28639
G1 X184.379 Y51.212 E171.30561
G1 F1302 X184.706 Y51.016 E171.32314
G1 F1304.3 X184.92 Y50.865 E171.33516
G1 F1306.7 X185.244 Y50.566 E171.35536
G1 X185.457 Y50.316 E171.37041
G1 F1309.1 X185.704 Y49.933 E171.39125
G1 F1311.5 X185.89 Y49.492 E171.4131
G1 F1318.7 X185.977 Y49.156 E171.42886
G1 F1316.3 X186.03 Y48.809 E171.44482
G1 F1306.7 X186.03 Y48.432 E171.46209
G1 F1309.1 X185.999 Y48.132 E171.47589
G1 F1313.9 X185.907 Y47.719 E171.49517
G1 F1309.1 X185.778 Y47.36 E171.51261
G1 X185.612 Y47.057 E171.52841
G1 F1311.5 X185.401 Y46.744 E171.54565
G1 F1309.1 X185.153 Y46.48 E171.56221
G1 F1304.3 X184.872 Y46.235 E171.57932
G1 F1306.7 X184.571 Y46.036 E171.59585
G1 F1311.5 X184.137 Y45.832 E171.61775
G1 F1306.7 X183.847 Y45.74 E171.63168
G1 F1302 X183.496 Y45.669 E171.64815
G1 F1321.1 X183.222 Y45.644 E171.66062
G1 F1330.9 X182.936 Y45.647 E171.67349
G1 F1311.5 X182.63 Y45.685 E171.68756
G1 F1302 X182.326 Y45.752 E171.70188
G1 F1306.7 X181.988 Y45.862 E171.71816
G1 F1304.3 X181.531 Y46.096 E171.74173
G1 F1299.6 X181.162 Y46.39 E171.76346
G1 F1297.3 X180.891 Y46.63 E171.78017
G1 F1509.4 X180.585 Y46.749 E171.79319
G1 F1800 X180.241 Y46.971 E171.80681
G1 X179.509 Y47.181 E171.83213
G1 X179.016 Y47.233 E171.84862
G1 X178.451 Y47.196 E171.86745
G1 X171.188 Y45.25 E172.11754
G1 X170.592 Y44.971 E172.13943
G1 X170.391 Y44.792 E172.14838
G1 X169.919 Y44.223 E172.17297
G1 X169.707 Y43.69 E172.19205
G1 X169.614 Y43.215 E172.20815
G1 X169.642 Y42.738 E172.22404
G1 X169.752 Y42.286 E172.23951
G1 X168.132 Y40.662 E172.31581
G1 X167.969 Y40.41 E172.32579
G1 X167.893 Y40.155 E172.33464
G1 X167.882 Y39.955 E172.3413
G1 X167.944 Y39.65 E172.35165
G1 F1791 X168.115 Y39.353 E172.36311
G1 X171.709 Y35.756 E172.53308
G1 F1804.5 X171.427 Y35.474 E172.54631
G1 F1791 X167.83 Y39.068 E172.71627
G1 X167.534 Y39.24 E172.72772
G1 F1800 X167.229 Y39.302 E172.73807
G1 X167.029 Y39.291 E172.74473
G1 X166.704 Y39.18 E172.75615
G1 X166.505 Y39.037 E172.7643
G1 X165.064 Y37.597 E172.83206
G1 X157.994 Y44.666 E173.16459
G1 X159.473 Y46.152 E173.23432
G1 X159.594 Y46.336 E173.24165
G1 X159.688 Y46.631 E173.25194
G1 X159.699 Y46.831 E173.25861
G1 X159.637 Y47.135 E173.26893
G1 F1804.5 X159.407 Y47.495 E173.2831
G1 X155.872 Y51.03 E173.44896
G1 X156.154 Y51.312 E173.46219
M204 S2000
G0 F9000 X156.154 Y51.877
M204 S500
G1 F1800 X159.971 Y48.059 E173.64175
G1 X160.187 Y47.921 E173.65028
G1 X160.369 Y47.884 E173.65646
G1 X160.647 Y47.938 E173.66587
G1 X160.783 Y48.024 E173.67123
G1 X162.54 Y49.776 E173.75375
G1 X162.818 Y49.544 E173.7658
G1 X163.272 Y49.221 E173.78433
G1 X163.579 Y49.03 E173.79635
G1 X164.12 Y48.741 E173.81675
G1 X164.651 Y48.51 E173.83601
G1 X165.215 Y48.317 E173.85584
G1 X165.865 Y48.152 E173.87814
G1 X166.479 Y48.054 E173.89883
G1 X167.04 Y48.009 E173.91754
G1 X167.389 Y48.003 E173.92915
G1 X167.707 Y48.012 E173.93973
G1 X168.323 Y48.066 E173.9603
G1 X168.593 Y48.107 E173.96938
G1 X169.205 Y48.239 E173.99021
G1 X181.297 Y51.478 E174.40657
G1 X181.735 Y51.678 E174.42258
G1 X182.025 Y51.791 E174.43293
G1 X182.271 Y51.863 E174.44146
G1 X182.602 Y51.935 E174.45273
G1 X182.949 Y51.966 E174.46431
G1 X183.248 Y51.967 E174.47426
G1 X183.506 Y51.946 E174.48287
G1 X183.805 Y51.896 E174.49295
G1 X184.134 Y51.814 E174.50423
G1 X184.482 Y51.679 E174.51664
G1 X184.715 Y51.565 E174.52527
G1 X184.967 Y51.416 E174.53501
G1 X185.203 Y51.248 E174.54464
G1 X185.405 Y51.077 E174.55345
G1 X185.594 Y50.889 E174.56231
G1 X185.839 Y50.601 E174.57489
G1 X186.038 Y50.296 E174.587
G1 X186.168 Y50.052 E174.5962
G1 X186.282 Y49.789 E174.60573
G1 X186.371 Y49.526 E174.61496
G1 X186.441 Y49.25 E174.62443
G1 X186.486 Y48.96 E174.6342
G1 X186.507 Y48.703 E174.64277
G1 X186.505 Y48.396 E174.65298
G1 X186.48 Y48.139 E174.66157
G1 X186.428 Y47.84 E174.67167
G1 X186.361 Y47.58 E174.6806
G1 X186.249 Y47.269 E174.69159
G1 X186.146 Y47.041 E174.69991
G1 X186.024 Y46.82 E174.70831
G1 X185.857 Y46.569 E174.71833
G1 X185.69 Y46.358 E174.72728
G1 X185.495 Y46.149 E174.73679
G1 X185.279 Y45.954 E174.74647
G1 X185.054 Y45.782 E174.75589
G1 X184.808 Y45.625 E174.7656
G1 X184.558 Y45.494 E174.77498
G1 X184.313 Y45.391 E174.78382
G1 X183.969 Y45.278 E174.79587
G1 X183.559 Y45.196 E174.80977
G1 X183.189 Y45.171 E174.82211
G1 X182.909 Y45.176 E174.83142
G1 X182.57 Y45.21 E174.84275
G1 X182.213 Y45.29 E174.85492
G1 X181.964 Y45.368 E174.8636
G1 X181.688 Y45.482 E174.87353
G1 X181.445 Y45.603 E174.88256
G1 X181.15 Y45.787 E174.89412
G1 X180.859 Y46.02 E174.90652
G1 X180.622 Y46.235 E174.91717
G1 X180.082 Y46.6 E174.93885
G1 X179.44 Y46.787 E174.96109
G1 X179.051 Y46.828 E174.9741
G1 X178.514 Y46.8 E174.99198
G1 X171.333 Y44.875 E175.23925
G1 X170.756 Y44.605 E175.26044
G1 X170.277 Y44.028 E175.28538
G1 X170.091 Y43.576 E175.30164
G1 X170.016 Y43.184 E175.31492
G1 X170.045 Y42.692 E175.33131
G1 X170.205 Y42.173 E175.34937
G1 X168.432 Y40.397 E175.43284
G1 X168.334 Y40.246 E175.43883
G1 X168.282 Y39.972 E175.4481
G1 X168.319 Y39.789 E175.45431
G1 X168.422 Y39.612 E175.46112
G1 X172.274 Y35.756 E175.6424
G1 X171.427 Y34.909 E175.68224
G1 X167.571 Y38.761 E175.86352
G1 X167.395 Y38.865 E175.87032
G1 X167.091 Y38.895 E175.88048
G1 X166.803 Y38.766 E175.89098
G1 X165.064 Y37.031 E175.97268
G1 X157.428 Y44.666 E176.33183
G1 X159.124 Y46.362 E176.41161
G1 X159.245 Y46.536 E176.41866
G1 X159.299 Y46.814 E176.42808
G1 X159.262 Y46.996 E176.43425
G1 X159.124 Y47.212 E176.44278
G1 X155.307 Y51.03 E176.62234
G1 X156.154 Y51.877 E176.66218
M204 S2000
G0 F9000 X156.154 Y51.495
G0 X160.396 Y47.313
G0 X162.595 Y48.701
M204 S500
G1 F1800 X163.2 Y48.325 E176.68587
G1 X163.801 Y48.007 E176.70849
G1 X164.441 Y47.734 E176.73163
G1 X165.062 Y47.528 E176.75339
G1 X165.737 Y47.362 E176.77651
G1 X166.415 Y47.256 E176.79934
G1 X167.064 Y47.208 E176.82098
G1 X167.409 Y47.203 E176.83246
G1 X167.777 Y47.215 E176.8447
G1 X168.443 Y47.275 E176.86694
G1 X168.79 Y47.33 E176.87863
G1 X169.412 Y47.466 E176.89981
G1 X181.425 Y50.681 E177.31342
G1 X181.151 Y50.427 E177.32585
G1 X180.942 Y50.172 E177.33681
G1 X180.762 Y49.895 E177.3478
G1 X180.597 Y49.537 E177.36091
G1 X180.475 Y49.13 E177.37505
G1 X180.418 Y48.785 E177.38668
G1 X180.431 Y48.144 E177.408
G1 X180.553 Y47.704 E177.42319
G1 X180.654 Y47.451 E177.43225
G1 X180.878 Y47.032 E177.44805
G1 X180.487 Y47.286 E177.46356
G1 X180.236 Y47.388 E177.47257
G1 X179.63 Y47.57 E177.49361
G1 X179.025 Y47.634 E177.51385
G1 X178.379 Y47.592 E177.53538
G1 X171.057 Y45.629 E177.78751
G1 X170.538 Y45.387 E177.80656
G1 X170.314 Y45.256 E177.81519
G1 X170.095 Y45.061 E177.82494
G1 X169.711 Y44.598 E177.84495
G1 X169.54 Y44.352 E177.85491
G1 X169.306 Y43.759 E177.87611
G1 X169.218 Y43.247 E177.89339
G1 X169.242 Y42.715 E177.91111
G1 X169.301 Y42.399 E177.9218
G1 X167.832 Y40.926 E177.99099
G1 X167.604 Y40.574 E178.00494
G1 X167.498 Y40.218 E178.01729
G1 X167.482 Y39.937 E178.02665
G1 X167.542 Y39.642 E178.03667
G1 X167.247 Y39.702 E178.04668
G1 X166.85 Y39.679 E178.05991
G1 X166.494 Y39.521 E178.07286
G1 X166.234 Y39.331 E178.08357
G1 X165.064 Y38.163 E178.13856
G1 X162.586 Y40.641 E178.25511
G1 F1730.8 X162.375 Y40.874 E178.26599
G1 F1478.4 X162.198 Y41.128 E178.27852
G1 F1528.7 X162.768 Y40.898 E178.3026
G1 F1800 X163.15 Y40.761 E178.31609
G1 X163.576 Y40.707 E178.33038
G1 X163.94 Y40.703 E178.34248
G1 X164.302 Y40.745 E178.3546
G1 X164.774 Y40.868 E178.37083
G1 X165.245 Y41.106 E178.38838
G1 X165.731 Y41.52 E178.40961
G1 X165.913 Y41.712 E178.41841
G1 X166.223 Y42.226 E178.43838
G1 X166.326 Y42.471 E178.44722
G1 X166.485 Y42.983 E178.46505
G1 X166.498 Y43.239 E178.47357
G1 X166.456 Y43.794 E178.49209
G1 X166.4 Y44.077 E178.50168
G1 X166.199 Y44.604 E178.52044
G1 X166.068 Y44.843 E178.52951
G1 X165.76 Y45.23 E178.54596
G1 X165.583 Y45.418 E178.55454
G1 X165.082 Y45.772 E178.57495
G1 X164.619 Y45.964 E178.59162
G1 X163.99 Y46.101 E178.61303
G1 X163.22 Y46.045 E178.63871
G1 X162.507 Y45.778 E178.66403
G1 X162.034 Y45.436 E178.68344
G1 X161.828 Y45.258 E178.6925
G1 X161.423 Y44.713 E178.71508
G1 X161.207 Y44.204 E178.73347
G1 X161.122 Y43.769 E178.74822
G1 X161.099 Y43.376 E178.76131
G1 X161.135 Y42.952 E178.77546
G1 X161.25 Y42.503 E178.79088
G1 F1718.4 X161.404 Y42.107 E178.80568
G1 F1454.5 X161.495 Y41.832 E178.8176
G1 X161.251 Y42.002 E178.82984
G1 F1718.4 X160.936 Y42.288 E178.84467
G1 F1800 X158.56 Y44.666 E178.95647
G1 X159.782 Y45.898 E179.01419
G1 X159.972 Y46.201 E179.02608
G1 X160.083 Y46.569 E179.03887
G1 X160.099 Y46.849 E179.0482
G1 X160.039 Y47.144 E179.05821
G1 X160.334 Y47.084 E179.06822
G1 X160.614 Y47.1 E179.07755
G1 X160.982 Y47.211 E179.09033
G1 X161.284 Y47.4 E179.10218
G1 X162.595 Y48.701 E179.16361
M204 S2000
G0 F9000 X160.273 Y46.911
G0 X158.803 Y44.666
G0 X161.08 Y42.411
G0 X162.173 Y45.253
G0 X163.307 Y45.651
M204 S500
G1 F1800 X162.696 Y45.423 E179.1853
G1 X162.158 Y45.032 E179.20743
G1 X161.773 Y44.513 E179.22892
G1 X161.592 Y44.087 E179.24431
G1 X161.514 Y43.691 E179.25774
G1 X161.498 Y43.41 E179.2671
G1 X161.534 Y42.985 E179.28128
G1 X161.616 Y42.665 E179.29227
G1 X161.841 Y42.156 E179.31078
G1 X162.201 Y41.729 E179.32936
G1 X162.557 Y41.444 E179.34452
G1 X162.941 Y41.259 E179.3587
G1 X163.441 Y41.109 E179.37606
G1 X163.944 Y41.103 E179.39279
G1 X164.203 Y41.133 E179.40147
G1 X164.625 Y41.242 E179.41596
G1 X165.017 Y41.438 E179.43054
G1 X165.554 Y41.894 E179.45397
G1 X165.909 Y42.476 E179.47665
G1 X166.107 Y43.118 E179.49899
G1 X166.049 Y43.879 E179.52438
G1 X165.791 Y44.549 E179.54825
G1 X165.384 Y45.061 E179.57001
G1 X164.907 Y45.413 E179.58973
G1 X164.499 Y45.582 E179.60441
G1 X163.963 Y45.698 E179.62265
G1 X163.307 Y45.651 E179.64453
M204 S2000
G0 F9000 X163.391 Y45.257
M204 S500
G1 F1800 X162.871 Y45.063 E179.66299
G1 X162.446 Y44.737 E179.6808
G1 X162.121 Y44.313 E179.69857
G1 X161.991 Y44.006 E179.70966
G1 X161.888 Y43.532 E179.72579
G1 X161.942 Y42.918 E179.74629
G1 X162.187 Y42.363 E179.76647
G1 X162.484 Y42.012 E179.78177
G1 X162.774 Y41.783 E179.79406
G1 X163.115 Y41.619 E179.80664
G1 X163.502 Y41.508 E179.82003
G1 X164.03 Y41.502 E179.83759
G1 X164.456 Y41.611 E179.85222
G1 X164.785 Y41.772 E179.8644
G1 X165.231 Y42.144 E179.88372
G1 X165.541 Y42.64 E179.90317
G1 X165.706 Y43.175 E179.92179
G1 X165.652 Y43.798 E179.94259
G1 X165.431 Y44.361 E179.96271
G1 X165.098 Y44.778 E179.98046
G1 X164.716 Y45.052 E179.99609
G1 X164.386 Y45.202 E180.00815
G1 X163.936 Y45.294 E180.02343
G1 X163.391 Y45.257 E180.0416
M204 S2000
G1 F2400 E179.2416
G0 F9000 X163.287 Y45.537
G0 X161.053 Y44.251
G0 X161.08 Y42.411
G0 X158.803 Y44.666
G0 X160.273 Y46.911
G0 X162.625 Y48.491
G0 X168.093 Y47.52
G0 X182.235 Y50.787
M204 S500
G1 F2400 E180.0416
G1 F1274.3 X181.77 Y50.537 E180.0664
G1 F1484.5 X181.619 Y50.319 E180.07709
G1 F1800 X181.347 Y50.061 E180.08956
G1 X181.098 Y49.678 E180.10476
G1 X180.98 Y49.423 E180.1141
G1 X180.813 Y48.866 E180.13344
G1 X180.838 Y48.206 E180.15541
G1 X180.959 Y47.731 E180.17171
G1 X181.189 Y47.286 E180.18837
G1 F1506.3 X181.279 Y47.01 E180.19991
G1 F1299.6 X181.888 Y46.523 E180.23583
G1 F1311.5 X182.383 Y46.3 E180.26062
G1 F1323.5 X182.985 Y46.189 E180.28831
G1 F1328.4 X183.248 Y46.181 E180.30016
G1 F1326 X183.871 Y46.318 E180.32897
G1 F1321.1 X184.271 Y46.49 E180.3487
G1 F1306.7 X184.624 Y46.755 E180.36892
G1 X184.853 Y46.955 E180.38285
G1 F1318.7 X185.118 Y47.283 E180.40199
G1 F1316.3 X185.376 Y47.836 E180.42975
G1 X185.477 Y48.321 E180.45228
G1 X185.471 Y48.861 E180.47684
G1 F1318.7 X185.433 Y49.123 E180.48886
G1 X185.225 Y49.652 E180.51467
G1 F1316.3 X184.997 Y50.021 E180.5344
G1 X184.611 Y50.429 E180.55994
G1 X184.108 Y50.73 E180.58661
G1 F1313.9 X183.445 Y50.933 E180.6182
G1 F1311.5 X182.792 Y50.931 E180.64801
G1 F1295 X182.235 Y50.787 E180.67461
M204 S2000
G0 F9000 X182.407 Y50.336
M204 S500
G1 F1804.5 X181.966 Y50.091 E180.69134
G1 X181.657 Y49.805 E180.70531
G1 F1800 X181.389 Y49.392 E180.72169
G1 X181.215 Y48.811 E180.74186
G1 X181.234 Y48.264 E180.76007
G1 X181.335 Y47.876 E180.7734
G1 X181.6 Y47.363 E180.7926
G1 X182.18 Y46.906 E180.81716
G1 X182.521 Y46.761 E180.82949
G1 X183.112 Y46.643 E180.84953
G1 X183.723 Y46.768 E180.87028
G1 X184.052 Y46.918 E180.8823
G1 X184.506 Y47.278 E180.90157
G1 X184.72 Y47.549 E180.91306
G1 X184.913 Y47.961 E180.92819
G1 X184.999 Y48.352 E180.94151
G1 X184.999 Y48.916 E180.96027
G1 X184.806 Y49.427 E180.97843
G1 X184.593 Y49.759 E180.99155
G1 X184.34 Y50.021 E181.00367
G1 X183.919 Y50.293 E181.02034
G1 X183.366 Y50.454 E181.03949
G1 X182.878 Y50.461 E181.05573
G1 X182.407 Y50.336 E181.07193
M204 S2000
G0 F9000 X182.539 Y49.957
M204 S500
;TYPE:WALL-OUTER
G1 F1804.5 X182.185 Y49.751 E181.08552
G1 X181.979 Y49.557 E181.09491
G1 F1800 X181.756 Y49.223 E181.10827
G1 X181.616 Y48.757 E181.12445
G1 X181.63 Y48.321 E181.13896
G1 X181.706 Y48.038 E181.14871
G1 X181.929 Y47.612 E181.1647
G1 X182.369 Y47.266 E181.18332
G1 X182.642 Y47.143 E181.19328
G1 X183.129 Y47.052 E181.20975
G1 X183.597 Y47.149 E181.22565
G1 X183.837 Y47.256 E181.23439
G1 X184.213 Y47.552 E181.25031
G1 X184.385 Y47.776 E181.2597
G1 X184.535 Y48.095 E181.27142
G1 X184.6 Y48.39 E181.28147
G1 X184.598 Y48.842 E181.2965
G1 X184.453 Y49.238 E181.31053
G1 X184.298 Y49.486 E181.32026
G1 X184.082 Y49.714 E181.3307
G1 X183.748 Y49.927 E181.34388
G1 X183.285 Y50.06 E181.3599
G1 X182.926 Y50.059 E181.37184
G1 X182.539 Y49.957 E181.38515
M204 S2000
G1 F2400 E180.58515
G0 F9000 X182.193 Y50.563
G0 X180.321 Y49.179
G0 X180.414 Y47.523
G0 X169.587 Y44.701
G0 X169.124 Y42.456
G0 X167.308 Y39.875
G0 X165.064 Y38.406
G0 X162.817 Y40.677
G0 X166.365 Y42.149
G0 X165.683 Y45.545
G0 X163.447 Y45.561
G0 X163.492 Y44.864
M204 S500
G1 F2400 E181.38515
G1 F1800 X163.086 Y44.717 E181.39952
G1 X162.729 Y44.454 E181.41426
G1 X162.483 Y44.127 E181.42787
G1 X162.367 Y43.87 E181.43725
G1 X162.292 Y43.508 E181.44955
G1 X162.334 Y43.021 E181.46581
G1 X162.539 Y42.565 E181.48243
G1 X162.767 Y42.295 E181.49419
G1 X163.005 Y42.116 E181.50409
G1 X163.326 Y41.966 E181.51588
G1 X163.543 Y41.912 E181.52331
G1 X163.98 Y41.902 E181.53785
G1 X164.33 Y41.991 E181.54986
G1 X164.555 Y42.1 E181.55818
G1 X164.939 Y42.425 E181.57491
G1 X165.165 Y42.791 E181.58922
G1 X165.298 Y43.223 E181.60425
G1 X165.259 Y43.712 E181.62057
G1 X165.086 Y44.148 E181.63617
G1 X164.807 Y44.497 E181.65103
G1 X164.508 Y44.711 E181.66326
G1 X164.278 Y44.812 E181.67162
G1 X163.922 Y44.888 E181.68372
G1 X163.492 Y44.864 E181.69805
M204 S2000
G1 F2400 E180.89805
G0 F9000 X163.447 Y45.561
G0 X161.324 Y43.031
G0 X161.259 Y42.098
G0 X158.443 Y44.666
G0 X159.707 Y46.487
G0 X156.154 Y52.061
G0 X156.154 Y52.443
M204 S500
G1 F2400 E181.69805
G1 F1800 X160.254 Y48.342 E181.89092
G1 X160.387 Y48.284 E181.89575
G1 X160.501 Y48.306 E181.89961
G1 X162.516 Y50.318 E181.99432
G1 X163.05 Y49.87 E182.0175
G1 X163.514 Y49.541 E182.03642
G1 X163.769 Y49.382 E182.04642
G1 X164.28 Y49.108 E182.0657
G1 X164.826 Y48.871 E182.0855
G1 X165.358 Y48.692 E182.10417
G1 X165.929 Y48.547 E182.12376
G1 X166.511 Y48.453 E182.14337
G1 X167.072 Y48.408 E182.16209
G1 X167.379 Y48.403 E182.1723
G1 X167.673 Y48.41 E182.18208
G1 X168.263 Y48.462 E182.20178
G1 X168.538 Y48.504 E182.21103
G1 X169.101 Y48.625 E182.23019
G1 X181.167 Y51.859 E182.64567
G1 X181.586 Y52.049 E182.66097
G1 X181.848 Y52.153 E182.67035
G1 X182.171 Y52.251 E182.68157
G1 X182.542 Y52.331 E182.6942
G1 X182.931 Y52.366 E182.70719
G1 X183.264 Y52.367 E182.71826
G1 X183.554 Y52.343 E182.72794
G1 X183.935 Y52.277 E182.7408
G1 X184.256 Y52.196 E182.75181
G1 X184.642 Y52.046 E182.76559
G1 X184.905 Y51.917 E182.77533
G1 X185.185 Y51.752 E182.78614
G1 X185.448 Y51.564 E182.79689
G1 X185.675 Y51.373 E182.80676
G1 X185.888 Y51.161 E182.81675
G1 X186.16 Y50.841 E182.83072
G1 X186.382 Y50.5 E182.84426
G1 X186.529 Y50.226 E182.8546
G1 X186.656 Y49.933 E182.86522
G1 X186.755 Y49.639 E182.87554
G1 X186.833 Y49.33 E182.88614
G1 X186.884 Y49.006 E182.89705
G1 X186.907 Y48.718 E182.90666
G1 X186.905 Y48.376 E182.91803
G1 X186.877 Y48.086 E182.92772
G1 X186.82 Y47.756 E182.93886
G1 X186.744 Y47.463 E182.94893
G1 X186.633 Y47.148 E182.96004
G1 X186.504 Y46.862 E182.97047
G1 X186.366 Y46.612 E182.97997
G1 X186.181 Y46.333 E182.9911
G1 X185.994 Y46.097 E183.00112
G1 X185.776 Y45.863 E183.01175
G1 X185.535 Y45.646 E183.02254
G1 X185.284 Y45.454 E183.03305
G1 X185.009 Y45.279 E183.04389
G1 X184.728 Y45.132 E183.05444
G1 X184.453 Y45.016 E183.06437
G1 X184.071 Y44.89 E183.07775
G1 X183.612 Y44.798 E183.09332
G1 X183.199 Y44.771 E183.10708
G1 X182.885 Y44.776 E183.11753
G1 X182.506 Y44.814 E183.1302
G1 X182.109 Y44.903 E183.14373
G1 X181.828 Y44.992 E183.15353
G1 X181.522 Y45.118 E183.16454
G1 X181.249 Y45.254 E183.17468
G1 X180.918 Y45.46 E183.18765
G1 X180.6 Y45.715 E183.20121
G1 X180.344 Y45.945 E183.21265
G1 X179.929 Y46.224 E183.22929
G1 X179.37 Y46.393 E183.24871
G1 X179.02 Y46.429 E183.26041
G1 X178.594 Y46.404 E183.2746
G1 X171.486 Y44.502 E183.51933
G1 X171.002 Y44.278 E183.53707
G1 X170.614 Y43.801 E183.55752
G1 X170.474 Y43.461 E183.56975
G1 X170.421 Y43.178 E183.57933
G1 X170.441 Y42.785 E183.59242
G1 X170.564 Y42.367 E183.60691
G1 X170.733 Y42.135 E183.61646
G1 X168.703 Y40.103 E183.71199
G1 X168.682 Y39.99 E183.71581
G1 X168.728 Y39.87 E183.72009
G1 X172.84 Y35.756 E183.91355
G1 X171.427 Y34.343 E183.98001
G1 X167.282 Y38.487 E184.17496
G1 X167.153 Y38.5 E184.17927
G1 X167.057 Y38.457 E184.18277
G1 X165.064 Y36.465 E184.27649
G1 X156.862 Y44.666 E184.66226
G1 X158.877 Y46.681 E184.75704
G1 X158.899 Y46.796 E184.76094
G1 X158.841 Y46.929 E184.76576
G1 X154.741 Y51.03 E184.95864
G1 X156.154 Y52.443 E185.0251
M204 S2000
G0 F9000 X156.154 Y52.061
G0 X160.396 Y47.878
G0 X162.467 Y48.431
G0 X162.651 Y48.248
M204 S500
;TYPE:SKIN
G1 F1800 X161.546 Y47.148 E185.07696
G1 X161.132 Y46.882 E185.09333
G1 X160.695 Y46.749 E185.10852
G1 X160.453 Y46.73 E185.11659
G1 X160.434 Y46.408 E185.12732
G1 X160.275 Y45.995 E185.14204
G1 X160.042 Y45.646 E185.156
G1 X159.07 Y44.667 E185.20188
G1 X160.773 Y42.962 E185.28203
G1 X160.741 Y43.35 E185.29498
G1 X160.768 Y43.839 E185.31127
G1 X160.866 Y44.325 E185.32776
G1 X161.088 Y44.847 E185.34663
G1 X161.462 Y45.37 E185.36801
G1 X161.708 Y45.644 E185.38026
G1 X162.332 Y46.097 E185.40591
G1 X163.137 Y46.399 E185.4345
G1 X163.773 Y46.446 E185.45571
G1 X164.166 Y46.433 E185.46879
G1 X164.712 Y46.313 E185.48739
G1 X165.265 Y46.08 E185.50734
G1 X165.826 Y45.686 E185.53014
G1 X166.028 Y45.473 E185.53991
G1 X166.373 Y45.036 E185.55843
G1 X166.526 Y44.757 E185.56901
G1 X166.796 Y44.046 E185.59431
G1 X166.866 Y43.139 E185.62456
G1 X166.781 Y42.718 E185.63885
G1 X166.669 Y42.36 E185.65132
G1 X166.537 Y42.047 E185.66262
G1 X166.213 Y41.51 E185.68348
G1 X165.989 Y41.267 E185.69447
G1 X165.481 Y40.833 E185.7167
G1 X164.894 Y40.527 E185.73871
G1 X164.401 Y40.398 E185.75566
G1 X163.955 Y40.344 E185.77061
G1 X163.388 Y40.35 E185.78947
G1 X165.065 Y38.674 E185.86832
G1 X165.981 Y39.588 E185.91136
G1 X166.297 Y39.82 E185.9244
G1 X166.607 Y39.965 E185.93578
G1 X166.892 Y40.04 E185.94558
G1 X167.127 Y40.057 E185.95342
G1 X167.144 Y40.292 E185.96126
G1 X167.303 Y40.823 E185.97969
G1 X167.561 Y41.164 E185.99392
G1 X168.913 Y42.522 E186.05765
G1 X168.886 Y42.668 E186.06259
G1 X168.857 Y43.293 E186.0834
G1 X168.962 Y43.873 E186.103
G1 X169.221 Y44.522 E186.12625
G1 X169.42 Y44.81 E186.13789
G1 X169.817 Y45.29 E186.15861
G1 X170.105 Y45.548 E186.17147
G1 X170.385 Y45.713 E186.18228
G1 X170.788 Y45.903 E186.19709
G1 X171.08 Y46.009 E186.20743
G1 X178.165 Y47.907 E186.45138
G1 X178.443 Y47.957 E186.46078
G1 X179.023 Y47.996 E186.48011
G1 X179.693 Y47.923 E186.50253
G1 X180.156 Y47.789 E186.51856
G1 X180.078 Y48.073 E186.52836
G1 X180.061 Y48.826 E186.55341
G1 X180.124 Y49.213 E186.56645
G1 X180.247 Y49.637 E186.58113
G1 X180.436 Y50.045 E186.59609
G1 X169.431 Y47.101 E186.97499
G1 X168.808 Y46.966 E186.99619
G1 X168.508 Y46.92 E187.00628
G1 X167.805 Y46.855 E187.02977
G1 X167.419 Y46.843 E187.04261
G1 X166.96 Y46.852 E187.05788
G1 X166.367 Y46.899 E187.07766
G1 X165.527 Y47.036 E187.10597
G1 X164.861 Y47.213 E187.12889
G1 X164.325 Y47.394 E187.14771
G1 X163.656 Y47.677 E187.17187
G1 X163.024 Y48.01 E187.19563
G1 X162.651 Y48.248 E187.21034
M204 S2000
G0 F9000 X162.468 Y48.431
G0 X160.273 Y46.911
G0 X158.803 Y44.666
G0 X161.08 Y42.411
G0 X162.429 Y45.92
G0 X164.446 Y45.435
G0 X164.821 Y45.273
G0 X165.251 Y44.967
G0 X165.64 Y44.487
G0 X165.887 Y43.858
G0 X165.949 Y43.152
G0 X165.759 Y42.536
G0 X164.844 Y40.721
G0 X162.817 Y40.677
G0 X165.064 Y38.406
G0 X165.486 Y38.727
G0 X165.16 Y39.052
M204 S500
G1 F1800 X164.319 Y39.892 E187.24988
G1 X164.318 Y39.893
G1 X164.056 Y40.155 E187.2622
M204 S2000
G0 F9000 X164.547 Y40.23
M204 S500
G1 F1800 X165.443 Y39.334 E187.30435
M204 S2000
G0 F9000 X165.726 Y39.617
M204 S500
G1 F1800 X164.995 Y40.348 E187.33873
M204 S2000
G0 F9000 X165.363 Y40.545
M204 S500
G1 F1800 X166.035 Y39.874 E187.37032
M204 S2000
G0 F9000 X166.391 Y40.083
M204 S500
G1 F1800 X165.709 Y40.765 E187.4024
M204 S2000
G0 F9000 X166.013 Y41.027
M204 S500
G1 F1800 X166.814 Y40.226 E187.44007
M204 S2000
G0 F9000 X167.021 Y40.585
M204 S500
G1 F1800 X166.301 Y41.304 E187.47392
M204 S2000
G0 F9000 X166.526 Y41.645
M204 S500
G1 F1800 X167.179 Y40.992 E187.50463
M204 S2000
G0 F9000 X167.424 Y41.313
M204 S500
G1 F1800 X166.736 Y42.001 E187.53699
M204 S2000
G0 F9000 X166.893 Y42.41
M204 S500
G1 F1800 X167.707 Y41.596 E187.57528
M204 S2000
G0 F9000 X167.989 Y41.879
M204 S500
G1 F1800 X167.015 Y42.853 E187.62109
M204 S2000
G0 F9000 X167.046 Y43.388
M204 S500
G1 F1800 X168.271 Y42.163 E187.67871
M204 S2000
G0 F9000 X168.553 Y42.446
M204 S500
G1 F1800 X166.998 Y44.002 E187.75188
M204 S2000
G0 F9000 X166.686 Y44.88
M204 S500
G1 F1800 X168.679 Y42.886 E187.84565
M204 S2000
G0 F9000 X168.681 Y43.451
M204 S500
G1 F1800 X165.549 Y46.582 E187.99295
G1 X165.221 Y46.91 E188.00837
M204 S2000
G0 F9000 X165.268 Y46.297
M204 S500
G1 F1800 X164.413 Y47.152 E188.04859
M204 S2000
G0 F9000 X164.026 Y46.974
M204 S500
G1 F1800 X164.418 Y46.582 E188.06703
M204 S2000
G0 F9000 X164.025 Y46.975
M204 S500
G1 F1800 X163.43 Y47.569 E188.09499
M204 S2000
G0 F9000 X162.558 Y47.876
M204 S500
G1 F1800 X163.788 Y46.646 E188.15285
M204 S2000
G0 F9000 X163.26 Y46.608
M204 S500
G1 F1800 X162.274 Y47.594 E188.19923
M204 S2000
G0 F9000 X161.99 Y47.313
M204 S500
G1 F1800 X162.813 Y46.49 E188.23794
M204 S2000
G0 F9000 X162.402 Y46.335
M204 S500
G1 F1800 X161.706 Y47.031 E188.27067
M204 S2000
G0 F9000 X161.373 Y46.799
M204 S500
G1 F1800 X162.04 Y46.131 E188.30207
M204 S2000
G0 F9000 X161.712 Y45.894
M204 S500
G1 F1800 X160.98 Y46.625 E188.33648
M204 S2000
G0 F9000 X160.624 Y46.416
M204 S500
G1 F1800 X161.416 Y45.623 E188.37376
M204 S2000
G0 F9000 X161.17 Y45.305
M204 S500
G1 F1800 X160.486 Y45.988 E188.40591
M204 S2000
G0 F9000 X160.274 Y45.634
M204 S500
G1 F1800 X160.933 Y44.975 E188.4369
M204 S2000
G0 F9000 X160.758 Y44.585
M204 S500
G1 F1800 X160.014 Y45.329 E188.4719
M204 S2000
G0 F9000 X159.731 Y45.046
M204 S500
G1 F1800 X160.623 Y44.154 E188.51386
M204 S2000
G0 F9000 X160.287 Y43.924
M204 S500
G1 F1800 X160.555 Y43.656 E188.52646
M204 S2000
G0 F9000 X160.286 Y43.925
M204 S500
G1 F1800 X159.449 Y44.763 E188.56585
M204 S2000
G0 F9000 X159.123 Y45.087
G0 X160.273 Y46.911
G0 X162.625 Y48.491
G0 X166.004 Y47.223
G0 X165.93 Y46.767
M204 S500
G1 F1800 X168.771 Y43.926 E188.69949
M204 S2000
G0 F9000 X168.931 Y44.332
M204 S500
G1 F1800 X166.581 Y46.681 E188.81
M204 S2000
G0 F9000 X167.181 Y46.647
M204 S500
G1 F1800 X169.112 Y44.716 E188.90083
M204 S2000
G0 F9000 X169.352 Y45.042
M204 S500
G1 F1800 X167.741 Y46.653 E188.9766
M204 S2000
G0 F9000 X168.263 Y46.697
M204 S500
G1 F1800 X169.61 Y45.349 E189.03999
M204 S2000
G0 F9000 X169.895 Y45.63
M204 S500
G1 F1800 X168.767 Y46.758 E189.09304
M204 S2000
G0 F9000 X169.236 Y46.855
M204 S500
G1 F1800 X170.234 Y45.857 E189.13999
M204 S2000
G0 F9000 X170.614 Y46.042
M204 S500
G1 F1800 X169.694 Y46.963 E189.18329
M204 S2000
G0 F9000 X170.14 Y47.082
M204 S500
G1 F1800 X171.022 Y46.2 E189.22477
M204 S2000
G0 F9000 X171.469 Y46.319
M204 S500
G1 F1800 X170.586 Y47.202 E189.26631
M204 S2000
G0 F9000 X171.032 Y47.321
M204 S500
G1 F1800 X171.915 Y46.439 E189.30782
M204 S2000
G0 F9000 X172.36 Y46.559
M204 S500
G1 F1800 X171.479 Y47.441 E189.34928
M204 S2000
G0 F9000 X171.925 Y47.56
M204 S500
G1 F1800 X172.806 Y46.678 E189.39074
M204 S2000
G0 F9000 X173.253 Y46.798
M204 S500
G1 F1800 X172.371 Y47.68 E189.43223
M204 S2000
G0 F9000 X172.817 Y47.799
M204 S500
G1 F1800 X173.699 Y46.917 E189.47371
M204 S2000
G0 F9000 X174.145 Y47.037
M204 S500
G1 F1800 X173.264 Y47.918 E189.51515
M204 S2000
G0 F9000 X173.71 Y48.038
M204 S500
G1 F1800 X174.591 Y47.157 E189.55659
M204 S2000
G0 F9000 X175.037 Y47.277
M204 S500
G1 F1800 X174.156 Y48.157 E189.59801
M204 S2000
G0 F9000 X174.603 Y48.277
M204 S500
G1 F1800 X175.483 Y47.396 E189.63943
M204 S2000
G0 F9000 X175.929 Y47.516
M204 S500
G1 F1800 X175.049 Y48.396 E189.68082
M204 S2000
G0 F9000 X175.495 Y48.516
M204 S500
G1 F1800 X176.375 Y47.635 E189.72223
M204 S2000
G0 F9000 X176.821 Y47.755
M204 S500
G1 F1800 X175.941 Y48.635 E189.76363
M204 S2000
G0 F9000 X176.387 Y48.755
M204 S500
G1 F1800 X177.267 Y47.875 E189.80502
M204 S2000
G0 F9000 X177.713 Y47.994
M204 S500
G1 F1800 X176.834 Y48.873 E189.84636
M204 S2000
G0 F9000 X177.28 Y48.993
M204 S500
G1 F1800 X178.164 Y48.11 E189.88792
M204 S2000
G0 F9000 X178.668 Y48.171
M204 S500
G1 F1800 X177.727 Y49.112 E189.93218
M204 S2000
G0 F9000 X178.173 Y49.232
M204 S500
G1 F1800 X179.233 Y48.171 E189.98207
M204 S2000
G0 F9000 X179.865 Y48.105
M204 S500
G1 F1800 X178.619 Y49.351 E190.04067
M204 S2000
G0 F9000 X179.065 Y49.471
M204 S500
G1 F1800 X179.861 Y48.675 E190.07812
M204 S2000
G0 F9000 X179.919 Y49.183
M204 S500
G1 F1800 X179.511 Y49.59 E190.09728
M204 S2000
G0 F9000 X179.314 Y50.324
G1 F2400 E189.29728
;MESH:part_3.stl
G0 F9000 X172.997 Y49.441
G0 X172.717 Y50.489
G0 X172.986 Y53.491
G0 X172.984 Y54.576
G0 X171.337 Y55.631
M204 S500
;TYPE:WALL-INNER
G1 F2400 E190.09728
G1 F1355.9 X170.895 Y55.602 E190.11684
G1 F1350.8 X170.227 Y55.628 E190.14647
M204 S2000
G0 F9000 X168.998 Y57.127
G0 X167.989 Y59.031
G0 X169.536 Y60.957
G0 X165.772 Y61.538
M204 S500
G1 F1800 X175.769 Y61.563 E190.47897
G1 X175.78 Y59.456 E190.54905
G1 X175.828 Y59.243 E190.55631
G1 X175.968 Y58.974 E190.5664
G1 X176.101 Y58.825 E190.57304
G1 X176.36 Y58.655 E190.58335
G1 X176.78 Y58.566 E190.59763
G1 F1804.5 X181.778 Y58.576 E190.76345
G1 X181.779 Y58.177 E190.77668
G1 X176.78 Y58.166 E190.94253
G1 F1800 X176.362 Y58.074 E190.95677
G1 X176.104 Y57.902 E190.96708
G1 X175.972 Y57.752 E190.97373
G1 X175.819 Y57.435 E190.98544
G1 X175.783 Y57.197 E190.99344
G1 X175.786 Y55.164 E191.06106
G1 X165.788 Y55.14 E191.3936
G1 X165.779 Y57.234 E191.46324
G1 X165.713 Y57.508 E191.47262
G1 X165.536 Y57.824 E191.48466
G1 X165.196 Y58.049 E191.49822
G1 F1791 X164.867 Y58.136 E191.5096
G1 X159.78 Y58.126 E191.67964
G1 F1800 X159.779 Y58.525 E191.69291
G1 F1791 X164.865 Y58.538 E191.86292
G1 X165.194 Y58.627 E191.87431
G1 F1800 X165.452 Y58.799 E191.88462
G1 X165.702 Y59.158 E191.89917
G1 X165.775 Y59.453 E191.90928
G1 X165.772 Y61.538 E191.97863
M204 S2000
G0 F9000 X165.371 Y61.938
M204 S500
G1 F1800 X176.169 Y61.964 E192.33777
G1 X176.178 Y59.5 E192.41973
G1 X176.226 Y59.322 E192.42586
G1 X176.37 Y59.121 E192.43408
G1 X176.526 Y59.019 E192.44028
G1 X176.779 Y58.966 E192.44888
G1 X182.176 Y58.976 E192.62839
G1 X182.18 Y57.778 E192.66823
G1 X176.781 Y57.766 E192.8478
G1 X176.53 Y57.711 E192.85635
G1 X176.296 Y57.518 E192.86644
G1 X176.185 Y57.225 E192.87686
G1 X176.187 Y54.765 E192.95868
G1 X165.389 Y54.739 E193.31782
G1 X165.381 Y57.246 E193.40121
G1 X165.309 Y57.428 E193.40772
G1 X165.187 Y57.582 E193.41425
G1 X165.031 Y57.684 E193.42045
G1 X164.833 Y57.736 E193.42726
G1 X159.381 Y57.725 E193.60859
G1 X159.377 Y58.924 E193.64847
G1 X164.829 Y58.938 E193.82981
G1 X165.027 Y58.991 E193.83662
G1 X165.261 Y59.184 E193.84671
G1 X165.375 Y59.431 E193.85576
G1 X165.371 Y61.938 E193.93914
M204 S2000
G0 F9000 X165.642 Y61.67
G0 X166.173 Y61.139
M204 S500
G1 F1800 X169.798 Y61.149 E194.05971
G1 F1493.8 X170.208 Y61.067 E194.07647
G1 X169.852 Y60.886 E194.09248
G1 F1800 X169.607 Y60.782 E194.10133
G1 X169.36 Y60.645 E194.11072
G1 X169.133 Y60.488 E194.1199
G1 X168.912 Y60.299 E194.12958
G1 X168.648 Y60.02 E194.14235
G1 X168.366 Y59.581 E194.15971
G1 X168.161 Y59.032 E194.1792
G1 X168.062 Y58.371 E194.20143
G1 X168.081 Y58.07 E194.21146
G1 X168.223 Y57.477 E194.23174
G1 X168.427 Y57.018 E194.24844
G1 X168.692 Y56.632 E194.26402
G1 X168.94 Y56.378 E194.27582
G1 X169.21 Y56.162 E194.28733
G1 X169.529 Y55.965 E194.2998
G1 F1503.1 X170.227 Y55.628 E194.33067
G1 X169.771 Y55.55 E194.34909
G1 F1800 X166.187 Y55.541 E194.4683
G1 X166.184 Y57.226 E194.52434
G1 X166.085 Y57.657 E194.53905
G1 X165.911 Y57.967 E194.55087
G1 X165.724 Y58.175 E194.56018
G1 X165.474 Y58.339 E194.57012
G1 X165.723 Y58.505 E194.58007
G1 X165.909 Y58.714 E194.58938
G1 X166.072 Y59.007 E194.60053
G1 X166.175 Y59.413 E194.61446
G1 X166.173 Y61.139 E194.67187
M204 S2000
G0 F9000 X169.536 Y60.957
G0 X170.008 Y60.518
M204 S500
G1 F1800 X169.675 Y60.376 E194.68391
G1 X169.274 Y60.099 E194.70012
G1 X168.939 Y59.745 E194.71633
G1 X168.738 Y59.431 E194.72873
G1 X168.543 Y58.895 E194.7477
G1 X168.464 Y58.356 E194.76582
G1 X168.47 Y58.14 E194.77301
G1 X168.602 Y57.605 E194.79133
G1 X168.79 Y57.187 E194.80658
G1 X168.979 Y56.911 E194.8177
G1 X169.315 Y56.567 E194.8337
G1 X169.852 Y56.237 E194.85466
G1 X170.308 Y56.1 E194.8705
G1 X170.894 Y56.056 E194.89004
G1 X171.361 Y56.115 E194.9057
G1 X171.949 Y56.36 E194.92689
G1 X172.356 Y56.667 E194.94384
G1 X172.6 Y56.935 E194.9559
G1 X172.856 Y57.357 E194.97231
G1 X173.029 Y57.837 E194.98928
G1 X173.082 Y58.437 E195.00932
G1 X173.002 Y58.946 E195.02645
G1 X172.833 Y59.387 E195.04216
G1 X172.586 Y59.787 E195.0578
G1 X172.272 Y60.096 E195.07245
G1 X171.845 Y60.401 E195.0899
G1 X171.277 Y60.605 E195.10998
G1 X170.773 Y60.655 E195.12682
G1 X170.27 Y60.589 E195.1437
G1 X170.008 Y60.518 E195.15272
M204 S2000
G0 F9000 X170.241 Y60.182
M204 S500
G1 F1800 X169.867 Y60.023 E195.16624
G1 X169.538 Y59.795 E195.17955
G1 X169.23 Y59.47 E195.19445
G1 X169.109 Y59.282 E195.20188
G1 X168.931 Y58.798 E195.21904
G1 X168.858 Y58.248 E195.23749
G1 X168.978 Y57.73 E195.25517
G1 X169.194 Y57.264 E195.27226
G1 X169.562 Y56.885 E195.28983
G1 X170.01 Y56.608 E195.30735
G1 X170.376 Y56.494 E195.3201
G1 X170.893 Y56.456 E195.33734
G1 X171.264 Y56.506 E195.34979
G1 X171.752 Y56.711 E195.36739
G1 X172.114 Y56.986 E195.38251
G1 X172.26 Y57.147 E195.38974
G1 X172.495 Y57.529 E195.40466
G1 X172.634 Y57.921 E195.41849
G1 X172.682 Y58.417 E195.43507
G1 X172.616 Y58.838 E195.44924
G1 X172.469 Y59.222 E195.46292
G1 X172.272 Y59.535 E195.47522
G1 X171.991 Y59.811 E195.48832
G1 X171.658 Y60.043 E195.50182
G1 X171.185 Y60.212 E195.51852
G1 X170.808 Y60.257 E195.53115
G1 X170.241 Y60.182 E195.55017
M204 S2000
G0 F9000 X170.208 Y61.067
M204 S500
G1 F1348.3 X170.809 Y61.103 E195.57691
G1 F1366.2 X171.292 Y61.079 E195.5981
G1 F1437.1 X171.549 Y61.126 E195.60898
G1 F1690.1 X171.909 Y61.153 E195.62177
G1 F1800 X175.37 Y61.162 E195.73688
G1 X175.381 Y59.427 E195.79459
G1 X175.449 Y59.113 E195.80528
G1 X175.645 Y58.737 E195.81938
G1 X175.831 Y58.529 E195.82866
G1 X176.084 Y58.363 E195.83872
G1 X175.833 Y58.196 E195.84875
G1 X175.648 Y57.986 E195.85806
G1 X175.448 Y57.642 E195.87129
G1 X175.383 Y57.21 E195.88583
G1 X175.385 Y55.563 E195.9406
G1 X172.073 Y55.556 E196.05076
G1 F1769 X171.694 Y55.562 E196.06359
G1 F1487.6 X171.337 Y55.631 E196.07822
G1 X171.648 Y55.792 E196.09232
G1 F1769 X171.995 Y55.946 E196.10517
G1 F1800 X172.296 Y56.12 E196.11673
G1 X172.597 Y56.348 E196.12929
G1 X172.939 Y56.723 E196.14617
G1 X173.224 Y57.177 E196.164
G1 X173.426 Y57.767 E196.18474
G1 X173.484 Y58.448 E196.20747
G1 X173.405 Y59.006 E196.22622
G1 X173.198 Y59.552 E196.24564
G1 X172.969 Y59.929 E196.26031
G1 X172.783 Y60.154 E196.27002
G1 X172.552 Y60.381 E196.28079
G1 X172.236 Y60.634 E196.29425
G1 X171.852 Y60.823 E196.30849
G1 F1515.8 X171.292 Y61.079 E196.33281
M204 S2000
G1 F2400 E195.53281
G0 F9000 X170.077 Y60.435
G0 X170.347 Y59.793
M204 S500
;TYPE:WALL-OUTER
G1 F2400 E196.33281
G1 F1800 X170.078 Y59.678 E196.34254
G1 X169.784 Y59.474 E196.35444
G1 X169.492 Y59.165 E196.36858
G1 X169.319 Y58.7 E196.38508
G1 X169.265 Y58.265 E196.39966
G1 X169.36 Y57.861 E196.41346
G1 X169.53 Y57.492 E196.42698
G1 X169.839 Y57.184 E196.44149
G1 X170.2 Y56.968 E196.45548
G1 X170.444 Y56.888 E196.46402
G1 X170.876 Y56.856 E196.47843
G1 X171.133 Y56.892 E196.48706
G1 X171.528 Y57.052 E196.50123
G1 X171.901 Y57.326 E196.51663
G1 X172.133 Y57.701 E196.53129
G1 X172.239 Y58.003 E196.54194
G1 X172.278 Y58.424 E196.556
G1 X172.23 Y58.73 E196.5663
G1 X172.104 Y59.057 E196.57796
G1 X171.942 Y59.298 E196.58762
G1 X171.679 Y59.551 E196.59976
G1 X171.449 Y59.693 E196.60875
G1 X171.076 Y59.823 E196.62188
G1 X170.812 Y59.851 E196.63071
G1 X170.347 Y59.793 E196.6463
M204 S2000
G1 F2400 E195.8463
G0 F9000 X170.077 Y60.435
G0 X169.885 Y61.046
G0 X165.241 Y62.069
G0 X164.97 Y62.337
M204 S500
G1 F2400 E196.6463
G1 F1800 X176.568 Y62.365 E197.03205
G1 X176.576 Y59.544 E197.12588
G1 X176.613 Y59.447 E197.12933
G1 X176.713 Y59.366 E197.13361
G1 X182.575 Y59.378 E197.32858
G1 X182.582 Y57.379 E197.39507
G1 X176.72 Y57.366 E197.59004
G1 X176.62 Y57.284 E197.59434
G1 X176.583 Y57.186 E197.59783
G1 X176.588 Y54.366 E197.69162
G1 X164.989 Y54.338 E198.07741
G1 X164.983 Y57.157 E198.17117
G1 X164.918 Y57.286 E198.17597
G1 X164.8 Y57.337 E198.18025
G1 X158.983 Y57.324 E198.37372
G1 X158.976 Y59.323 E198.44021
G1 X164.793 Y59.337 E198.63368
G1 X164.911 Y59.389 E198.63797
G1 X164.975 Y59.481 E198.6417
G1 X164.97 Y62.337 E198.73669
M204 S2000
G0 F9000 X165.241 Y62.069
G0 X166.274 Y60.778
G0 X166.534 Y60.779
M204 S500
;TYPE:SKIN
G1 F1800 X166.535 Y59.39 E198.78289
G1 X166.415 Y58.896 E198.7998
G1 X166.218 Y58.528 E198.81368
G1 X166.056 Y58.343 E198.82186
G1 X166.289 Y58.085 E198.83342
G1 X166.499 Y57.547 E198.85263
G1 X166.542 Y57.266 E198.86209
G1 X166.548 Y55.903 E198.90742
G1 X168.951 Y55.91 E198.98735
G1 X168.7 Y56.11 E198.99802
G1 X168.436 Y56.378 E199.01053
G1 X168.114 Y56.842 E199.02932
G1 X167.875 Y57.377 E199.04881
G1 X167.719 Y58.013 E199.07059
G1 X167.705 Y58.41 E199.0838
G1 X167.8 Y59.094 E199.10677
G1 X168.028 Y59.703 E199.1284
G1 X168.369 Y60.245 E199.14969
G1 X168.646 Y60.544 E199.16325
G1 X168.925 Y60.786 E199.17553
G1 X166.534 Y60.779 E199.25506
M204 S2000
G0 F9000 X166.274 Y60.778
G0 X169.536 Y60.957
G0 X168.581 Y60.096
G0 X168.193 Y60.343
M204 S500
G1 F1800 X167.953 Y60.583 E199.26635
M204 S2000
G0 F9000 X167.391 Y60.579
M204 S500
G1 F1800 X167.976 Y59.995 E199.29384
M204 S2000
G0 F9000 X167.783 Y59.621
M204 S500
G1 F1800 X166.827 Y60.577 E199.33881
M204 S2000
G0 F9000 X166.733 Y60.106
M204 S500
G1 F1800 X167.628 Y59.211 E199.38091
M204 S2000
G0 F9000 X167.546 Y58.727
M204 S500
G1 F1800 X166.734 Y59.539 E199.4191
M204 S2000
G0 F9000 X166.657 Y59.05
M204 S500
G1 F1800 X167.514 Y58.194 E199.45939
M204 S2000
G0 F9000 X167.641 Y57.501
M204 S500
G1 F1800 X166.506 Y58.636 E199.51277
M204 S2000
G0 F9000 X166.51 Y58.066
M204 S500
G1 F1800 X168.067 Y56.509 E199.58601
G1 X168.166 Y56.41 E199.59067
M204 S2000
G0 F9000 X167.875 Y56.135
M204 S500
G1 F1800 X166.74 Y57.271 E199.64408
M204 S2000
G0 F9000 X166.743 Y56.702
M204 S500
G1 F1800 X167.339 Y56.106 E199.67211
M204 S2000
G0 F9000 X167.34 Y55.645
G0 X169.536 Y55.74
G0 X168.754 Y57.646
G0 X168.615 Y58.242
G0 X168.695 Y58.857
G0 X168.941 Y59.509
G0 X169.383 Y59.979
G0 X169.748 Y60.232
G0 X170.181 Y60.413
G0 X172.45 Y60.589
G0 X172.612 Y60.793
M204 S500
G1 F1800 X172.808 Y60.635 E199.68049
G1 X173.032 Y60.418 E199.69086
G1 X173.335 Y60.045 E199.70684
G1 X173.526 Y59.701 E199.71993
G1 X173.757 Y59.089 E199.74169
G1 X173.843 Y58.475 E199.76231
G1 X173.796 Y57.86 E199.78282
G1 X173.738 Y57.568 E199.79272
G1 X173.551 Y57.025 E199.81182
G1 X173.231 Y56.513 E199.83191
G1 X172.808 Y56.054 E199.85267
G1 X172.631 Y55.921 E199.86003
G1 X175.024 Y55.923 E199.93962
G1 X175.025 Y57.242 E199.98349
G1 X175.108 Y57.769 E200.00124
G1 X175.345 Y58.184 E200.01713
G1 X175.5 Y58.362 E200.02498
G1 X175.282 Y58.604 E200.03582
G1 X175.114 Y58.983 E200.0496
G1 X175.023 Y59.388 E200.06341
G1 X175.012 Y60.801 E200.11041
G1 X172.612 Y60.793 E200.19023
M204 S2000
G0 F9000 X172.45 Y60.589
G0 X171.998 Y60.961
G0 X174.724 Y61.059
G0 X174.725 Y60.599
M204 S500
G1 F1800 X174.812 Y60.512 E200.19432
M204 S2000
G0 F9000 X174.817 Y59.942
M204 S500
G1 F1800 X174.161 Y60.597 E200.22516
M204 S2000
G0 F9000 X173.598 Y60.595
M204 S500
G1 F1800 X174.824 Y59.369 E200.28282
M204 S2000
G0 F9000 X175.115 Y58.512
M204 S500
G1 F1800 X173.525 Y60.102 E200.35761
M204 S2000
G0 F9000 X173.129 Y59.882
G0 X173.505 Y59.028
G0 X173.956 Y59.105
M204 S500
G1 F1800 X175.028 Y58.034 E200.40801
M204 S2000
G0 F9000 X174.88 Y57.616
M204 S500
G1 F1800 X174.045 Y58.451 E200.44729
M204 S2000
G0 F9000 X174.002 Y57.928
M204 S500
G1 F1800 X174.825 Y57.105 E200.486
M204 S2000
G0 F9000 X174.823 Y56.541
M204 S500
G1 F1800 X173.907 Y57.457 E200.52909
M204 S2000
G0 F9000 X173.764 Y57.035
M204 S500
G1 F1800 X174.675 Y56.123 E200.57196
M204 S2000
G0 F9000 X174.11 Y56.123
M204 S500
G1 F1800 X173.563 Y56.67 E200.59769
M204 S2000
G0 F9000 X173.336 Y56.331
M204 S500
G1 F1800 X173.547 Y56.12 E200.60761
M204 S2000
G0 F9000 X173.548 Y55.361
G1 F2400 E199.80761
;MESH:part_1.stl
G0 F9000 X176.373 Y54.578
G0 X176.375 Y53.498
G0 X183.673 Y53.2
G0 X184.522 Y53.021
G0 X185.655 Y52.478
G0 X186.534 Y51.738
G0 X187.125 Y50.943
G0 X187.587 Y49.879
G0 X187.771 Y48.736
G0 X187.668 Y47.578
G0 X187.285 Y46.489
G0 X186.65 Y45.531
G0 X180.058 Y39.512
G0 X180.311 Y38.273
M204 S500
;TYPE:WALL-INNER
G1 F2400 E200.60761
G1 F1855.7 X180.44 Y38.31 E200.61194
G1 F1706.2 X180.853 Y38.364 E200.62656
G1 F1575.5 X181.182 Y38.356 E200.63907
M204 S2000
G0 F9000 X183.528 Y37.589
M204 S500
G1 F1800 X195.109 Y37.592 E201.02425
G1 X194.92 Y37.221 E201.0381
G1 X194.819 Y36.95 E201.04772
G1 X194.712 Y36.545 E201.06165
G1 X194.667 Y36.114 E201.07606
G1 X194.692 Y35.63 E201.09218
G1 X194.737 Y35.346 E201.10175
G1 X194.849 Y34.922 E201.11633
G1 X195.091 Y34.396 E201.13559
G1 X183.534 Y34.398 E201.51998
G1 X183.674 Y34.667 E201.53006
G1 X183.771 Y34.898 E201.5384
G1 X183.884 Y35.253 E201.55079
G1 X183.948 Y35.618 E201.56311
G1 X183.969 Y36.088 E201.57876
G1 X183.937 Y36.448 E201.59078
G1 X183.843 Y36.882 E201.60555
G1 X183.721 Y37.221 E201.61754
G1 X183.528 Y37.589 E201.63136
M204 S2000
G0 F9000 X182.747 Y37.989
M204 S500
G1 F1800 X195.898 Y37.991 E202.06876
G1 X195.501 Y37.486 E202.09013
G1 X195.231 Y36.947 E202.11018
G1 X195.099 Y36.443 E202.1275
G1 X195.067 Y36.135 E202.1378
G1 X195.097 Y35.545 E202.15745
G1 X195.225 Y35.061 E202.1741
G1 X195.436 Y34.604 E202.19085
G1 X195.599 Y34.354 E202.20077
G1 X195.932 Y33.995 E202.21706
G1 X182.697 Y33.996 E202.65726
G1 X182.889 Y34.185 E202.66622
G1 X183.14 Y34.514 E202.67998
G1 X183.361 Y34.931 E202.69568
G1 X183.503 Y35.374 E202.71115
G1 X183.549 Y35.635 E202.71996
G1 X183.569 Y36.105 E202.73561
G1 X183.546 Y36.363 E202.74423
G1 X183.452 Y36.796 E202.75896
G1 X183.365 Y37.039 E202.76755
G1 X183.153 Y37.453 E202.78302
G1 X182.747 Y37.989 E202.80538
M204 S2000
G0 F9000 X181.182 Y38.356
M204 S500
G1 F1666.7 X181.743 Y38.388 E202.82557
G1 F1800 X196.924 Y38.391 E203.33049
G1 F1614.3 X197.37 Y38.345 E203.34712
G1 F1535.2 X196.817 Y38.14 E203.37012
G1 F1702.1 X196.196 Y37.723 E203.39643
G1 F1800 X195.841 Y37.271 E203.41554
G1 X195.608 Y36.806 E203.43284
G1 X195.461 Y36.251 E203.45194
G1 X195.494 Y35.61 E203.47328
G1 X195.603 Y35.195 E203.48756
G1 X195.838 Y34.687 E203.50617
G1 X196.209 Y34.275 E203.52461
G1 X196.563 Y34 E203.53952
G1 F1786.6 X197.077 Y33.756 E203.55859
G1 F1629 X197.448 Y33.634 E203.57294
G1 F1614.3 X197.124 Y33.602 E203.58502
G1 F1760.4 X181.468 Y33.597 E204.11745
G1 F1666.7 X181.103 Y33.625 E204.1306
G1 F1674.4 X181.576 Y33.771 E204.1483
G1 F1800 X182.065 Y33.994 E204.16618
G1 X182.529 Y34.374 E204.18612
G1 X182.802 Y34.73 E204.20105
G1 X182.991 Y35.088 E204.21451
G1 X183.146 Y35.569 E204.23132
G1 X183.172 Y36.202 E204.25239
G1 X183.045 Y36.787 E204.2723
G1 X182.815 Y37.235 E204.28905
G1 X182.459 Y37.706 E204.30869
G1 F1730.8 X181.83 Y38.137 E204.33506
G1 F1607.1 X181.182 Y38.356 E204.36054
M204 S2000
G0 F9000 X179.92 Y38.012
G0 X179.309 Y37.604
G0 X178.979 Y37.185
G0 X178.76 Y36.747
G0 X178.623 Y36.232
G0 X178.655 Y35.639
G0 X178.758 Y35.246
G0 X178.972 Y34.782
G0 X179.17 Y34.561
G0 X180.104 Y33.776
M204 S500
G1 F1894.7 X180.485 Y33.663 E204.3731
G1 F1682.2 X180.87 Y33.62 E204.38689
G1 F1582.4 X181.103 Y33.625 E204.3957
M204 S2000
G0 F9000 X197.448 Y33.634
M204 S500
G1 F1548.4 X197.766 Y33.622 E204.40801
G1 F1682.2 X198.074 Y33.648 E204.41901
G1 F1836.7 X198.391 Y33.728 E204.42966
G1 F1951.2 X198.533 Y33.775 E204.43425
M204 S2000
G0 F9000 X199.411 Y34.488
G0 X199.842 Y35.154
G0 X199.985 Y35.605
G0 X200.01 Y36.185
G0 X199.89 Y36.731
G0 X199.678 Y37.151
G0 X199.41 Y37.503
G0 X198.317 Y38.275
M204 S500
G1 F1855.7 X198.044 Y38.345 E204.44335
G1 F1710.2 X197.769 Y38.358 E204.45298
G1 F1565.2 X197.5 Y38.356 E204.46327
G1 F1493.8 X197.37 Y38.345 E204.4685
M204 S2000
G0 F9000 X197.017 Y37.792
M204 S500
;TYPE:WALL-OUTER
G1 F1800 X196.473 Y37.427 E204.49029
G1 X196.174 Y37.041 E204.50653
G1 X195.979 Y36.644 E204.52124
G1 X195.864 Y36.209 E204.53621
G1 X195.897 Y35.652 E204.55476
G1 X195.978 Y35.344 E204.56536
G1 X196.175 Y34.913 E204.58112
G1 X196.498 Y34.557 E204.59711
G1 X196.756 Y34.357 E204.60796
G1 X197.228 Y34.133 E204.62534
G1 X197.553 Y34.06 E204.63642
G1 X198.005 Y34.043 E204.65146
G1 F1515.8 X198.82 Y34.22 E204.6844
G1 F1328.4 X199.277 Y34.597 E204.7111
G1 F1368.8 X199.5 Y34.897 E204.72745
G1 F1406.2 X199.674 Y35.233 E204.74356
G1 F1434.3 X199.804 Y35.668 E204.76251
G1 F1445.8 X199.817 Y36.183 E204.78384
G1 F1440 X199.714 Y36.657 E204.80401
G1 F1420.1 X199.526 Y37.049 E204.82234
G1 F1390 X199.22 Y37.465 E204.84458
G1 F1355.9 X198.664 Y37.866 E204.87485
G1 F1531.9 X198.214 Y37.898 E204.89248
G1 F1800 X198.025 Y37.947 E204.89897
G1 X197.483 Y37.914 E204.91704
G1 X197.017 Y37.792 E204.93306
M204 S2000
G1 F2400 E204.13306
G0 F9000 X196.443 Y38.164
G0 X180.335 Y38.378
G0 X180.234 Y38.674
M204 S500
G1 F2400 E204.93306
G1 F1800 X180.812 Y38.789 E204.95266
G1 X197.713 Y38.792 E205.51479
G1 X198.081 Y38.743 E205.52714
G1 X198.441 Y38.646 E205.53954
G1 F1496.9 X198.829 Y38.393 E205.55806
G1 F1285.7 X199.124 Y38.224 E205.57389
G1 F1304.3 X199.407 Y38.004 E205.59035
G1 F1340.8 X199.597 Y37.826 E205.60197
G1 F1361.1 X199.811 Y37.567 E205.61675
G1 F1374 X200.001 Y37.256 E205.63263
G1 F1411.8 X200.196 Y36.829 E205.65253
G1 F1437.1 X200.315 Y36.241 E205.67753
G1 F1434.3 X200.313 Y35.764 E205.69744
G1 F1428.6 X200.247 Y35.381 E205.71372
G1 F1411.8 X200.115 Y34.946 E205.733
G1 F1384.6 X199.873 Y34.518 E205.75426
G1 F1358.5 X199.665 Y34.229 E205.76995
G1 F1326 X199.415 Y33.99 E205.78557
G1 F1406.2 X198.868 Y33.548 E205.81551
G1 F1651.4 X198.625 Y33.391 E205.826
G1 F1800 X198.187 Y33.263 E205.84117
G1 X197.802 Y33.196 E205.85417
G1 X180.834 Y33.195 E206.41853
G1 X180.333 Y33.281 E206.43544
G1 X179.965 Y33.425 E206.44858
G1 F1490.7 X179.595 Y33.713 E206.46741
G1 F1283.4 X179.406 Y33.828 E206.47773
G1 F1316.3 X179.053 Y34.141 E206.49919
G1 F1355.9 X178.822 Y34.428 E206.51546
G1 F1379.3 X178.569 Y34.834 E206.53622
G1 F1409 X178.377 Y35.401 E206.56166
G1 F1431.4 X178.33 Y35.762 E206.57688
G1 F1445.8 X178.325 Y36.223 E206.59597
G1 F1448.7 X178.386 Y36.615 E206.61237
G1 F1420.1 X178.529 Y37.027 E206.63075
G1 F1395.3 X178.642 Y37.267 E206.64213
G1 F1376.7 X178.821 Y37.555 E206.65688
G1 F1363.6 X178.976 Y37.755 E206.66799
G1 F1333.3 X179.312 Y38.073 E206.68876
G1 F1297.3 X179.516 Y38.225 E206.7005
G1 F1278.9 X179.828 Y38.409 E206.71746
G1 F1490.7 X180.234 Y38.674 E206.73693
M204 S2000
G0 F9000 X180.008 Y37.88
M204 S500
G1 F1297.3 X179.457 Y37.508 E206.76761
G1 F1348.3 X179.132 Y37.085 E206.7913
G1 F1414.5 X178.929 Y36.657 E206.81134
G1 F1445.8 X178.821 Y36.221 E206.82994
G1 F1448.7 X178.842 Y35.67 E206.85273
G1 F1431.4 X178.932 Y35.316 E206.86801
G1 F1420.1 X179.125 Y34.892 E206.88765
G1 F1374 X179.436 Y34.52 E206.90877
G1 F1321.1 X179.796 Y34.226 E206.92984
G1 F1457.5 X180.178 Y34.131 E206.94601
G1 F1722.5 X180.213 Y34.137 E206.94724
G1 F1800 X180.553 Y34.06 E206.95884
G1 X181.013 Y34.045 E206.97414
G1 X181.41 Y34.135 E206.98768
G1 X181.85 Y34.335 E207.00376
G1 X182.253 Y34.672 E207.02123
G1 X182.471 Y34.961 E207.03327
G1 X182.627 Y35.262 E207.04455
G1 X182.748 Y35.643 E207.05784
G1 X182.765 Y36.191 E207.07608
G1 X182.653 Y36.674 E207.09257
G1 X182.481 Y37.01 E207.10512
G1 X182.18 Y37.412 E207.12183
G1 X181.641 Y37.781 E207.14355
G1 X181.049 Y37.944 E207.16398
G1 X180.502 Y37.918 E207.18219
G1 X180.409 Y37.895 E207.18538
G1 F1503.1 X180.008 Y37.88 E207.20136
M204 S2000
G0 F9000 X179.954 Y38.083
G0 X181.062 Y38.188
G0 X181.447 Y38.082
G0 X183.855 Y37.141
G0 X184.099 Y37.229
M204 S500
;TYPE:SKIN
G1 F1800 X184.19 Y36.976 E207.2103
G1 X184.291 Y36.53 E207.22551
G1 X184.327 Y36.094 E207.24006
G1 X184.305 Y35.573 E207.2574
G1 X184.236 Y35.17 E207.271
G1 X184.102 Y34.756 E207.28548
G1 X194.519 Y34.756 E207.63195
G1 X194.387 Y35.253 E207.64905
G1 X194.335 Y35.589 E207.66036
G1 X194.308 Y36.125 E207.67821
G1 X194.356 Y36.605 E207.69425
G1 X194.52 Y37.231 E207.71578
G1 X184.099 Y37.229 E208.06238
M204 S2000
G0 F9000 X183.855 Y37.141
G0 X183.975 Y35.206
G0 X184.421 Y35.064
M204 S500
G1 F1800 X184.529 Y34.956 E208.06746
M204 S2000
G0 F9000 X185.095 Y34.956
M204 S500
G1 F1800 X184.501 Y35.549 E208.09538
M204 S2000
G0 F9000 X184.525 Y36.092
M204 S500
G1 F1800 X185.66 Y34.956 E208.14879
M204 S2000
G0 F9000 X186.226 Y34.956
M204 S500
G1 F1800 X184.445 Y36.737 E208.23256
M204 S2000
G0 F9000 X184.718 Y37.029
M204 S500
G1 F1800 X186.792 Y34.956 E208.33009
M204 S2000
G0 F9000 X187.357 Y34.956
M204 S500
G1 F1800 X185.284 Y37.029 E208.4276
M204 S2000
G0 F9000 X185.85 Y37.029
M204 S500
G1 F1800 X187.923 Y34.956 E208.52511
M204 S2000
G0 F9000 X188.489 Y34.956
M204 S500
G1 F1800 X186.415 Y37.029 E208.62264
M204 S2000
G0 F9000 X186.981 Y37.029
M204 S500
G1 F1800 X189.054 Y34.956 E208.72015
M204 S2000
G0 F9000 X189.62 Y34.956
M204 S500
G1 F1800 X187.547 Y37.029 E208.81765
M204 S2000
G0 F9000 X188.113 Y37.029
M204 S500
G1 F1800 X190.186 Y34.956 E208.91516
M204 S2000
G0 F9000 X190.751 Y34.956
M204 S500
G1 F1800 X188.678 Y37.029 E209.01267
M204 S2000
G0 F9000 X189.244 Y37.029
M204 S500
G1 F1800 X191.317 Y34.956 E209.11018
M204 S2000
G0 F9000 X191.883 Y34.956
M204 S500
G1 F1800 X189.809 Y37.03 E209.20773
M204 S2000
G0 F9000 X190.375 Y37.03
M204 S500
G1 F1800 X192.449 Y34.956 E209.30529
M204 S2000
G0 F9000 X193.014 Y34.956
M204 S500
G1 F1800 X190.94 Y37.03 E209.40284
M204 S2000
G0 F9000 X191.506 Y37.03
M204 S500
G1 F1800 X193.58 Y34.956 E209.50039
M204 S2000
G0 F9000 X194.146 Y34.956
M204 S500
G1 F1800 X192.072 Y37.03 E209.59795
M204 S2000
G0 F9000 X192.637 Y37.03
M204 S500
G1 F1800 X194.14 Y35.527 E209.66865
M204 S2000
G0 F9000 X194.109 Y36.124
M204 S500
G1 F1800 X193.203 Y37.03 E209.71126
M204 S2000
G0 F9000 X193.769 Y37.03
M204 S500
G1 F1800 X194.157 Y36.642 E209.72951
M204 S2000
G0 F9000 X194.914 Y36.525
G1 F2400 E208.92951
;MESH:NONMESH
G0 F300 X194.914 Y36.525 Z1
G0 F9000 X194.805 Y37.413
G0 X183.839 Y37.411
G0 X182.665 Y34.814
G0 X182.411 Y34.488
G0 X181.976 Y34.13
G0 X181.464 Y33.899
G0 X181.009 Y33.8
G0 X180.531 Y33.82
G0 X180.129 Y33.912
G0 X179.647 Y34.139
G0 X179.354 Y34.367
G0 X178.573 Y35.333
G0 X177.514 Y35.099
G0 X171.427 Y33.135
G0 X162.753 Y33.454
G0 X162.124 Y32.571
G0 X158.202 Y32.615
G0 X158.287 Y32.329
;TIME_ELAPSED:411.473931
;LAYER:4
M204 S500
;TYPE:WALL-INNER
;MESH:part_2.stl
G1 F2400 E209.72951
G1 F1800 X158.015 Y32.248 E209.73895
G1 X157.656 Y32.107 E209.75178
G1 X157.394 Y31.979 E209.76148
G1 X157.093 Y31.802 E209.77309
G1 X156.787 Y31.582 E209.78563
G1 X156.511 Y31.345 E209.79773
G1 X156.279 Y31.111 E209.80869
G1 X156.055 Y30.841 E209.82035
G1 X155.872 Y30.583 E209.83088
G1 X155.684 Y30.265 E209.84316
G1 X155.554 Y29.998 E209.85304
G1 X155.41 Y29.625 E209.86634
G1 X155.313 Y29.291 E209.87791
G1 X155.248 Y28.958 E209.88919
G1 X155.195 Y28.42 E209.90717
G1 X155.215 Y27.928 E209.92355
G1 X155.259 Y27.598 E209.93462
G1 X155.336 Y27.248 E209.94654
G1 X155.429 Y26.945 E209.95708
G1 X155.621 Y26.489 E209.97354
G1 X155.796 Y26.167 E209.98573
G1 X155.97 Y25.904 E209.99622
G1 X156.189 Y25.622 E210.00809
G1 X156.592 Y25.206 E210.02736
G1 X156.948 Y24.929 E210.04236
G1 X157.266 Y24.724 E210.05494
G1 X157.713 Y24.498 E210.0716
G1 X158.012 Y24.385 E210.08223
G1 X158.371 Y24.281 E210.09466
G1 X158.702 Y24.216 E210.10588
G1 X159.047 Y24.176 E210.11744
G1 X159.53 Y24.168 E210.1335
G1 X159.89 Y24.197 E210.14551
G1 X160.225 Y24.256 E210.15683
G1 X160.533 Y24.336 E210.16741
G1 X160.887 Y24.459 E210.17988
G1 X161.187 Y24.589 E210.19075
G1 X161.634 Y24.851 E210.20798
G1 X161.913 Y25.049 E210.21936
G1 X162.184 Y25.284 E210.23129
G1 X162.389 Y25.488 E210.24091
G1 X162.63 Y25.773 E210.25333
G1 X162.836 Y26.065 E210.26521
G1 X163.023 Y26.386 E210.27757
G1 X163.23 Y26.831 E210.29389
G1 X163.385 Y27.345 E210.31175
G1 X163.447 Y27.655 E210.32226
G1 X163.502 Y28.159 E210.33913
G1 X163.486 Y28.663 E210.3559
G1 X163.438 Y29.033 E210.36831
G1 X163.362 Y29.376 E210.37999
G1 X163.262 Y29.703 E210.39136
G1 X163.054 Y30.185 E210.40883
G1 X162.891 Y30.478 E210.41998
G1 X162.642 Y30.84 E210.43459
G1 X162.379 Y31.151 E210.44814
G1 X162.143 Y31.386 E210.45921
G1 X161.88 Y31.605 E210.4706
G1 X161.527 Y31.856 E210.485
G1 X161.167 Y32.05 E210.49861
G1 X160.844 Y32.192 E210.51034
G1 X160.531 Y32.296 E210.52131
G1 X160.195 Y32.382 E210.53285
G1 X159.808 Y32.442 E210.54587
G1 X159.349 Y32.465 E210.56116
G1 X159 Y32.453 E210.57277
G1 X158.683 Y32.414 E210.5834
G1 X158.287 Y32.329 E210.59687
M204 S2000
G0 F9000 X158.202 Y32.615
G0 X159.353 Y32.707
G0 X160.234 Y32.617
G0 X161.163 Y32.3
G0 X162.664 Y31.435
M204 S500
G1 F1909.8 X162.147 Y31.872 E210.61809
G1 F2099.1 X161.717 Y32.173 E210.63306
G1 F2117.6 X161.33 Y32.384 E210.64552
G1 F2111.4 X160.979 Y32.537 E210.65637
G1 F2105.3 X160.637 Y32.653 E210.66664
G1 F2087 X160.201 Y32.764 E210.67955
G1 F2063 X159.725 Y32.823 E210.69347
G1 F2051.3 X159.35 Y32.84 E210.70443
G1 F2069 X158.978 Y32.825 E210.7152
G1 F2057.1 X158.5 Y32.762 E210.72923
G1 F2051.3 X158.218 Y32.697 E210.73768
G1 F2069 X157.872 Y32.594 E210.74812
G1 X157.528 Y32.459 E210.75882
G1 F2045.5 X157.267 Y32.336 E210.76726
G1 X156.863 Y32.098 E210.78098
G1 F2069 X156.555 Y31.875 E210.79199
G1 X156.27 Y31.631 E210.80284
G1 X156.003 Y31.363 E210.81379
G1 F2051.3 X155.749 Y31.06 E210.82533
G1 X155.562 Y30.791 E210.83489
G1 F2057.1 X155.301 Y30.357 E210.84963
G1 F2039.7 X155.049 Y29.732 E210.86941
G1 F2057.1 X154.961 Y29.42 E210.87885
G1 F2080.9 X154.887 Y29.066 E210.88925
G1 X154.828 Y28.55 E210.90419
G1 F2057.1 X154.829 Y28.083 E210.91778
G1 F2051.3 X154.89 Y27.539 E210.93376
G1 F2069 X154.974 Y27.156 E210.94511
G1 X155.079 Y26.813 E210.95549
G1 X155.284 Y26.328 E210.97072
G1 F2074.9 X155.457 Y26.008 E210.98122
G1 X155.663 Y25.691 E210.99213
G1 F2069 X155.91 Y25.374 E211.00375
G1 F2033.9 X156.14 Y25.127 E211.01369
G1 F2045.5 X156.345 Y24.929 E211.02203
G1 F2057.1 X156.563 Y24.749 E211.03026
G1 F2028.2 X157.027 Y24.428 E211.04691
G1 F2057.1 X157.55 Y24.163 E211.06398
G1 F2074.9 X157.897 Y24.03 E211.0747
G1 F2080.9 X158.269 Y23.923 E211.08583
G1 F2069 X158.588 Y23.854 E211.09528
G1 F2033.9 X159.144 Y23.795 E211.11174
G1 X159.514 Y23.793 E211.12263
G1 F2080.9 X159.94 Y23.829 E211.13493
G1 F2111.4 X160.308 Y23.894 E211.14552
G1 F2074.9 X160.637 Y23.975 E211.1553
G1 F2033.9 X161.24 Y24.197 E211.17421
G1 X161.746 Y24.473 E211.19118
G1 F2074.9 X162.144 Y24.757 E211.20529
G1 F1935.5 X162.675 Y25.209 E211.22686
M204 S2000
G0 F9000 X163.474 Y26.793
G0 X163.682 Y27.609
G0 X163.745 Y28.167
G0 X163.602 Y29.405
G0 X163.295 Y30.242
G0 X162.815 Y31.009
G0 X162.043 Y31.782
G0 X161.266 Y32.265
G0 X160.337 Y32.582
G0 X158.482 Y32.839
G0 X158.43 Y33.133
M204 S500
G1 F1800 X158.947 Y33.197 E211.24418
G1 X159.366 Y33.215 E211.25813
G1 X159.77 Y33.196 E211.27158
G1 X160.19 Y33.143 E211.28566
G1 X160.561 Y33.063 E211.29829
G1 X160.943 Y32.948 E211.31156
G1 X161.335 Y32.794 E211.32556
G1 X161.669 Y32.631 E211.33792
G1 X162.032 Y32.413 E211.35201
G1 X162.37 Y32.173 E211.3658
G1 X162.691 Y31.911 E211.37958
G1 F1804.5 X163.079 Y31.634 E211.39539
G1 X163.459 Y31.404 E211.41013
G1 F1800 X163.886 Y31.194 E211.42596
G1 X164.357 Y31.008 E211.4428
G1 X164.802 Y30.88 E211.4582
G1 X165.262 Y30.786 E211.47382
G1 X165.685 Y30.734 E211.48799
G1 X166.156 Y30.715 E211.50367
G1 X180.435 Y30.714 E211.97859
G1 F1666.7 X180.994 Y30.682 E211.9987
G1 F1575.5 X181.433 Y30.69 E212.01539
G1 F1600 X181.725 Y30.659 E212.02638
G1 F1592.9 X182.114 Y30.56 E212.04146
G1 F1596.5 X182.475 Y30.405 E212.0562
G1 F1592.9 X182.8 Y30.187 E212.0709
G1 X183.098 Y29.92 E212.08594
G1 F1596.5 X183.272 Y29.701 E212.09643
G1 X183.479 Y29.363 E212.11129
G1 F1592.9 X183.619 Y28.993 E212.12616
G1 F1585.9 X183.712 Y28.588 E212.14185
G1 F1592.9 X183.719 Y28.112 E212.15974
G1 F1589.4 X183.624 Y27.645 E212.17769
G1 F1592.9 X183.469 Y27.251 E212.1936
G1 F1582.4 X183.339 Y27.018 E212.2037
G1 F1578.9 X183.091 Y26.698 E212.21905
G1 F1589.4 X182.724 Y26.385 E212.23722
G1 F1592.9 X182.394 Y26.187 E212.25168
G1 F1603.6 X182.027 Y26.04 E212.26644
G1 X181.706 Y25.97 E212.27871
G1 F1596.5 X181.406 Y25.943 E212.29
G1 F1568.6 X180.955 Y25.95 E212.30722
G1 F1659 X180.34 Y25.917 E212.32944
G1 F1800 X166.111 Y25.916 E212.8027
G1 X165.642 Y25.894 E212.81832
G1 X165.246 Y25.844 E212.83159
G1 X164.732 Y25.734 E212.84908
G1 X164.174 Y25.561 E212.86851
G1 X163.693 Y25.348 E212.886
G1 X163.267 Y25.119 E212.90209
G1 X162.881 Y24.866 E212.91744
G1 X162.275 Y24.387 E212.94313
G1 X161.858 Y24.102 E212.95993
G1 X161.313 Y23.821 E212.98033
G1 X160.744 Y23.614 E213.00046
G1 X160.229 Y23.495 E213.01805
G1 X159.834 Y23.442 E213.0313
G1 X159.517 Y23.419 E213.04187
G1 X159.126 Y23.417 E213.05488
G1 X158.525 Y23.483 E213.07499
G1 X158.017 Y23.601 E213.09233
G1 X157.621 Y23.73 E213.10618
G1 X157.246 Y23.89 E213.11974
G1 X156.833 Y24.105 E213.13523
G1 X156.33 Y24.451 E213.15554
G1 X155.871 Y24.858 E213.17594
G1 X155.497 Y25.28 E213.1947
G1 X155.221 Y25.679 E213.21083
G1 X155.003 Y26.055 E213.22529
G1 X154.835 Y26.406 E213.23823
G1 X154.701 Y26.759 E213.25079
G1 X154.583 Y27.176 E213.2652
G1 X154.505 Y27.578 E213.27882
G1 X154.452 Y28.065 E213.29512
G1 X154.457 Y28.601 E213.31294
G1 X154.498 Y29.005 E213.32645
G1 X154.569 Y29.388 E213.33941
G1 X154.698 Y29.872 E213.35607
G1 X154.923 Y30.431 E213.37611
G1 X155.168 Y30.872 E213.39289
G1 X155.449 Y31.289 E213.40961
G1 X155.796 Y31.688 E213.4272
G1 X156.027 Y31.915 E213.43797
G1 X156.324 Y32.169 E213.45097
G1 X156.657 Y32.41 E213.46464
G1 X157.093 Y32.672 E213.48156
G1 X157.563 Y32.879 E213.49864
G1 X157.933 Y33.006 E213.51165
G1 X158.43 Y33.133 E213.52871
M204 S2000
G0 F9000 X158.482 Y32.839
G0 X160.234 Y32.617
G0 X161.266 Y32.265
G0 X161.895 Y31.873
G0 X163.86 Y30.342
M204 S500
G1 F1800 X164.132 Y30.24 E213.53837
G1 X164.639 Y30.097 E213.5559
G1 X165.164 Y29.992 E213.5737
G1 X165.616 Y29.936 E213.58885
G1 X166.156 Y29.915 E213.60683
G1 X167.574 Y29.916 E213.65399
G1 X167.35 Y29.631 E213.66604
G1 X167.147 Y29.266 E213.67994
G1 X166.989 Y28.795 E213.69646
G1 X166.945 Y28.203 E213.7162
G1 X167.011 Y27.767 E213.73087
G1 X167.136 Y27.364 E213.7449
G1 X167.413 Y26.912 E213.76254
G1 X167.581 Y26.717 E213.7711
G1 X166.078 Y26.715 E213.82109
G1 X165.601 Y26.694 E213.83697
G1 X165.027 Y26.618 E213.85623
G1 X164.612 Y26.529 E213.87034
G1 X163.87 Y26.311 E213.89606
G1 X164.03 Y26.693 E213.90984
G1 X164.169 Y27.184 E213.92681
G1 X164.241 Y27.549 E213.93919
G1 X164.301 Y28.109 E213.95792
G1 X164.293 Y28.673 E213.97668
G1 X164.223 Y29.187 E213.99393
G1 X164.14 Y29.569 E214.00693
G1 X164 Y30.014 E214.02245
G1 X163.86 Y30.342 E214.03431
M204 S2000
G0 F9000 X162.664 Y31.435
M204 S500
G1 F1786.6 X162.915 Y31.262 E214.04453
G1 F1800 X163.254 Y31.06 E214.05765
G1 X163.71 Y30.834 E214.07458
G1 X164.245 Y30.624 E214.09369
G1 X164.72 Y30.488 E214.11013
G1 X165.132 Y30.402 E214.12413
G1 X165.651 Y30.335 E214.14153
G1 X166.156 Y30.315 E214.15834
G1 F1795.5 X168.519 Y30.315 E214.23713
G1 F1682.2 X168.889 Y30.287 E214.25034
G1 X168.564 Y30.144 E214.26297
G1 F1795.5 X168.173 Y29.919 E214.27801
G1 F1800 X167.878 Y29.661 E214.29105
G1 X167.667 Y29.387 E214.30255
G1 X167.522 Y29.126 E214.31248
G1 X167.385 Y28.73 E214.32642
G1 X167.347 Y28.219 E214.34346
G1 X167.403 Y27.848 E214.35594
G1 X167.554 Y27.438 E214.37047
G1 X167.717 Y27.172 E214.38085
G1 X167.965 Y26.882 E214.39354
G1 X168.274 Y26.615 E214.40712
G1 X168.648 Y26.45 E214.42072
G1 F1760.4 X169.098 Y26.324 E214.43661
G1 X166.094 Y26.316 E214.53877
G1 F1800 X165.592 Y26.291 E214.55549
G1 X165.196 Y26.241 E214.56877
G1 X164.725 Y26.145 E214.58475
G1 X164.07 Y25.953 E214.60746
G1 X163.531 Y25.714 E214.62707
G1 X163.028 Y25.442 E214.64609
G1 X162.675 Y25.209 E214.66015
G1 X162.947 Y25.529 E214.67412
G1 X163.18 Y25.86 E214.68759
G1 X163.339 Y26.127 E214.69792
G1 X163.624 Y26.729 E214.72007
G1 X163.777 Y27.264 E214.73858
G1 X163.844 Y27.602 E214.75004
G1 X163.902 Y28.134 E214.76784
G1 X163.885 Y28.693 E214.78644
G1 X163.844 Y29.03 E214.79773
G1 X163.753 Y29.465 E214.81252
G1 X163.631 Y29.858 E214.8262
G1 X163.416 Y30.357 E214.84427
G1 X163.221 Y30.705 E214.85754
G1 X162.972 Y31.067 E214.87216
G1 F1786.6 X162.664 Y31.435 E214.88824
M204 S2000
G0 F9000 X164.723 Y30.652
G0 X165.264 Y30.563
G0 X168.889 Y30.287
M204 S500
G1 F1686.2 X169.302 Y30.315 E214.90293
G1 F1795.5 X174.428 Y30.314 E215.07385
G1 F1756.1 X174.602 Y30.307 E215.07979
M204 S2000
G0 F9000 X176.104 Y29.913
M204 S500
G1 F1800 X179.16 Y29.914 E215.18143
G1 X178.905 Y29.462 E215.19869
G1 X178.759 Y29.104 E215.21155
G1 X178.658 Y28.725 E215.2246
G1 X178.651 Y28.041 E215.24735
G1 X178.8 Y27.446 E215.26775
G1 X178.957 Y27.068 E215.28136
G1 X179.169 Y26.717 E215.295
G1 X176.133 Y26.717 E215.39598
G1 X176.275 Y26.889 E215.4034
G1 X176.474 Y27.216 E215.41613
G1 X176.609 Y27.53 E215.4275
G1 X176.708 Y27.873 E215.43937
G1 X176.754 Y28.479 E215.45958
G1 X176.666 Y28.928 E215.4748
G1 X176.494 Y29.367 E215.49048
G1 X176.283 Y29.718 E215.50411
G1 X176.104 Y29.913 E215.51291
M204 S2000
G0 F9000 X174.602 Y30.307
M204 S500
G1 F1760.4 X175.041 Y30.315 E215.52784
G1 F1800 X180.168 Y30.314 E215.69837
G1 X179.705 Y29.938 E215.7182
G1 X179.4 Y29.533 E215.73507
G1 X179.276 Y29.311 E215.74352
G1 X179.129 Y28.953 E215.7564
G1 X179.056 Y28.681 E215.76576
G1 X179.059 Y28.088 E215.78549
G1 X179.188 Y27.544 E215.80408
G1 X179.3 Y27.274 E215.8138
G1 X179.517 Y26.913 E215.82781
G1 X179.777 Y26.626 E215.84069
G1 X180.193 Y26.317 E215.85793
G1 X175.133 Y26.317 E216.02623
G1 F1706.2 X174.728 Y26.339 E216.04046
G1 X175.11 Y26.476 E216.0547
G1 F1800 X175.423 Y26.633 E216.06634
G1 X175.654 Y26.807 E216.07596
G1 X175.965 Y27.142 E216.09117
G1 X176.107 Y27.375 E216.10024
G1 X176.242 Y27.689 E216.11161
G1 X176.313 Y27.934 E216.12009
G1 X176.35 Y28.447 E216.1372
G1 X176.275 Y28.847 E216.15074
G1 X176.152 Y29.16 E216.16192
G1 X175.94 Y29.511 E216.17556
G1 X175.677 Y29.799 E216.18853
G1 X175.365 Y30.029 E216.20142
G1 X175.025 Y30.192 E216.21397
G1 F1760.4 X174.602 Y30.307 E216.22887
M204 S2000
G0 F9000 X175.715 Y29.57
G0 X176.086 Y28.954
G0 X176.19 Y28.46
G0 X176.15 Y27.887
G0 X175.912 Y27.332
G0 X175.692 Y27.063
G0 X174.728 Y26.339
M204 S500
G1 F1702.1 X174.435 Y26.318 E216.23921
G1 F1791 X169.272 Y26.317 E216.41179
G1 F1756.1 X169.098 Y26.324 E216.41772
M204 S2000
G0 F9000 X168.169 Y26.893
G0 X167.753 Y27.379
G0 X167.57 Y27.824
G0 X167.505 Y28.228
G0 X167.548 Y28.731
G0 X167.718 Y29.187
G0 X168.004 Y29.561
G0 X168.746 Y30.117
G0 X168.863 Y29.852
M204 S500
G1 F1800 X168.372 Y29.571 E216.43654
G1 X168.195 Y29.417 E216.44434
G1 X167.924 Y29.065 E216.45912
G1 X167.784 Y28.657 E216.47346
G1 X167.746 Y28.243 E216.48729
G1 X167.795 Y27.929 E216.49786
G1 X167.956 Y27.508 E216.51285
G1 X168.269 Y27.142 E216.52887
G1 X168.649 Y26.864 E216.54453
G1 X169.198 Y26.718 E216.56343
G1 X174.528 Y26.719 E216.7407
G1 X175.097 Y26.89 E216.76046
G1 X175.414 Y27.127 E216.77363
G1 X175.701 Y27.446 E216.7879
G1 X175.915 Y27.94 E216.80581
G1 X175.944 Y28.451 E216.82283
G1 X175.864 Y28.861 E216.83672
G1 X175.598 Y29.304 E216.85391
G1 X175.44 Y29.477 E216.8617
G1 X175.128 Y29.707 E216.87459
G1 X174.924 Y29.804 E216.88211
G1 X174.501 Y29.913 E216.89664
G1 X169.302 Y29.915 E217.06956
G1 X168.863 Y29.852 E217.08431
M204 S2000
G0 F9000 X168.746 Y30.117
G0 X180.99 Y30.482
G0 X181.015 Y30.217
M204 S500
G1 F1607.1 X180.421 Y30.004 E217.10781
G1 F1730.8 X179.99 Y29.653 E217.12704
G1 F1800 X179.675 Y29.232 E217.14453
G1 X179.461 Y28.707 E217.16338
G1 X179.457 Y28.135 E217.18241
G1 X179.596 Y27.558 E217.20215
G1 X179.86 Y27.119 E217.21919
G1 X180.016 Y26.947 E217.22691
G1 F1726.6 X180.382 Y26.675 E217.24272
G1 F1596.5 X180.995 Y26.413 E217.26772
G1 F1572.1 X181.521 Y26.398 E217.28776
G1 F1614.3 X181.899 Y26.465 E217.302
G1 F1610.7 X182.343 Y26.656 E217.31996
G1 F1607.1 X182.808 Y27.05 E217.34267
G1 F1610.7 X183.108 Y27.523 E217.36349
G1 X183.248 Y27.985 E217.38143
G1 F1607.1 X183.263 Y28.579 E217.40356
G1 F1610.7 X183.084 Y29.164 E217.4263
G1 F1607.1 X182.77 Y29.624 E217.44705
G1 F1589.4 X182.521 Y29.826 E217.45913
G1 X182.262 Y30.016 E217.47123
G1 F1610.7 X181.802 Y30.186 E217.48945
G1 F1618 X181.448 Y30.239 E217.5027
G1 F1578.9 X181.015 Y30.217 E217.51914
M204 S2000
G0 F9000 X180.623 Y29.653
M204 S500
;TYPE:WALL-OUTER
G1 F1800 X180.266 Y29.354 E217.53462
G1 X180.016 Y29.009 E217.5488
G1 X179.857 Y28.602 E217.56333
G1 X179.854 Y28.181 E217.57733
G1 X179.971 Y27.71 E217.59347
G1 X180.223 Y27.292 E217.60971
G1 X180.589 Y27.019 E217.62489
G1 X181.069 Y26.841 E217.64192
G1 X181.482 Y26.82 E217.65567
G1 X181.764 Y26.872 E217.66521
G1 X182.121 Y27.027 E217.67816
G1 X182.498 Y27.351 E217.69469
G1 X182.728 Y27.724 E217.70927
G1 X182.822 Y28.029 E217.71988
G1 X182.834 Y28.527 E217.73645
G1 X182.69 Y28.991 E217.75261
G1 X182.46 Y29.327 E217.76615
G1 X182.045 Y29.646 E217.78356
G1 X181.698 Y29.777 E217.7959
G1 X181.406 Y29.816 E217.80569
G1 X181.056 Y29.787 E217.81738
G1 X180.623 Y29.653 E217.83245
M204 S2000
G1 F2400 E217.03245
G0 F9000 X180.182 Y30.194
G0 X169.235 Y30.154
G0 X168.898 Y30.097
G0 X168.116 Y29.758
G0 X168.536 Y29.204
M204 S500
G1 F2400 E217.83245
G1 F1800 X168.282 Y28.874 E217.8463
G1 X168.175 Y28.565 E217.85718
G1 X168.151 Y28.24 E217.86802
G1 X168.187 Y28.01 E217.87576
G1 X168.306 Y27.715 E217.88634
G1 X168.573 Y27.402 E217.90002
G1 X168.827 Y27.23 E217.91023
G1 X169.237 Y27.12 E217.92435
G1 X174.466 Y27.119 E218.09826
G1 X174.917 Y27.254 E218.11392
G1 X175.21 Y27.481 E218.12625
G1 X175.372 Y27.693 E218.13512
G1 X175.522 Y28.056 E218.14819
G1 X175.544 Y28.427 E218.16055
G1 X175.484 Y28.718 E218.17043
G1 X175.234 Y29.131 E218.18649
G1 X174.86 Y29.407 E218.20195
G1 X174.463 Y29.511 E218.2156
G1 X169.268 Y29.513 E218.38838
G1 X168.962 Y29.448 E218.39879
G1 X168.536 Y29.204 E218.41512
M204 S2000
G1 F2400 E217.61512
G0 F9000 X168.116 Y29.758
G0 X164.256 Y30.791
G0 X161.669 Y32.05
G0 X160.59 Y32.528
G0 X159.817 Y32.682
G0 X158.201 Y32.615
G0 X158.401 Y31.945
M204 S500
G1 F2400 E218.41512
G1 F1800 X158.114 Y31.859 E218.42508
G1 X157.848 Y31.755 E218.43458
G1 X157.557 Y31.612 E218.44536
G1 X157.298 Y31.458 E218.45539
G1 X157.03 Y31.264 E218.46639
G1 X156.793 Y31.061 E218.47677
G1 X156.585 Y30.853 E218.48655
G1 X156.381 Y30.609 E218.49713
G1 X156.204 Y30.36 E218.50729
G1 X156.044 Y30.091 E218.5177
G1 X155.914 Y29.823 E218.52761
G1 X155.794 Y29.511 E218.53873
G1 X155.705 Y29.211 E218.54914
G1 X155.646 Y28.914 E218.55921
G1 X155.595 Y28.434 E218.57526
G1 X155.612 Y27.978 E218.59044
G1 X155.65 Y27.683 E218.60033
G1 X155.72 Y27.363 E218.61123
G1 X155.806 Y27.079 E218.6211
G1 X155.982 Y26.661 E218.63618
G1 X156.13 Y26.387 E218.64654
G1 X156.304 Y26.125 E218.657
G1 X156.494 Y25.882 E218.66726
G1 X156.858 Y25.505 E218.68469
G1 X157.178 Y25.257 E218.69815
G1 X157.449 Y25.08 E218.70892
G1 X157.856 Y24.872 E218.72412
G1 X158.141 Y24.765 E218.73425
G1 X158.451 Y24.673 E218.745
G1 X158.748 Y24.614 E218.75507
G1 X159.093 Y24.574 E218.76662
G1 X159.513 Y24.568 E218.7806
G1 X159.842 Y24.596 E218.79158
G1 X160.139 Y24.648 E218.80161
G1 X160.423 Y24.721 E218.81136
G1 X160.717 Y24.822 E218.8217
G1 X161.003 Y24.946 E218.83207
G1 X161.402 Y25.177 E218.8474
G1 X161.67 Y25.368 E218.85835
G1 X161.902 Y25.568 E218.86853
G1 X162.102 Y25.767 E218.87792
G1 X162.317 Y26.023 E218.88904
G1 X162.492 Y26.27 E218.89911
G1 X162.651 Y26.537 E218.90944
G1 X162.878 Y27.029 E218.92746
G1 X162.993 Y27.425 E218.94118
G1 X163.05 Y27.711 E218.95088
G1 X163.103 Y28.183 E218.96668
G1 X163.086 Y28.643 E218.98199
G1 X163.047 Y28.949 E218.99225
G1 X162.978 Y29.263 E219.00294
G1 X162.893 Y29.548 E219.01283
G1 X162.721 Y29.957 E219.02759
G1 X162.572 Y30.233 E219.03802
G1 X162.3 Y30.629 E219.054
G1 X162.095 Y30.869 E219.0645
G1 X161.885 Y31.08 E219.0744
G1 X161.648 Y31.279 E219.08469
G1 X161.321 Y31.511 E219.09803
G1 X160.991 Y31.689 E219.1105
G1 X160.698 Y31.818 E219.12114
G1 X160.408 Y31.914 E219.1313
G1 X160.112 Y31.99 E219.14147
G1 X159.759 Y32.044 E219.15335
G1 X159.339 Y32.065 E219.16733
G1 X159.01 Y32.052 E219.17828
G1 X158.716 Y32.014 E219.18814
G1 X158.401 Y31.945 E219.19887
M204 S2000
G1 F2400 E218.39887
G0 F9000 X158.201 Y32.615
G0 X158.482 Y32.839
G0 X158.356 Y33.527
M204 S500
G1 F2400 E219.19887
G1 F1800 X158.913 Y33.596 E219.21754
G1 X159.35 Y33.615 E219.23209
G1 X159.789 Y33.596 E219.2467
G1 X160.24 Y33.541 E219.26181
G1 X160.675 Y33.447 E219.27661
G1 X161.059 Y33.332 E219.28995
G1 X161.482 Y33.167 E219.30505
G1 X161.859 Y32.983 E219.319
G1 X162.239 Y32.757 E219.33371
G1 X162.603 Y32.498 E219.34856
G1 X162.955 Y32.213 E219.36363
G1 X163.325 Y31.95 E219.37873
G1 X163.679 Y31.74 E219.39242
G1 X164.075 Y31.547 E219.40707
G1 X164.47 Y31.392 E219.42118
G1 X164.884 Y31.272 E219.43552
G1 X165.312 Y31.183 E219.45006
G1 X165.72 Y31.132 E219.46373
G1 X166.156 Y31.115 E219.47825
G1 X181.454 Y31.114 E219.98706
G1 X181.799 Y31.079 E219.99859
G1 X182.252 Y30.965 E220.01413
G1 X182.676 Y30.78 E220.02952
G1 X183.063 Y30.527 E220.04489
G1 X183.408 Y30.212 E220.06043
G1 X183.623 Y29.947 E220.07178
G1 X183.861 Y29.55 E220.08718
G1 X184.03 Y29.119 E220.10258
G1 X184.138 Y28.639 E220.11894
G1 X184.146 Y28.07 E220.13787
G1 X184.034 Y27.523 E220.15644
G1 X183.862 Y27.084 E220.17212
G1 X183.699 Y26.783 E220.1835
G1 X183.401 Y26.401 E220.19962
G1 X182.974 Y26.038 E220.21826
G1 X182.582 Y25.803 E220.23346
G1 X182.151 Y25.634 E220.24886
G1 X181.773 Y25.549 E220.26174
G1 X181.435 Y25.518 E220.27303
G1 X166.127 Y25.516 E220.78218
G1 X165.692 Y25.497 E220.79666
G1 X165.279 Y25.444 E220.81051
G1 X164.848 Y25.351 E220.82518
G1 X164.336 Y25.195 E220.84298
G1 X163.841 Y24.975 E220.86099
G1 X163.468 Y24.773 E220.8751
G1 X163.11 Y24.538 E220.88935
G1 X162.513 Y24.065 E220.91468
G1 X162.064 Y23.758 E220.93277
G1 X161.474 Y23.454 E220.95484
G1 X160.858 Y23.23 E220.97665
G1 X160.301 Y23.101 E220.99566
G1 X159.888 Y23.045 E221.00952
G1 X159.577 Y23.022 E221.0199
G1 X159.106 Y23.017 E221.03556
G1 X158.458 Y23.087 E221.05724
G1 X157.909 Y23.215 E221.07599
G1 X157.496 Y23.349 E221.09043
G1 X157.089 Y23.521 E221.10513
G1 X156.627 Y23.761 E221.12244
G1 X156.082 Y24.135 E221.14443
G1 X155.587 Y24.575 E221.16646
G1 X155.182 Y25.032 E221.18677
G1 X154.891 Y25.45 E221.20371
G1 X154.656 Y25.853 E221.21922
G1 X154.467 Y26.248 E221.23379
G1 X154.321 Y26.633 E221.24748
G1 X154.194 Y27.083 E221.26303
G1 X154.109 Y27.517 E221.27774
G1 X154.051 Y28.045 E221.29541
G1 X154.056 Y28.607 E221.3141
G1 X154.104 Y29.076 E221.32978
G1 X154.175 Y29.461 E221.3428
G1 X154.317 Y29.998 E221.36128
G1 X154.561 Y30.603 E221.38298
G1 X154.818 Y31.068 E221.40065
G1 X155.13 Y31.533 E221.41927
G1 X155.494 Y31.952 E221.43773
G1 X155.746 Y32.201 E221.44951
G1 X156.076 Y32.484 E221.46397
G1 X156.437 Y32.744 E221.47877
G1 X156.909 Y33.028 E221.49709
G1 X157.417 Y33.252 E221.51556
G1 X157.819 Y33.39 E221.52969
G1 X158.356 Y33.527 E221.54813
M204 S2000
G0 F9000 X158.482 Y32.839
G0 X160.234 Y32.617
G0 X161.266 Y32.265
G0 X161.706 Y31.991
G0 X164.537 Y30.02
G0 X164.465 Y29.764
M204 S500
;TYPE:SKIN
G1 F1800 X164.573 Y29.277 E221.56472
G1 X164.652 Y28.703 E221.58399
G1 X164.661 Y28.087 E221.60448
G1 X164.598 Y27.504 E221.62398
G1 X164.477 Y26.869 E221.64548
G1 X165.076 Y26.992 E221.66582
G1 X165.566 Y27.053 E221.68225
G1 X166.069 Y27.075 E221.69899
G1 X166.892 Y27.077 E221.72636
G1 X166.795 Y27.244 E221.73279
G1 X166.665 Y27.671 E221.74763
G1 X166.585 Y28.183 E221.76487
G1 X166.627 Y28.792 E221.78517
G1 X166.761 Y29.297 E221.80255
G1 X166.898 Y29.554 E221.81224
G1 X166.165 Y29.555 E221.83662
G1 X165.581 Y29.577 E221.85605
G1 X165.1 Y29.637 E221.87218
G1 X164.465 Y29.764 E221.89371
M204 S2000
G0 F9000 X165.188 Y29.424
M204 S500
G1 F1800 X164.808 Y29.043 E221.91161
M204 S2000
G0 F9000 X164.853 Y28.523
M204 S500
G1 F1800 X165.701 Y29.371 E221.9515
M204 S2000
G0 F9000 X166.246 Y29.35
M204 S500
G1 F1800 X164.847 Y27.951 E222.0173
M204 S2000
G0 F9000 X164.777 Y27.316
M204 S500
G1 F1800 X166.473 Y29.011 E222.09706
M204 S2000
G0 F9000 X166.397 Y28.37
M204 S500
G1 F1800 X165.243 Y27.215 E222.15136
M204 S2000
G0 F9000 X165.859 Y27.266
M204 S500
G1 F1800 X166.435 Y27.842 E222.17845
M204 S2000
G0 F9000 X166.512 Y27.353
M204 S500
G1 F1800 X166.435 Y27.277 E222.18205
M204 S2000
G0 F9000 X166.436 Y26.816
G0 X169.16 Y26.479
G0 X174.556 Y26.48
G0 X175.209 Y26.675
G0 X175.641 Y27
G0 X176.766 Y28.942
G0 X177.415 Y29.134
M204 S500
G1 F1651.4 X177.967 Y29.136 E222.20206
G1 X177.891 Y28.86 E222.21244
G1 F1743.3 X177.902 Y28.581 E222.22203
G1 F1760.4 X177.887 Y27.867 E222.24632
G1 F1659 X177.982 Y27.499 E222.26003
G1 F1636.4 X177.412 Y27.498 E222.28089
G1 X177.48 Y27.751 E222.29047
G1 F1702.1 X177.481 Y27.988 E222.29881
G1 F1813.6 X177.513 Y28.518 E222.31634
G1 F1747.6 X177.468 Y28.874 E222.32863
G1 F1651.4 X177.415 Y29.134 E222.33825
M204 S2000
G0 F9000 X176.803 Y29.553
M204 S500
G1 F1800 X178.553 Y29.554 E222.39645
G1 X178.42 Y29.226 E222.40823
G1 X178.302 Y28.781 E222.42354
G1 X178.296 Y27.972 E222.45045
G1 X178.451 Y27.355 E222.47161
G1 X178.565 Y27.078 E222.48157
G1 X176.806 Y27.078 E222.54007
G1 X176.95 Y27.41 E222.55211
G1 X177.065 Y27.815 E222.56611
G1 X177.116 Y28.488 E222.58856
G1 X177.02 Y28.998 E222.60582
G1 X176.803 Y29.553 E222.62564
M204 S2000
G0 F9000 X176.802 Y30.113
G1 F2400 E221.82564
;MESH:part_4.stl
G0 F9000 X166.141 Y30.897
G0 X166.174 Y31.98
G0 X165.826 Y36.003
G0 X165.063 Y36.766
G0 X162.214 Y41.111
M204 S500
;TYPE:WALL-INNER
G1 F2400 E222.62564
G1 F1382 X161.845 Y41.448 E222.64729
G1 F1350.8 X161.459 Y41.884 E222.6731
M204 S2000
G0 F9000 X158.802 Y44.666
G0 X159.87 Y46.787
G0 X156.154 Y51.312
M204 S500
G1 F1804.5 X159.689 Y47.777 E222.83896
G1 X160.048 Y47.546 E222.85312
G1 F1800 X160.352 Y47.484 E222.86344
G1 X160.774 Y47.557 E222.87768
G1 X161.014 Y47.696 E222.88691
G1 X162.565 Y49.236 E222.9596
G1 X163.04 Y48.895 E222.97905
G1 X163.389 Y48.678 E222.99272
G1 X163.958 Y48.375 E223.01416
G1 X164.57 Y48.113 E223.0363
G1 X165.161 Y47.916 E223.05702
G1 X165.801 Y47.757 E223.07896
G1 X166.447 Y47.655 E223.10071
G1 X167.009 Y47.61 E223.11946
G1 X167.399 Y47.603 E223.13244
G1 X167.743 Y47.613 E223.14388
G1 X168.383 Y47.67 E223.16525
G1 X168.706 Y47.721 E223.17613
G1 X169.308 Y47.853 E223.19663
G1 X181.344 Y51.074 E223.61103
G1 F1484.5 X181.534 Y51.052 E223.61875
G1 F1288 X182.009 Y51.285 E223.64334
G1 F1316.3 X182.389 Y51.405 E223.66146
G1 F1313.9 X182.731 Y51.475 E223.67737
G1 F1309.1 X183.191 Y51.494 E223.69843
G1 F1306.7 X183.459 Y51.472 E223.71075
G1 F1299.6 X183.721 Y51.425 E223.72301
G1 F1297.3 X183.99 Y51.359 E223.73579
G1 F1306.7 X184.376 Y51.211 E223.75473
G1 X184.824 Y50.95 E223.77848
G1 X185.246 Y50.566 E223.80462
G1 F1316.3 X185.46 Y50.318 E223.81952
G1 F1313.9 X185.651 Y50.017 E223.83577
G1 F1306.7 X185.848 Y49.615 E223.85628
G1 F1304.3 X185.952 Y49.242 E223.87405
G1 F1306.7 X186.031 Y48.806 E223.89435
G1 F1316.3 X186.032 Y48.303 E223.91723
G1 F1321.1 X185.964 Y47.929 E223.93446
G1 F1313.9 X185.819 Y47.474 E223.95622
G1 F1306.7 X185.685 Y47.17 E223.97144
G1 F1304.3 X185.465 Y46.839 E223.98968
G1 F1309.1 X185.29 Y46.623 E224.00239
G1 X184.878 Y46.232 E224.02837
G1 F1304.3 X184.561 Y46.032 E224.04557
G1 F1311.5 X184.136 Y45.832 E224.06702
G1 F1323.5 X183.85 Y45.734 E224.08069
G1 F1318.7 X183.473 Y45.665 E224.09809
G1 F1306.7 X183.036 Y45.64 E224.11815
G1 F1304.3 X182.646 Y45.682 E224.13615
G1 F1302 X182.326 Y45.752 E224.15121
G1 F1306.7 X182.086 Y45.83 E224.16277
G1 F1297.3 X181.679 Y46.022 E224.18354
G1 F1295 X181.452 Y46.158 E224.19577
G1 F1304.3 X181.163 Y46.388 E224.21273
G1 F1292.6 X180.896 Y46.636 E224.2296
G1 F1496.9 X180.48 Y46.812 E224.24767
G1 F1800 X180.253 Y46.937 E224.25629
G1 X179.866 Y47.096 E224.27021
G1 X179.232 Y47.221 E224.2917
G1 X178.748 Y47.221 E224.3078
G1 X178.257 Y47.143 E224.32433
G1 X171.2 Y45.253 E224.56732
G1 X170.724 Y45.033 E224.58476
G1 X170.35 Y44.741 E224.60054
G1 X169.944 Y44.253 E224.62166
G1 X169.75 Y43.84 E224.63683
G1 X169.626 Y43.34 E224.65397
G1 X169.625 Y42.901 E224.66857
G1 X169.656 Y42.651 E224.67695
G1 X169.752 Y42.286 E224.6895
G1 X168.124 Y40.653 E224.76619
G1 X167.967 Y40.406 E224.77593
G1 X167.894 Y40.156 E224.78459
G1 X167.882 Y39.956 E224.79125
G1 X167.944 Y39.651 E224.80161
G1 F1791 X168.115 Y39.353 E224.81309
G1 X171.709 Y35.756 E224.98306
G1 F1804.5 X171.427 Y35.474 E224.99629
G1 F1791 X167.83 Y39.068 E225.16626
G1 X167.533 Y39.24 E225.17773
G1 F1800 X167.228 Y39.302 E225.18808
G1 X166.866 Y39.251 E225.20024
G1 X166.549 Y39.075 E225.2123
G1 X165.064 Y37.596 E225.28201
G1 X157.994 Y44.666 E225.61456
G1 X159.474 Y46.153 E225.68434
G1 X159.609 Y46.37 E225.69284
G1 X159.688 Y46.631 E225.70191
G1 X159.699 Y46.831 E225.70857
G1 X159.637 Y47.135 E225.71889
G1 F1804.5 X159.407 Y47.495 E225.73306
G1 X155.872 Y51.03 E225.89892
G1 X156.154 Y51.312 E225.91215
M204 S2000
G0 F9000 X156.154 Y51.877
M204 S500
G1 F1800 X159.971 Y48.059 E226.09172
G1 X160.187 Y47.921 E226.10024
G1 X160.49 Y47.891 E226.11037
G1 X160.746 Y47.984 E226.11943
G1 X162.54 Y49.776 E226.20377
G1 X162.818 Y49.544 E226.21581
G1 X163.272 Y49.221 E226.23434
G1 X163.579 Y49.03 E226.24637
G1 X164.118 Y48.742 E226.26669
G1 X164.651 Y48.51 E226.28603
G1 X165.259 Y48.304 E226.30738
G1 X165.865 Y48.152 E226.32816
G1 X166.479 Y48.054 E226.34884
G1 X167.041 Y48.009 E226.36759
G1 X167.389 Y48.003 E226.37917
G1 X167.709 Y48.012 E226.38981
G1 X168.323 Y48.066 E226.41031
G1 X168.586 Y48.106 E226.41916
G1 X169.205 Y48.239 E226.44022
G1 X181.29 Y51.474 E226.85632
G1 X181.883 Y51.746 E226.87802
G1 X182.271 Y51.863 E226.8915
G1 X182.627 Y51.94 E226.90361
G1 X182.941 Y51.966 E226.91409
G1 X183.248 Y51.967 E226.9243
G1 X183.506 Y51.945 E226.93292
G1 X183.806 Y51.896 E226.94303
G1 X184.134 Y51.814 E226.95427
G1 X184.482 Y51.679 E226.96669
G1 X184.715 Y51.565 E226.97531
G1 X184.967 Y51.416 E226.98505
G1 X185.202 Y51.248 E226.99466
G1 X185.405 Y51.077 E227.00349
G1 X185.595 Y50.889 E227.01238
G1 X185.839 Y50.602 E227.02491
G1 X186.066 Y50.251 E227.03881
G1 X186.233 Y49.907 E227.05153
G1 X186.328 Y49.661 E227.0603
G1 X186.417 Y49.349 E227.07109
G1 X186.508 Y48.834 E227.08848
G1 X186.505 Y48.395 E227.10309
G1 X186.48 Y48.139 E227.11164
G1 X186.428 Y47.84 E227.12173
G1 X186.361 Y47.58 E227.13066
G1 X186.261 Y47.297 E227.14065
G1 X186.146 Y47.041 E227.14998
G1 X186.024 Y46.82 E227.15838
G1 X185.857 Y46.568 E227.16843
G1 X185.69 Y46.358 E227.17736
G1 X185.495 Y46.149 E227.18686
G1 X185.279 Y45.953 E227.19657
G1 X185.054 Y45.782 E227.20596
G1 X184.809 Y45.626 E227.21563
G1 X184.557 Y45.494 E227.22509
G1 X184.313 Y45.391 E227.2339
G1 X183.969 Y45.278 E227.24594
G1 X183.534 Y45.191 E227.26069
G1 X183.192 Y45.171 E227.27209
G1 X182.909 Y45.176 E227.2815
G1 X182.57 Y45.21 E227.29283
G1 X182.213 Y45.29 E227.305
G1 X181.964 Y45.368 E227.31368
G1 X181.688 Y45.482 E227.32361
G1 X181.445 Y45.604 E227.33266
G1 X181.15 Y45.788 E227.34422
G1 X180.86 Y46.02 E227.35657
G1 X180.541 Y46.303 E227.37076
G1 X180.147 Y46.549 E227.3862
G1 X179.711 Y46.719 E227.40177
G1 X179.22 Y46.816 E227.41842
G1 X178.784 Y46.822 E227.43292
G1 X178.36 Y46.757 E227.44719
G1 X171.336 Y44.874 E227.68905
G1 X170.936 Y44.692 E227.70367
G1 X170.636 Y44.461 E227.71626
G1 X170.283 Y44.033 E227.73472
G1 X170.118 Y43.68 E227.74768
G1 X170.032 Y43.302 E227.76057
G1 X170.024 Y42.83 E227.77627
G1 X170.166 Y42.284 E227.79504
G1 X170.216 Y42.184 E227.79875
G1 X168.387 Y40.352 E227.88485
G1 X168.306 Y40.169 E227.89151
G1 X168.282 Y39.973 E227.89808
G1 X168.319 Y39.79 E227.90429
G1 X168.422 Y39.612 E227.91113
G1 X172.274 Y35.756 E228.09241
G1 X171.427 Y34.909 E228.13225
G1 X167.571 Y38.761 E228.31353
G1 X167.394 Y38.865 E228.32036
G1 X167.211 Y38.902 E228.32657
G1 X166.993 Y38.871 E228.33389
G1 X166.803 Y38.766 E228.34111
G1 X165.064 Y37.03 E228.42284
G1 X157.428 Y44.666 E228.78201
G1 X159.164 Y46.406 E228.86376
G1 X159.245 Y46.536 E228.86886
G1 X159.299 Y46.814 E228.87828
G1 X159.262 Y46.996 E228.88445
G1 X159.124 Y47.212 E228.89298
G1 X155.307 Y51.03 E229.07254
G1 X156.154 Y51.877 E229.11238
M204 S2000
G0 F9000 X156.154 Y51.495
G0 X160.396 Y47.313
G0 X162.595 Y48.701
M204 S500
G1 F1800 X163.2 Y48.325 E229.13607
G1 X163.798 Y48.009 E229.15857
G1 X164.442 Y47.734 E229.18186
G1 X165.062 Y47.528 E229.20359
G1 X165.737 Y47.362 E229.22671
G1 X166.415 Y47.256 E229.24953
G1 X167.064 Y47.208 E229.27118
G1 X167.409 Y47.203 E229.28265
G1 X167.777 Y47.215 E229.2949
G1 X168.443 Y47.275 E229.31714
G1 X168.79 Y47.33 E229.32883
G1 X169.412 Y47.466 E229.35
G1 X181.447 Y50.687 E229.76438
G1 X181.135 Y50.407 E229.77832
G1 X180.94 Y50.172 E229.78848
G1 X180.773 Y49.918 E229.79859
G1 X180.648 Y49.677 E229.80762
G1 X180.526 Y49.338 E229.8196
G1 X180.412 Y48.82 E229.83724
G1 X180.422 Y48.224 E229.85707
G1 X180.587 Y47.562 E229.87976
G1 X180.714 Y47.301 E229.88941
G1 X180.906 Y47.019 E229.90076
G1 X180.528 Y47.256 E229.9156
G1 X179.979 Y47.482 E229.93535
G1 X179.268 Y47.621 E229.95944
G1 X178.713 Y47.62 E229.9779
G1 X178.234 Y47.552 E229.99399
G1 X171.061 Y45.629 E230.24099
G1 X170.657 Y45.443 E230.25578
G1 X170.429 Y45.31 E230.26456
G1 X170.064 Y45.02 E230.28007
G1 X169.605 Y44.47 E230.3039
G1 X169.37 Y43.971 E230.32224
G1 X169.226 Y43.358 E230.34318
G1 X169.225 Y42.899 E230.35845
G1 X169.269 Y42.55 E230.37015
G1 X169.307 Y42.407 E230.37507
G1 X167.822 Y40.915 E230.44509
G1 X167.691 Y40.737 E230.45244
G1 X167.505 Y40.322 E230.46756
G1 X167.482 Y39.938 E230.48036
G1 X167.542 Y39.642 E230.4904
G1 X167.246 Y39.702 E230.50045
G1 X166.966 Y39.685 E230.50978
G1 X166.626 Y39.603 E230.52141
G1 X166.293 Y39.391 E230.53454
G1 X165.064 Y38.162 E230.59235
G1 X162.53 Y40.696 E230.71154
G1 F1528.7 X162.214 Y41.111 E230.73197
G1 X162.677 Y40.929 E230.75145
G1 F1800 X163.027 Y40.806 E230.76379
G1 X163.397 Y40.713 E230.77648
G1 X163.803 Y40.697 E230.78999
G1 X164.16 Y40.723 E230.8019
G1 X164.577 Y40.817 E230.81612
G1 X165.026 Y40.996 E230.83219
G1 X165.262 Y41.12 E230.84106
G1 X165.729 Y41.521 E230.86153
G1 X165.907 Y41.707 E230.8701
G1 X166.221 Y42.221 E230.89013
G1 X166.321 Y42.461 E230.89878
G1 X166.406 Y42.733 E230.90826
G1 X166.462 Y43.029 E230.91828
G1 X166.484 Y43.729 E230.94157
G1 X166.268 Y44.485 E230.96772
G1 X166.143 Y44.715 E230.97643
G1 X165.864 Y45.13 E230.99306
G1 X165.449 Y45.514 E231.01186
G1 X165.171 Y45.713 E231.02324
G1 X164.578 Y45.973 E231.04477
G1 X164.305 Y46.045 E231.05416
G1 X163.753 Y46.094 E231.07259
G1 X163.494 Y46.095 E231.08121
G1 X163.201 Y46.034 E231.09116
G1 X162.624 Y45.849 E231.11132
G1 X162.361 Y45.706 E231.12127
G1 X161.824 Y45.256 E231.14458
G1 X161.406 Y44.681 E231.16822
G1 X161.234 Y44.261 E231.18331
G1 X161.159 Y43.98 E231.19299
G1 X161.106 Y43.642 E231.20437
G1 X161.093 Y43.319 E231.21512
G1 X161.112 Y43.067 E231.22352
G1 X161.184 Y42.717 E231.23541
G1 F1490.7 X161.459 Y41.884 E231.27064
G1 X161.066 Y42.16 E231.28993
G1 F1800 X158.56 Y44.666 E231.4078
G1 X159.756 Y45.862 E231.46406
G1 X159.973 Y46.203 E231.4775
G1 X160.083 Y46.569 E231.49021
G1 X160.099 Y46.849 E231.49954
G1 X160.039 Y47.144 E231.50955
G1 X160.334 Y47.084 E231.51956
G1 X160.614 Y47.1 E231.52889
G1 X160.925 Y47.187 E231.53963
G1 X161.302 Y47.409 E231.55419
G1 X162.595 Y48.701 E231.61498
M204 S2000
G0 F9000 X160.273 Y46.911
G0 X158.802 Y44.666
G0 X161.05 Y42.442
G0 X161.91 Y44.459
G0 X162.774 Y45.477
M204 S500
G1 F1800 X162.59 Y45.375 E231.62198
G1 X162.126 Y44.989 E231.64205
G1 X161.769 Y44.512 E231.66187
G1 X161.571 Y44.028 E231.67926
G1 X161.484 Y43.46 E231.69837
G1 X161.511 Y43.097 E231.71048
G1 X161.562 Y42.847 E231.71897
G1 X161.7 Y42.449 E231.73298
G1 X161.827 Y42.198 E231.74233
G1 X162.131 Y41.793 E231.75918
G1 X162.512 Y41.475 E231.77568
G1 X162.811 Y41.307 E231.78709
G1 X163.161 Y41.183 E231.79944
G1 X163.645 Y41.088 E231.81584
G1 X164.132 Y41.122 E231.83208
G1 X164.43 Y41.189 E231.84224
G1 X164.986 Y41.411 E231.86215
G1 X165.555 Y41.9 E231.88711
G1 X165.905 Y42.467 E231.90927
G1 X166.061 Y42.976 E231.92698
G1 X166.083 Y43.682 E231.95047
G1 X165.879 Y44.38 E231.97466
G1 X165.583 Y44.846 E231.99302
G1 X165.064 Y45.324 E232.01648
G1 X164.343 Y45.64 E232.04267
G1 X163.589 Y45.708 E232.06785
G1 X163.323 Y45.653 E232.07688
G1 X162.774 Y45.477 E232.09606
M204 S2000
G0 F9000 X163.558 Y45.309
M204 S500
G1 F1800 X162.871 Y45.082 E232.12012
G1 X162.445 Y44.736 E232.13838
G1 X162.121 Y44.315 E232.15604
G1 X161.961 Y43.926 E232.17003
G1 X161.886 Y43.447 E232.18616
G1 X161.916 Y43.05 E232.1994
G1 X162.111 Y42.484 E232.21931
G1 X162.446 Y42.049 E232.23757
G1 X162.844 Y41.719 E232.25477
G1 X163.294 Y41.56 E232.27064
G1 X163.673 Y41.491 E232.28346
G1 X164.199 Y41.528 E232.30099
G1 X164.755 Y41.748 E232.32088
G1 X165.243 Y42.157 E232.34206
G1 X165.536 Y42.63 E232.36057
G1 X165.663 Y43.041 E232.37487
G1 X165.682 Y43.633 E232.39457
G1 X165.519 Y44.194 E232.414
G1 X165.279 Y44.583 E232.42921
G1 X164.838 Y44.989 E232.44914
G1 X164.228 Y45.249 E232.4712
G1 X163.558 Y45.309 E232.49357
M204 S2000
G1 F2400 E231.69357
G0 F9000 X163.466 Y45.593
G0 X161.281 Y44.795
G0 X161.05 Y42.442
G0 X158.802 Y44.666
G0 X160.273 Y46.911
G0 X162.625 Y48.491
G0 X168.145 Y47.532
G0 X182.091 Y50.717
M204 S500
G1 F2400 E232.49357
G1 F1285.7 X181.815 Y50.56 E232.50836
G1 F1484.5 X181.676 Y50.359 E232.51821
G1 F1800 X181.443 Y50.151 E232.5286
G1 X181.177 Y49.831 E232.54244
G1 X181.004 Y49.494 E232.55504
G1 X180.917 Y49.252 E232.56359
G1 X180.811 Y48.771 E232.57998
G1 X180.822 Y48.273 E232.59654
G1 X180.968 Y47.691 E232.6165
G1 F1636.4 X181.225 Y47.19 E232.6371
G1 F1382 X181.29 Y47.032 E232.6445
G1 F1297.3 X181.7 Y46.645 E232.67052
G1 F1311.5 X182.34 Y46.308 E232.70354
G1 X182.918 Y46.195 E232.73043
G1 F1318.7 X183.578 Y46.22 E232.76041
G1 F1321.1 X183.911 Y46.329 E232.77629
G1 F1318.7 X184.418 Y46.574 E232.80185
G1 F1313.9 X184.917 Y47.02 E232.83235
G1 F1311.5 X185.236 Y47.49 E232.85828
G1 F1316.3 X185.491 Y48.218 E232.89336
G1 F1318.7 X185.47 Y48.87 E232.92298
G1 X185.34 Y49.398 E232.94767
G1 F1321.1 X185.1 Y49.887 E232.97235
G1 F1316.3 X184.863 Y50.173 E232.98925
G1 F1313.9 X184.414 Y50.561 E233.01629
G1 F1316.3 X183.917 Y50.81 E233.04157
G1 F1311.5 X183.326 Y50.941 E233.0692
G1 X182.656 Y50.924 E233.0998
G1 X182.091 Y50.717 E233.12727
M204 S2000
G0 F9000 X182.743 Y50.452
M204 S500
G1 F1800 X182.251 Y50.271 E233.1447
G1 X181.804 Y49.96 E233.16282
G1 X181.514 Y49.611 E233.17791
G1 X181.325 Y49.243 E233.19167
G1 X181.21 Y48.727 E233.20925
G1 X181.222 Y48.32 E233.22279
G1 X181.368 Y47.76 E233.24204
G1 X181.675 Y47.322 E233.25983
G1 X181.961 Y47.049 E233.27298
G1 X182.489 Y46.767 E233.29289
G1 X182.993 Y46.667 E233.30998
G1 X183.595 Y46.707 E233.33005
G1 X184.166 Y46.984 E233.35116
G1 X184.543 Y47.319 E233.36793
G1 X184.818 Y47.724 E233.38421
G1 X185.011 Y48.263 E233.40325
G1 X184.991 Y48.838 E233.42239
G1 X184.881 Y49.261 E233.43693
G1 X184.63 Y49.745 E233.45506
G1 X184.169 Y50.148 E233.47543
G1 X183.796 Y50.343 E233.48943
G1 X183.245 Y50.468 E233.50822
G1 X182.743 Y50.452 E233.52492
M204 S2000
G0 F9000 X182.454 Y49.921
M204 S500
;TYPE:WALL-OUTER
G1 F1800 X182.078 Y49.663 E233.54009
G1 X181.84 Y49.369 E233.55267
G1 X181.698 Y49.08 E233.56338
G1 X181.61 Y48.669 E233.57736
G1 X181.626 Y48.354 E233.58785
G1 X181.729 Y47.949 E233.60175
G1 X181.97 Y47.593 E233.61605
G1 X182.187 Y47.384 E233.62607
G1 X182.633 Y47.146 E233.64288
G1 X183.002 Y47.071 E233.65541
G1 X183.502 Y47.103 E233.67207
G1 X183.942 Y47.32 E233.68839
G1 X184.249 Y47.593 E233.70205
G1 X184.457 Y47.907 E233.71458
G1 X184.611 Y48.351 E233.73021
G1 X184.596 Y48.769 E233.74412
G1 X184.507 Y49.117 E233.75607
G1 X184.306 Y49.494 E233.77028
G1 X183.936 Y49.822 E233.78672
G1 X183.652 Y49.969 E233.79736
G1 X183.228 Y50.066 E233.81183
G1 X182.841 Y50.056 E233.8247
G1 X182.454 Y49.921 E233.83834
M204 S2000
G1 F2400 E233.03834
G0 F9000 X182.213 Y50.575
G0 X180.369 Y49.37
G0 X180.415 Y47.501
G0 X169.585 Y44.698
G0 X169.121 Y42.455
G0 X167.308 Y39.876
G0 X165.064 Y38.405
G0 X162.834 Y40.659
G0 X166.363 Y42.145
G0 X165.248 Y45.854
G0 X162.856 Y45.395
G0 X163.071 Y44.732
M204 S500
G1 F2400 E233.83834
G1 F1800 X162.727 Y44.453 E233.85307
G1 X162.458 Y44.086 E233.8682
G1 X162.345 Y43.794 E233.87862
G1 X162.292 Y43.456 E233.88999
G1 X162.31 Y43.132 E233.90079
G1 X162.467 Y42.676 E233.91683
G1 X162.729 Y42.332 E233.93121
G1 X163.045 Y42.073 E233.9448
G1 X163.428 Y41.937 E233.95832
G1 X163.719 Y41.895 E233.9681
G1 X164.11 Y41.922 E233.98113
G1 X164.564 Y42.106 E233.99743
G1 X164.935 Y42.419 E234.01357
G1 X165.16 Y42.781 E234.02775
G1 X165.267 Y43.13 E234.03989
G1 X165.276 Y43.6 E234.05552
G1 X165.136 Y44.061 E234.07155
G1 X164.977 Y44.312 E234.08143
G1 X164.615 Y44.651 E234.09792
G1 X164.146 Y44.852 E234.1149
G1 X163.609 Y44.9 E234.13283
G1 X163.071 Y44.732 E234.15157
M204 S2000
G1 F2400 E233.35157
G0 F9000 X162.856 Y45.395
G0 X161.221 Y42.126
G0 X158.442 Y44.666
G0 X159.882 Y46.527
G0 X156.154 Y52.061
G0 X156.154 Y52.443
M204 S500
G1 F2400 E234.15157
G1 F1800 X160.3 Y48.296 E234.34661
G1 X160.493 Y48.298 E234.35303
G1 X162.516 Y50.318 E234.44812
G1 X163.05 Y49.87 E234.4713
G1 X163.514 Y49.541 E234.49022
G1 X163.769 Y49.382 E234.50021
G1 X164.278 Y49.109 E234.51942
G1 X164.826 Y48.871 E234.5393
G1 X165.358 Y48.692 E234.55797
G1 X165.929 Y48.547 E234.57756
G1 X166.511 Y48.453 E234.59717
G1 X167.085 Y48.408 E234.61632
G1 X167.675 Y48.41 E234.63594
G1 X168.263 Y48.462 E234.65557
G1 X168.538 Y48.504 E234.66483
G1 X169.101 Y48.625 E234.68398
G1 X181.167 Y51.859 E235.09946
G1 X181.563 Y52.04 E235.11394
G1 X181.848 Y52.153 E235.12414
G1 X182.171 Y52.251 E235.13537
G1 X182.569 Y52.337 E235.14891
G1 X182.925 Y52.366 E235.16079
G1 X183.264 Y52.367 E235.17207
G1 X183.554 Y52.343 E235.18174
G1 X183.888 Y52.288 E235.193
G1 X184.256 Y52.196 E235.20562
G1 X184.642 Y52.046 E235.21939
G1 X184.905 Y51.917 E235.22914
G1 X185.185 Y51.752 E235.23994
G1 X185.448 Y51.564 E235.2507
G1 X185.675 Y51.373 E235.26056
G1 X185.889 Y51.161 E235.27058
G1 X186.16 Y50.842 E235.2845
G1 X186.416 Y50.449 E235.3001
G1 X186.601 Y50.066 E235.31425
G1 X186.708 Y49.788 E235.32416
G1 X186.807 Y49.439 E235.33623
G1 X186.884 Y49.002 E235.35098
G1 X186.907 Y48.718 E235.36046
G1 X186.905 Y48.375 E235.37187
G1 X186.877 Y48.086 E235.38153
G1 X186.82 Y47.756 E235.39266
G1 X186.744 Y47.463 E235.40273
G1 X186.633 Y47.148 E235.41384
G1 X186.504 Y46.862 E235.42428
G1 X186.366 Y46.612 E235.43377
G1 X186.181 Y46.333 E235.44491
G1 X185.994 Y46.097 E235.45492
G1 X185.776 Y45.863 E235.46556
G1 X185.535 Y45.645 E235.47637
G1 X185.284 Y45.454 E235.48686
G1 X185.009 Y45.279 E235.4977
G1 X184.728 Y45.132 E235.50825
G1 X184.453 Y45.016 E235.51817
G1 X184.071 Y44.89 E235.53155
G1 X183.585 Y44.793 E235.54804
G1 X183.2 Y44.771 E235.56086
G1 X182.885 Y44.776 E235.57134
G1 X182.506 Y44.814 E235.58401
G1 X182.109 Y44.903 E235.59754
G1 X181.828 Y44.992 E235.60735
G1 X181.522 Y45.118 E235.61835
G1 X181.249 Y45.254 E235.6285
G1 X180.918 Y45.46 E235.64146
G1 X180.572 Y45.74 E235.65627
G1 X180.315 Y45.974 E235.66783
G1 X179.95 Y46.197 E235.68205
G1 X179.608 Y46.333 E235.6943
G1 X179.168 Y46.42 E235.70921
G1 X178.819 Y46.424 E235.72082
G1 X178.464 Y46.371 E235.73276
G1 X171.487 Y44.501 E235.97301
G1 X171.126 Y44.333 E235.98625
G1 X170.922 Y44.181 E235.99471
G1 X170.618 Y43.807 E236.01074
G1 X170.499 Y43.548 E236.02022
G1 X170.426 Y43.231 E236.03104
G1 X170.431 Y42.853 E236.04361
G1 X170.553 Y42.385 E236.0597
G1 X170.733 Y42.135 E236.06995
G1 X168.711 Y40.105 E236.16524
G1 X168.684 Y40.031 E236.16786
G1 X168.728 Y39.87 E236.17342
G1 X172.84 Y35.756 E236.36688
G1 X171.427 Y34.343 E236.43334
G1 X167.282 Y38.487 E236.62829
G1 X167.153 Y38.5 E236.6326
G1 X167.057 Y38.457 E236.6361
G1 X165.064 Y36.464 E236.72984
G1 X156.862 Y44.666 E237.11564
G1 X158.893 Y46.703 E237.21131
G1 X158.886 Y46.884 E237.21734
G1 X154.741 Y51.03 E237.41233
G1 X156.154 Y52.443 E237.47879
M204 S2000
G0 F9000 X156.154 Y52.061
G0 X160.396 Y47.878
G0 X161.095 Y48.568
G0 X162.79 Y48.467
G0 X162.652 Y48.247
M204 S500
;TYPE:SKIN
G1 F1800 X161.542 Y47.138 E237.53098
G1 X161.163 Y46.88 E237.54623
G1 X160.687 Y46.747 E237.56267
G1 X160.453 Y46.73 E237.57047
G1 X160.434 Y46.399 E237.5815
G1 X160.28 Y46.008 E237.59547
G1 X160.037 Y45.637 E237.61022
G1 X159.07 Y44.666 E237.6558
G1 X160.763 Y42.974 E237.73541
G1 X160.729 Y43.173 E237.74213
G1 X160.751 Y43.702 E237.75974
G1 X160.806 Y44.053 E237.77155
G1 X160.89 Y44.37 E237.78246
G1 X161.117 Y44.91 E237.80194
G1 X161.464 Y45.375 E237.82124
G1 X161.65 Y45.592 E237.83075
G1 X162.15 Y45.999 E237.85219
G1 X162.506 Y46.19 E237.86563
G1 X163.111 Y46.385 E237.88677
G1 X163.456 Y46.454 E237.89847
G1 X163.782 Y46.454 E237.90931
G1 X164.351 Y46.402 E237.92832
G1 X164.713 Y46.307 E237.94077
G1 X165.329 Y46.036 E237.96315
G1 X165.678 Y45.791 E237.97733
G1 X166.168 Y45.339 E237.9995
G1 X166.57 Y44.71 E238.02433
G1 X166.8 Y43.936 E238.05119
G1 X166.84 Y43.59 E238.06277
G1 X166.823 Y42.995 E238.08257
G1 X166.754 Y42.641 E238.09457
G1 X166.664 Y42.35 E238.1047
G1 X166.533 Y42.041 E238.11586
G1 X166.182 Y41.473 E238.13807
G1 X165.974 Y41.256 E238.14807
G1 X165.467 Y40.822 E238.17026
G1 X165.179 Y40.669 E238.18111
G1 X164.688 Y40.474 E238.19868
G1 X164.211 Y40.366 E238.21495
G1 X163.834 Y40.339 E238.22752
G1 X163.38 Y40.356 E238.24263
G1 X165.064 Y38.673 E238.32182
G1 X166.04 Y39.649 E238.36773
G1 X166.329 Y39.841 E238.37927
G1 X166.64 Y39.977 E238.39056
G1 X166.892 Y40.039 E238.39919
G1 X167.128 Y40.056 E238.40706
G1 X167.145 Y40.293 E238.41496
G1 X167.299 Y40.809 E238.43287
G1 X167.55 Y41.153 E238.44703
G1 X168.913 Y42.524 E238.51133
G1 X168.866 Y42.876 E238.52314
G1 X168.868 Y43.406 E238.54077
G1 X169.025 Y44.079 E238.56376
G1 X169.251 Y44.565 E238.58158
G1 X169.431 Y44.826 E238.59213
G1 X169.822 Y45.288 E238.61226
G1 X170.108 Y45.536 E238.62485
G1 X170.49 Y45.761 E238.6396
G1 X170.809 Y45.912 E238.65133
G1 X171.076 Y46.006 E238.66075
G1 X178.15 Y47.903 E238.90434
G1 X178.674 Y47.978 E238.92195
G1 X179.279 Y47.982 E238.94207
G1 X180.152 Y47.812 E238.97165
G1 X180.096 Y48.036 E238.97933
G1 X180.061 Y48.323 E238.98895
G1 X180.057 Y48.881 E239.00751
G1 X180.173 Y49.411 E239.02556
G1 X180.319 Y49.823 E239.04009
G1 X180.429 Y50.04 E239.04819
G1 X169.494 Y47.115 E239.42467
G1 X168.792 Y46.965 E239.44855
G1 X168.506 Y46.92 E239.45818
G1 X167.81 Y46.855 E239.48143
G1 X167.419 Y46.843 E239.49444
G1 X166.949 Y46.852 E239.51007
G1 X166.367 Y46.899 E239.52949
G1 X165.537 Y47.034 E239.55746
G1 X164.86 Y47.212 E239.58074
G1 X164.203 Y47.44 E239.60387
G1 X163.637 Y47.686 E239.6244
G1 X163.033 Y48.004 E239.6471
G1 X162.652 Y48.247 E239.66213
M204 S2000
G0 F9000 X162.791 Y48.467
G0 X160.273 Y46.911
G0 X160.178 Y46.455
G0 X160.615 Y46.347
M204 S500
G1 F1800 X160.853 Y46.584 E239.67331
M204 S2000
G0 F9000 X160.727 Y47.028
G0 X160.273 Y46.911
G0 X158.802 Y44.666
G0 X161.05 Y42.442
G0 X162.466 Y45.878
G0 X162.247 Y46.281
M204 S500
G1 F1800 X163.498 Y47.533 E239.73217
M204 S2000
G0 F9000 X163.127 Y47.727
M204 S500
G1 F1800 X159.709 Y44.309 E239.89294
M204 S2000
G0 F9000 X159.426 Y44.592
M204 S500
G1 F1800 X162.768 Y47.934 E240.05014
M204 S2000
G0 F9000 X163.015 Y48.324
G0 X164.071 Y47.78
G0 X163.888 Y47.357
M204 S500
G1 F1800 X163.119 Y46.588 E240.08631
M204 S2000
G0 F9000 X163.75 Y46.653
M204 S500
G1 F1800 X163.956 Y46.859 E240.096
G1 X164.292 Y47.195 E240.11181
M204 S2000
G0 F9000 X164.713 Y47.05
M204 S500
G1 F1800 X164.269 Y46.606 E240.13269
M204 S2000
G0 F9000 X164.734 Y46.506
M204 S500
G1 F1800 X165.156 Y46.927 E240.15252
M204 S2000
G0 F9000 X165.612 Y46.818
M204 S500
G1 F1800 X165.134 Y46.34 E240.175
M204 S2000
G0 F9000 X165.512 Y46.152
M204 S500
G1 F1800 X166.098 Y46.739 E240.20259
M204 S2000
G0 F9000 X166.604 Y46.678
M204 S500
G1 F1800 X165.841 Y45.915 E240.23848
M204 S2000
G0 F9000 X166.134 Y45.643
M204 S500
G1 F1800 X167.138 Y46.647 E240.2857
M204 S2000
G0 F9000 X167.708 Y46.652
M204 S500
G1 F1800 X166.4 Y45.343 E240.34725
M204 S2000
G0 F9000 X166.621 Y44.999
M204 S500
G1 F1800 X168.324 Y46.702 E240.42735
M204 S2000
G0 F9000 X168.99 Y46.802
M204 S500
G1 F1800 X166.807 Y44.619 E240.53004
M204 S2000
G0 F9000 X166.935 Y44.182
M204 S500
G1 F1800 X169.722 Y46.968 E240.6611
M204 S2000
G0 F9000 X170.494 Y47.175
M204 S500
G1 F1800 X167.024 Y43.705 E240.82432
M204 S2000
G0 F9000 X167.025 Y43.14
M204 S500
G1 F1800 X171.266 Y47.381 E241.02381
M204 S2000
G0 F9000 X172.039 Y47.588
M204 S500
G1 F1800 X170.379 Y45.928 E241.10189
M204 S2000
G0 F9000 X171.287 Y46.27
M204 S500
G1 F1800 X172.811 Y47.794 E241.17357
M204 S2000
G0 F9000 X173.584 Y48.001
M204 S500
G1 F1800 X172.06 Y46.478 E241.24523
M204 S2000
G0 F9000 X172.833 Y46.685
M204 S500
G1 F1800 X174.356 Y48.208 E241.31687
M204 S2000
G0 F9000 X175.128 Y48.414
M204 S500
G1 F1800 X173.606 Y46.892 E241.38846
M204 S2000
G0 F9000 X174.378 Y47.099
M204 S500
G1 F1800 X175.9 Y48.621 E241.46005
M204 S2000
G0 F9000 X176.673 Y48.828
M204 S500
G1 F1800 X175.151 Y47.306 E241.53164
M204 S2000
G0 F9000 X175.924 Y47.514
M204 S500
G1 F1800 X177.445 Y49.035 E241.60318
M204 S2000
G0 F9000 X178.217 Y49.241
M204 S500
G1 F1800 X176.697 Y47.721 E241.67468
M204 S2000
G0 F9000 X177.469 Y47.927
M204 S500
G1 F1800 X178.989 Y49.447 E241.74618
M204 S2000
G0 F9000 X179.762 Y49.655
M204 S500
G1 F1800 X178.222 Y48.114 E241.81864
M204 S2000
G0 F9000 X178.851 Y48.178
M204 S500
G1 F1800 X179.937 Y49.264 E241.86972
M204 S2000
G0 F9000 X179.855 Y48.616
M204 S500
G1 F1800 X179.404 Y48.165 E241.89093
M204 S2000
G0 F9000 X179.316 Y47.712
G0 X172.059 Y45.36
G0 X169.457 Y44.392
G0 X169.038 Y44.588
M204 S500
G1 F1800 X166.903 Y42.452 E241.99138
M204 S2000
G0 F9000 X166.466 Y42.587
G0 X163.367 Y40.555
G0 X162.834 Y40.659
G0 X165.064 Y38.405
G0 X167.308 Y39.876
G0 X167.683 Y40.896
G0 X167.313 Y41.165
M204 S500
G1 F1800 X166.044 Y39.897 E242.05105
M204 S2000
G0 F9000 X166.292 Y39.509
G0 X165.064 Y38.405
G0 X162.834 Y40.659
G0 X164.621 Y40.726
G0 X164.735 Y40.284
M204 S500
G1 F1800 X164.292 Y39.841 E242.07188
G1 X164.291 Y39.84
G1 X164.234 Y39.783 E242.07456
M204 S2000
G0 F9000 X163.951 Y40.066
M204 S500
G1 F1800 X164.038 Y40.153 E242.07866
M204 S2000
G0 F9000 X164.518 Y39.501
M204 S500
G1 F1800 X168.735 Y43.718 E242.27701
M204 S2000
G0 F9000 X168.668 Y43.086
M204 S500
G1 F1800 X164.801 Y39.218 E242.45893
M204 S2000
G0 F9000 X164.476 Y38.892
G0 X159.95 Y43.418
G0 X160.274 Y43.743
M204 S500
G1 F1800 X160.508 Y43.977 E242.46993
G1 X160.509 Y43.978
G1 X160.606 Y44.075 E242.4745
M204 S2000
G0 F9000 X159.992 Y44.026
M204 S500
G1 F1800 X160.911 Y44.945 E242.51772
M204 S2000
G0 F9000 X161.623 Y44.649
G1 F2400 E241.71772
;MESH:part_3.stl
G0 F9000 X161.05 Y42.442
G0 X158.802 Y44.666
G0 X160.273 Y46.911
G0 X162.625 Y48.491
G0 X165.88 Y48.334
G0 X166.095 Y49.398
G0 X165.867 Y53.475
G0 X165.865 Y54.56
G0 X170.39 Y55.606
M204 S500
;TYPE:WALL-INNER
G1 F2400 E242.51772
G1 F1425.7 X170.641 Y55.596 E242.52827
G1 F1417.3 X171.107 Y55.613 E242.54797
M204 S2000
G0 F9000 X169.413 Y56.695
G0 X168.998 Y57.127
G0 X168.085 Y59.297
G0 X169.54 Y60.957
G0 X165.772 Y61.538
M204 S500
G1 F1800 X175.769 Y61.563 E242.88047
G1 X175.775 Y59.469 E242.95012
G1 X175.898 Y59.083 E242.96359
G1 X176.101 Y58.825 E242.97451
G1 X176.361 Y58.654 E242.98486
G1 X176.78 Y58.566 E242.9991
G1 F1804.5 X181.778 Y58.576 E243.16492
G1 X181.779 Y58.177 E243.17816
G1 X176.78 Y58.166 E243.34401
G1 F1800 X176.362 Y58.075 E243.35824
G1 X176.104 Y57.902 E243.36857
G1 X175.972 Y57.752 E243.37522
G1 X175.833 Y57.482 E243.38532
G1 X175.788 Y57.276 E243.39233
G1 X175.786 Y55.165 E243.46254
G1 X165.788 Y55.14 E243.79508
G1 X165.779 Y57.236 E243.86479
G1 X165.66 Y57.62 E243.87816
G1 X165.457 Y57.877 E243.88906
G1 X165.197 Y58.048 E243.89941
G1 F1791 X164.867 Y58.136 E243.91082
G1 X159.78 Y58.126 E244.08086
G1 F1800 X159.779 Y58.525 E244.09413
G1 F1791 X164.865 Y58.538 E244.26414
G1 X165.196 Y58.627 E244.2756
G1 F1800 X165.454 Y58.801 E244.28595
G1 X165.586 Y58.95 E244.29257
G1 X165.711 Y59.183 E244.30136
G1 X165.775 Y59.472 E244.31121
G1 X165.772 Y61.538 E244.37992
M204 S2000
G0 F9000 X165.371 Y61.938
M204 S500
G1 F1800 X176.169 Y61.964 E244.73907
G1 X176.179 Y59.487 E244.82145
G1 X176.29 Y59.21 E244.83138
G1 X176.526 Y59.019 E244.84148
G1 X176.779 Y58.966 E244.85007
G1 X182.176 Y58.976 E245.02958
G1 X182.18 Y57.778 E245.06943
G1 X176.781 Y57.766 E245.249
G1 X176.53 Y57.711 E245.25754
G1 X176.375 Y57.608 E245.26373
G1 X176.253 Y57.45 E245.27037
G1 X176.184 Y57.21 E245.27868
G1 X176.187 Y54.765 E245.36
G1 X165.388 Y54.739 E245.71918
G1 X165.381 Y57.197 E245.80093
G1 X165.336 Y57.372 E245.80694
G1 X165.188 Y57.581 E245.81546
G1 X165.032 Y57.684 E245.82168
G1 X164.833 Y57.736 E245.82852
G1 X159.381 Y57.725 E246.00985
G1 X159.377 Y58.924 E246.04973
G1 X164.829 Y58.938 E246.23107
G1 X165.028 Y58.991 E246.23792
G1 X165.183 Y59.095 E246.24412
G1 X165.337 Y59.325 E246.25333
G1 X165.375 Y59.498 E246.25922
G1 X165.371 Y61.938 E246.34038
M204 S2000
G0 F9000 X165.642 Y61.67
G0 X166.173 Y61.139
M204 S500
G1 F1786.6 X169.841 Y61.145 E246.46329
G1 F1487.6 X170.219 Y61.068 E246.47881
G1 X169.875 Y60.892 E246.49436
G1 F1786.6 X169.557 Y60.756 E246.50595
G1 F1800 X169.323 Y60.622 E246.51492
G1 X169.087 Y60.453 E246.52458
G1 X168.822 Y60.217 E246.53638
G1 X168.53 Y59.853 E246.5519
G1 X168.333 Y59.496 E246.56546
G1 X168.24 Y59.255 E246.57405
G1 X168.089 Y58.64 E246.59512
G1 X168.081 Y58.384 E246.60364
G1 X168.101 Y57.998 E246.61649
G1 X168.216 Y57.472 E246.6344
G1 X168.426 Y57.02 E246.65098
G1 X168.695 Y56.63 E246.66673
G1 X168.945 Y56.374 E246.67864
G1 X169.203 Y56.166 E246.68966
G1 X169.513 Y55.971 E246.70184
G1 X169.851 Y55.818 E246.71418
G1 F1678.3 X170.41 Y55.598 E246.73561
G1 X169.812 Y55.55 E246.75701
G1 F1800 X166.187 Y55.541 E246.87758
G1 X166.184 Y57.328 E246.93701
G1 X166.073 Y57.685 E246.94945
G1 X165.913 Y57.965 E246.96017
G1 X165.727 Y58.173 E246.96945
G1 X165.474 Y58.339 E246.97952
G1 X165.725 Y58.507 E246.98956
G1 X165.91 Y58.716 E246.99885
G1 X166.085 Y59.042 E247.01115
G1 X166.174 Y59.446 E247.02491
G1 X166.173 Y61.139 E247.08122
M204 S2000
G0 F9000 X169.54 Y60.957
G0 X169.868 Y60.472
M204 S500
G1 F1800 X169.432 Y60.225 E247.09789
G1 X169.088 Y59.918 E247.11322
G1 X168.88 Y59.658 E247.1243
G1 X168.646 Y59.237 E247.14032
G1 X168.474 Y58.532 E247.16445
G1 X168.498 Y58.051 E247.18047
G1 X168.602 Y57.605 E247.1957
G1 X168.789 Y57.188 E247.21091
G1 X168.981 Y56.91 E247.22214
G1 X169.316 Y56.567 E247.23809
G1 X169.726 Y56.31 E247.25418
G1 X169.967 Y56.2 E247.26299
G1 X170.512 Y56.034 E247.28194
G1 X171.19 Y56.08 E247.30455
G1 X171.662 Y56.232 E247.32104
G1 X171.889 Y56.338 E247.32937
G1 X172.203 Y56.536 E247.34172
G1 X172.563 Y56.888 E247.35846
G1 X172.855 Y57.358 E247.37687
G1 X173.045 Y57.905 E247.39613
G1 X173.1 Y58.666 E247.4215
G1 X172.802 Y59.465 E247.44987
G1 X172.494 Y59.876 E247.46695
G1 X172.319 Y60.056 E247.4753
G1 X172.019 Y60.296 E247.48808
G1 X171.692 Y60.469 E247.50038
G1 X171.09 Y60.657 E247.52136
G1 X170.459 Y60.636 E247.54236
G1 X169.868 Y60.472 E247.56276
M204 S2000
G0 F9000 X170.013 Y60.095
M204 S500
G1 F1800 X169.668 Y59.898 E247.57597
G1 X169.28 Y59.554 E247.59322
G1 X169.021 Y59.089 E247.61092
G1 X168.883 Y58.495 E247.6312
G1 X168.894 Y58.104 E247.64421
G1 X168.981 Y57.733 E247.65689
G1 X169.194 Y57.264 E247.67402
G1 X169.566 Y56.883 E247.69173
G1 X170.011 Y56.604 E247.7092
G1 X170.577 Y56.439 E247.72881
G1 X171.114 Y56.476 E247.74671
G1 X171.608 Y56.635 E247.76397
G1 X171.956 Y56.854 E247.77765
G1 X172.246 Y57.138 E247.79115
G1 X172.494 Y57.53 E247.80658
G1 X172.649 Y57.984 E247.82253
G1 X172.694 Y58.61 E247.84341
G1 X172.45 Y59.269 E247.86678
G1 X172.128 Y59.695 E247.88454
G1 X171.769 Y59.983 E247.89985
G1 X171.573 Y60.087 E247.90723
G1 X171.019 Y60.254 E247.92647
G1 X170.52 Y60.238 E247.94308
G1 X170.013 Y60.095 E247.9606
M204 S2000
G0 F9000 X170.219 Y61.068
M204 S500
G1 F1343.3 X170.563 Y61.095 E247.97598
G1 F1422.9 X170.947 Y61.103 E247.99214
G1 F1403.5 X171.199 Y61.093 E248.00289
G1 F1460.4 X171.392 Y61.121 E248.01089
G1 F1670.5 X171.857 Y61.154 E248.0276
G1 F1800 X175.37 Y61.162 E248.14444
G1 X175.375 Y59.43 E248.20205
G1 X175.439 Y59.144 E248.21179
G1 X175.585 Y58.804 E248.2241
G1 X175.832 Y58.529 E248.23639
G1 X176.084 Y58.363 E248.24643
G1 X175.833 Y58.196 E248.25646
G1 X175.648 Y57.987 E248.26574
G1 X175.453 Y57.608 E248.27992
G1 X175.386 Y57.267 E248.29148
G1 X175.385 Y55.564 E248.34812
G1 X171.831 Y55.555 E248.46633
G1 F1769 X171.456 Y55.562 E248.47902
G1 F1538.5 X171.107 Y55.613 E248.49274
G1 F1561.8 X171.785 Y55.851 E248.52029
G1 F1800 X172.102 Y55.999 E248.53192
G1 X172.329 Y56.143 E248.54087
G1 X172.562 Y56.327 E248.55074
G1 X172.755 Y56.516 E248.55972
G1 X172.95 Y56.754 E248.56996
G1 X173.223 Y57.174 E248.58662
G1 X173.401 Y57.714 E248.60553
G1 X173.453 Y58.005 E248.61536
G1 X173.484 Y58.431 E248.62957
G1 X173.469 Y58.819 E248.64248
G1 X173.196 Y59.552 E248.6685
G1 X173.038 Y59.818 E248.67879
G1 X172.813 Y60.116 E248.69121
G1 X172.569 Y60.368 E248.70287
G1 X172.269 Y60.608 E248.71565
G1 X171.811 Y60.851 E248.7329
G1 F1558.4 X171.199 Y61.093 E248.75818
M204 S2000
G1 F2400 E247.95818
G0 F9000 X169.801 Y60.319
G0 X170.151 Y59.713
M204 S500
;TYPE:WALL-OUTER
G1 F2400 E248.75818
G1 F1800 X169.885 Y59.556 E248.76845
G1 X169.596 Y59.3 E248.78129
G1 X169.407 Y58.961 E248.7942
G1 X169.281 Y58.455 E248.81155
G1 X169.291 Y58.156 E248.8215
G1 X169.36 Y57.861 E248.83157
G1 X169.53 Y57.492 E248.84509
G1 X169.84 Y57.183 E248.85964
G1 X170.174 Y56.973 E248.87277
G1 X170.603 Y56.845 E248.88766
G1 X171.06 Y56.879 E248.9029
G1 X171.462 Y57.015 E248.91701
G1 X171.689 Y57.158 E248.92594
G1 X171.943 Y57.408 E248.93779
G1 X172.132 Y57.702 E248.94941
G1 X172.253 Y58.066 E248.96217
G1 X172.285 Y58.553 E248.97841
G1 X172.102 Y59.058 E248.99627
G1 X171.854 Y59.395 E249.01019
G1 X171.492 Y59.693 E249.02578
G1 X170.985 Y59.85 E249.04343
G1 X170.607 Y59.84 E249.05601
G1 X170.151 Y59.713 E249.07176
M204 S2000
G1 F2400 E248.27176
G0 F9000 X169.801 Y60.319
G0 X169.889 Y61.045
G0 X165.241 Y62.069
G0 X164.97 Y62.337
M204 S500
G1 F2400 E249.07176
G1 F1800 X176.568 Y62.365 E249.45751
G1 X176.576 Y59.539 E249.5515
G1 X176.613 Y59.447 E249.5548
G1 X176.713 Y59.366 E249.55908
G1 X182.575 Y59.378 E249.75405
G1 X182.582 Y57.379 E249.82054
G1 X176.782 Y57.366 E250.01345
G1 X176.647 Y57.314 E250.01826
G1 X176.586 Y57.206 E250.02238
G1 X176.588 Y54.366 E250.11684
G1 X164.989 Y54.338 E250.50263
G1 X164.983 Y57.157 E250.59639
G1 X164.918 Y57.285 E250.60116
G1 X164.8 Y57.337 E250.60545
G1 X158.983 Y57.324 E250.79893
G1 X158.976 Y59.323 E250.86542
G1 X164.838 Y59.337 E251.06039
G1 X164.971 Y59.493 E251.06721
G1 X164.97 Y62.337 E251.1618
M204 S2000
G0 F9000 X165.241 Y62.069
G0 X166.274 Y60.778
G0 X166.534 Y60.779
M204 S500
;TYPE:SKIN
G1 F1800 X166.534 Y59.422 E251.20693
G1 X166.474 Y59.019 E251.22048
G1 X166.216 Y58.526 E251.23899
G1 X166.058 Y58.341 E251.24708
G1 X166.19 Y58.195 E251.25363
G1 X166.414 Y57.802 E251.26867
G1 X166.541 Y57.393 E251.28292
G1 X166.546 Y55.902 E251.33251
G1 X168.947 Y55.91 E251.41237
G1 X168.691 Y56.12 E251.42338
G1 X168.439 Y56.377 E251.43535
G1 X168.094 Y56.875 E251.4555
G1 X167.882 Y57.333 E251.47229
G1 X167.745 Y57.944 E251.49311
G1 X167.722 Y58.371 E251.50734
G1 X167.736 Y58.707 E251.51852
G1 X167.891 Y59.347 E251.54042
G1 X168.01 Y59.658 E251.5515
G1 X168.211 Y60.024 E251.56539
G1 X168.559 Y60.461 E251.58397
G1 X168.92 Y60.787 E251.60014
G1 X166.534 Y60.779 E251.6795
M204 S2000
G0 F9000 X166.732 Y60.384
M204 S500
G1 F1800 X166.928 Y60.579 E251.6887
M204 S2000
G0 F9000 X167.496 Y60.582
M204 S500
G1 F1800 X166.732 Y59.818 E251.72464
M204 S2000
G0 F9000 X166.705 Y59.225
M204 S500
G1 F1800 X168.065 Y60.584 E251.78858
M204 S2000
G0 F9000 X167.873 Y59.827
M204 S500
G1 F1800 X166.357 Y58.311 E251.85989
M204 S2000
G0 F9000 X166.563 Y57.951
M204 S500
G1 F1800 X167.596 Y58.984 E251.90848
M204 S2000
G0 F9000 X167.522 Y58.345
M204 S500
G1 F1800 X166.706 Y57.529 E251.94686
M204 S2000
G0 F9000 X166.743 Y57
M204 S500
G1 F1800 X167.565 Y57.822 E251.98553
M204 S2000
G0 F9000 X167.666 Y57.357
M204 S500
G1 F1800 X166.744 Y56.435 E252.02889
M204 S2000
G0 F9000 X166.979 Y56.104
M204 S500
G1 F1800 X167.836 Y56.961 E252.0692
M204 S2000
G0 F9000 X168.038 Y56.598
M204 S500
G1 F1800 X167.546 Y56.106 E252.09235
M204 S2000
G0 F9000 X168.113 Y56.107
M204 S500
G1 F1800 X168.273 Y56.268 E252.0999
M204 S2000
G0 F9000 X168.629 Y56.553
G0 X168.639 Y58.523
G0 X168.797 Y59.178
G0 X169.091 Y59.703
G0 X169.524 Y60.09
G0 X169.924 Y60.32
G0 X171.997 Y60.963
G0 X172.65 Y61.055
G0 X172.651 Y60.794
M204 S500
G1 F1800 X173.086 Y60.353 E252.1205
G1 X173.339 Y60.016 E252.13451
G1 X173.524 Y59.7 E252.14669
G1 X173.762 Y59.068 E252.16916
G1 X173.831 Y58.751 E252.17995
G1 X173.842 Y58.401 E252.19159
G1 X173.813 Y57.983 E252.20553
G1 X173.749 Y57.618 E252.21785
G1 X173.562 Y57.068 E252.23718
G1 X173.427 Y56.828 E252.24633
G1 X173.254 Y56.558 E252.257
G1 X173.023 Y56.273 E252.2692
G1 X172.818 Y56.073 E252.27873
G1 X172.622 Y55.916 E252.28708
G1 X175.025 Y55.924 E252.367
G1 X175.027 Y57.304 E252.4129
G1 X175.11 Y57.713 E252.42678
G1 X175.276 Y58.102 E252.44085
G1 X175.499 Y58.36 E252.45219
G1 X175.274 Y58.618 E252.46358
G1 X175.1 Y59.019 E252.47812
G1 X175.017 Y59.384 E252.49057
G1 X175.01 Y60.801 E252.5377
G1 X172.651 Y60.794 E252.61616
M204 S2000
G0 F9000 X173.401 Y60.264
M204 S500
G1 F1800 X173.637 Y60.5 E252.62726
G1 X173.638 Y60.501
G1 X173.733 Y60.596 E252.63173
M204 S2000
G0 F9000 X174.3 Y60.597
M204 S500
G1 F1800 X173.622 Y59.92 E252.6636
M204 S2000
G0 F9000 X173.799 Y59.531
M204 S500
G1 F1800 X174.81 Y60.542 E252.71115
M204 S2000
G0 F9000 X174.813 Y59.979
M204 S500
G1 F1800 X173.953 Y59.119 E252.7516
M204 S2000
G0 F9000 X174.03 Y58.63
M204 S500
G1 F1800 X174.817 Y59.417 E252.78862
M204 S2000
G0 F9000 X174.912 Y58.947
M204 S500
G1 F1800 X174.016 Y58.051 E252.83076
M204 S2000
G0 F9000 X173.859 Y57.328
M204 S500
G1 F1800 X175.086 Y58.554 E252.88846
M204 S2000
G0 F9000 X174.955 Y57.858
M204 S500
G1 F1800 X173.533 Y56.436 E252.95534
G1 X173.532 Y56.435
G1 X173.216 Y56.119 E252.97021
M204 S2000
G0 F9000 X173.784 Y56.121
M204 S500
G1 F1800 X174.827 Y57.165 E253.01929
M204 S2000
G0 F9000 X174.825 Y56.597
M204 S500
G1 F1800 X174.35 Y56.122 E253.04163
M204 S2000
G0 F9000 X174.352 Y55.361
G1 F2400 E252.24163
;MESH:part_1.stl
G0 F9000 X176.373 Y54.578
G0 X176.375 Y53.498
G0 X183.673 Y53.2
G0 X184.522 Y53.021
G0 X185.655 Y52.478
G0 X186.533 Y51.739
G0 X187.176 Y50.864
G0 X187.529 Y50.061
G0 X187.741 Y49.125
G0 X187.734 Y47.96
G0 X187.442 Y46.841
G0 X186.889 Y45.833
G0 X186.243 Y45.144
G0 X180.194 Y39.549
G0 X180.221 Y38.246
M204 S500
;TYPE:WALL-INNER
G1 F2400 E253.04163
G1 F1860.5 X180.616 Y38.346 E253.05474
G1 F1666.7 X180.994 Y38.359 E253.06833
G1 F1515.8 X181.291 Y38.351 E253.08006
M204 S2000
G0 F9000 X183.535 Y37.59
M204 S500
G1 F1800 X195.093 Y37.592 E253.46448
G1 X194.899 Y37.19 E253.47933
G1 X194.741 Y36.688 E253.49683
G1 X194.663 Y36.152 E253.51485
G1 X194.695 Y35.606 E253.53304
G1 X194.74 Y35.328 E253.54241
G1 X194.849 Y34.919 E253.55649
G1 X195.092 Y34.394 E253.57573
G1 X183.529 Y34.396 E253.96031
G1 X183.676 Y34.679 E253.97092
G1 X183.814 Y35.034 E253.98359
G1 X183.885 Y35.283 E253.9922
G1 X183.936 Y35.554 E254.00137
G1 X183.959 Y35.834 E254.01072
G1 X183.954 Y36.242 E254.02429
G1 X183.921 Y36.525 E254.03376
G1 X183.854 Y36.823 E254.04392
G1 X183.757 Y37.11 E254.054
G1 X183.535 Y37.59 E254.07159
M204 S2000
G0 F9000 X182.694 Y37.99
M204 S500
G1 F1800 X195.937 Y37.991 E254.51205
G1 X195.666 Y37.715 E254.52492
G1 X195.405 Y37.327 E254.54047
G1 X195.281 Y37.07 E254.54996
G1 X195.132 Y36.596 E254.56649
G1 X195.064 Y36.135 E254.58199
G1 X195.1 Y35.532 E254.60208
G1 X195.23 Y35.047 E254.61878
G1 X195.433 Y34.611 E254.63477
G1 X195.656 Y34.293 E254.64769
G1 X195.946 Y33.994 E254.66155
G1 X182.732 Y33.995 E255.10105
G1 X183.023 Y34.338 E255.11601
G1 X183.269 Y34.736 E255.13157
G1 X183.476 Y35.268 E255.15056
G1 X183.56 Y35.721 E255.16588
G1 X183.553 Y36.335 E255.1863
G1 X183.441 Y36.84 E255.20351
G1 X183.158 Y37.45 E255.22587
G1 X182.924 Y37.76 E255.23879
G1 X182.694 Y37.99 E255.24961
M204 S2000
G0 F9000 X181.291 Y38.351
M204 S500
G1 F1625.3 X182.01 Y38.391 E255.27614
G1 F1800 X197.043 Y38.391 E255.77614
G1 F1694.1 X197.547 Y38.366 E255.79397
G1 X196.971 Y38.184 E255.81532
G1 F1800 X196.666 Y38.045 E255.82646
G1 X196.301 Y37.793 E255.84122
G1 X195.981 Y37.465 E255.85646
G1 X195.688 Y37.032 E255.87385
G1 X195.537 Y36.553 E255.89055
G1 X195.466 Y36.122 E255.90508
G1 X195.496 Y35.597 E255.92257
G1 X195.606 Y35.189 E255.93662
G1 X195.779 Y34.815 E255.95033
G1 X196.02 Y34.47 E255.96433
G1 X196.434 Y34.087 E255.98308
G1 X196.774 Y33.888 E255.99619
G1 F1710.2 X197.355 Y33.636 E256.01836
G1 X196.83 Y33.593 E256.0368
G1 F1800 X181.594 Y33.595 E256.54355
G1 F1698.1 X181.05 Y33.619 E256.56275
G1 F1651.4 X181.686 Y33.786 E256.58658
G1 F1747.6 X182.156 Y34.057 E256.60517
G1 F1800 X182.634 Y34.469 E256.62616
G1 X182.909 Y34.915 E256.64359
G1 X183.088 Y35.374 E256.65997
G1 X183.16 Y35.76 E256.67303
G1 X183.153 Y36.292 E256.69073
G1 X183.058 Y36.716 E256.70518
G1 X182.813 Y37.244 E256.72454
G1 X182.57 Y37.565 E256.73793
G1 F1710.2 X182.061 Y38.017 E256.76176
G1 F1551.7 X181.291 Y38.351 E256.79414
M204 S2000
G0 F9000 X180.07 Y38.052
G0 X179.409 Y37.67
G0 X179.101 Y37.355
G0 X178.834 Y36.959
G0 X178.629 Y36.11
G0 X178.658 Y35.618
G0 X178.92 Y34.897
G0 X179.144 Y34.577
G0 X180.2 Y33.742
M204 S500
G1 F1870.1 X180.441 Y33.671 E256.80219
G1 F1714.3 X180.87 Y33.613 E256.8173
G1 F1629 X181.05 Y33.619 E256.82392
M204 S2000
G0 F9000 X197.372 Y33.637
M204 S500
G1 F1621.6 X197.94 Y33.617 E256.84491
G1 F1822.8 X198.292 Y33.703 E256.85681
M204 S2000
G0 F9000 X199.057 Y34.185
G0 X199.512 Y34.58
G0 X199.765 Y34.988
G0 X199.933 Y35.419
G0 X199.999 Y35.779
G0 X199.991 Y36.272
G0 X199.905 Y36.66
G0 X199.672 Y37.161
G0 X199.47 Y37.427
G0 X198.44 Y38.242
M204 S500
G1 F1956.5 X198.27 Y38.298 E256.86228
G1 F1855.7 X197.868 Y38.359 E256.8754
G1 F1682.2 X197.547 Y38.366 E256.88683
M204 S2000
G0 F9000 X196.88 Y37.703
M204 S500
;TYPE:WALL-OUTER
G1 F1800 X196.547 Y37.472 E256.90031
G1 X196.301 Y37.22 E256.91202
G1 X196.052 Y36.855 E256.92672
G1 X195.912 Y36.401 E256.94252
G1 X195.869 Y36.078 E256.95336
G1 X195.899 Y35.639 E256.96799
G1 X195.991 Y35.308 E256.97942
G1 X196.121 Y35.029 E256.98966
G1 X196.34 Y34.72 E257.00225
G1 X196.693 Y34.399 E257.01812
G1 X197.009 Y34.217 E257.03025
G1 X197.414 Y34.077 E257.0445
G1 X197.933 Y34.027 E257.06185
G1 X198.21 Y34.087 E257.07127
G1 F1490.7 X198.56 Y34.08 E257.08533
G1 F1304.3 X198.978 Y34.33 E257.10769
G1 F1363.6 X199.368 Y34.688 E257.13093
G1 F1400.8 X199.595 Y35.061 E257.14959
G1 F1422.9 X199.75 Y35.469 E257.16795
G1 F1440 X199.808 Y35.79 E257.18152
G1 F1442.9 X199.801 Y36.27 E257.20143
G1 F1434.3 X199.732 Y36.582 E257.21477
G1 F1414.5 X199.518 Y37.065 E257.23713
G1 F1387.3 X199.329 Y37.326 E257.25104
G1 F1350.8 X198.905 Y37.716 E257.27657
G1 F1297.3 X198.689 Y37.826 E257.28776
G1 F1487.6 X198.301 Y37.885 E257.30355
G1 F1800 X198.212 Y37.916 E257.30668
G1 X197.602 Y37.945 E257.327
G1 X197.137 Y37.82 E257.34301
G1 X196.88 Y37.703 E257.3524
M204 S2000
G1 F2400 E256.5524
G0 F9000 X196.434 Y38.163
G0 X180.129 Y38.308
G0 X180.032 Y38.591
M204 S500
G1 F2400 E257.3524
G1 F1760.4 X180.338 Y38.695 E257.36339
G1 F1800 X180.715 Y38.769 E257.37617
G1 X180.977 Y38.791 E257.38492
G1 X197.718 Y38.791 E257.94173
G1 X198.192 Y38.729 E257.95763
G1 F1777.8 X198.62 Y38.585 E257.97283
G1 F1472.4 X198.917 Y38.347 E257.98831
G1 F1290.3 X199.127 Y38.227 E257.99953
G1 F1313.9 X199.407 Y38.004 E258.01584
G1 F1326 X199.593 Y37.821 E258.02762
G1 F1345.8 X199.811 Y37.568 E258.04248
G1 F1376.7 X200.001 Y37.256 E258.05836
G1 F1403.5 X200.201 Y36.807 E258.07933
G1 F1425.7 X200.296 Y36.331 E258.09971
G1 F1428.6 X200.32 Y35.979 E258.1145
G1 F1425.7 X200.292 Y35.637 E258.12891
G1 F1431.4 X200.247 Y35.381 E258.13978
G1 F1422.9 X200.103 Y34.92 E258.1601
G1 F1400.8 X199.875 Y34.517 E258.17989
G1 F1363.6 X199.664 Y34.229 E258.19556
G1 F1328.4 X199.416 Y33.989 E258.21112
G1 F1299.6 X199.108 Y33.751 E258.22905
G1 F1276.6 X198.82 Y33.574 E258.2449
G1 F1269.8 X198.776 Y33.555 E258.24716
G1 F1371.4 X198.463 Y33.344 E258.26364
G1 F1632.7 X198.179 Y33.261 E258.27449
G1 F1800 X197.925 Y33.216 E258.28307
G1 X197.659 Y33.194 E258.29194
G1 X180.835 Y33.195 E258.85151
G1 X180.333 Y33.282 E258.86846
G1 X180.063 Y33.386 E258.87808
G1 F1572.1 X179.839 Y33.536 E258.88835
G1 F1333.3 X179.679 Y33.66 E258.89744
G1 F1281.1 X179.406 Y33.829 E258.91244
G1 F1304.3 X179.135 Y34.07 E258.92909
G1 F1348.3 X178.825 Y34.422 E258.94991
G1 F1382 X178.572 Y34.828 E258.97064
G1 F1403.5 X178.377 Y35.392 E258.99609
G1 F1420.1 X178.321 Y35.842 E259.01521
G1 F1431.4 X178.329 Y36.223 E259.03115
G1 F1434.3 X178.38 Y36.592 E259.0467
G1 F1428.6 X178.524 Y37.029 E259.06598
G1 F1414.5 X178.647 Y37.278 E259.07774
G1 F1384.6 X178.89 Y37.666 E259.09753
G1 F1338.3 X179.311 Y38.073 E259.12373
G1 F1299.6 X179.528 Y38.234 E259.13617
G1 F1281.1 X179.705 Y38.335 E259.1457
G1 F1460.4 X180.032 Y38.591 E259.16272
M204 S2000
G0 F9000 X179.847 Y37.775
M204 S500
G1 F1313.9 X179.538 Y37.554 E259.18003
G1 F1355.9 X179.24 Y37.244 E259.19902
G1 F1400.8 X179.006 Y36.875 E259.21769
G1 F1431.4 X178.865 Y36.428 E259.23729
G1 F1440 X178.82 Y36.099 E259.2511
G1 F1442.9 X178.844 Y35.657 E259.26947
G1 F1431.4 X178.933 Y35.313 E259.28433
G1 F1414.5 X179.08 Y34.984 E259.29958
G1 F1384.6 X179.268 Y34.705 E259.31413
G1 F1353.4 X179.618 Y34.356 E259.33599
G1 F1306.7 X179.955 Y34.152 E259.35404
G1 F1493.8 X180.33 Y34.102 E259.3692
G1 F1800 X180.414 Y34.077 E259.37212
G1 X180.918 Y34.03 E259.38895
G1 X181.524 Y34.154 E259.40952
G1 X181.935 Y34.395 E259.42537
G1 X182.328 Y34.734 E259.44263
G1 X182.541 Y35.079 E259.45612
G1 X182.695 Y35.468 E259.47003
G1 X182.756 Y35.776 E259.48048
G1 X182.754 Y36.224 E259.49538
G1 X182.669 Y36.604 E259.50833
G1 X182.476 Y37.019 E259.52355
G1 X182.286 Y37.277 E259.53421
G1 X181.84 Y37.678 E259.55416
G1 X181.216 Y37.915 E259.57636
G1 X180.59 Y37.943 E259.5972
G1 X180.321 Y37.872 E259.60645
G1 F1582.4 X180.114 Y37.87 E259.61429
G1 F1348.3 X179.847 Y37.775 E259.62687
M204 S2000
G0 F9000 X179.756 Y37.973
G0 X180.583 Y38.189
G0 X181.142 Y38.16
G0 X184.095 Y37.49
G0 X184.096 Y37.23
M204 S500
;TYPE:SKIN
G1 F1800 X184.202 Y36.92 E259.63777
G1 X184.271 Y36.611 E259.6483
G1 X184.313 Y36.262 E259.65999
G1 X184.319 Y35.82 E259.67469
G1 X184.293 Y35.499 E259.6854
G1 X184.242 Y35.22 E259.69483
G1 X184.108 Y34.756 E259.7109
G1 X194.521 Y34.754 E260.05724
G1 X194.387 Y35.254 E260.07445
G1 X194.337 Y35.57 E260.08509
G1 X194.309 Y36.028 E260.10036
G1 X194.324 Y36.313 E260.10985
G1 X194.387 Y36.755 E260.1247
G1 X194.535 Y37.232 E260.14131
G1 X184.096 Y37.23 E260.48851
M204 S2000
G0 F9000 X184.449 Y36.805
M204 S500
G1 F1800 X184.673 Y37.029 E260.49905
M204 S2000
G0 F9000 X185.239 Y37.029
M204 S500
G1 F1800 X184.51 Y36.3 E260.53334
M204 S2000
G0 F9000 X184.509 Y35.734
M204 S500
G1 F1800 X185.805 Y37.029 E260.59427
M204 S2000
G0 F9000 X186.37 Y37.029
M204 S500
G1 F1800 X184.418 Y35.077 E260.68609
M204 S2000
G0 F9000 X184.863 Y34.957
M204 S500
G1 F1800 X186.936 Y37.029 E260.78357
M204 S2000
G0 F9000 X187.502 Y37.029
M204 S500
G1 F1800 X185.429 Y34.957 E260.88106
M204 S2000
G0 F9000 X185.995 Y34.957
M204 S500
G1 F1800 X188.068 Y37.03 E260.97857
M204 S2000
G0 F9000 X188.634 Y37.03
M204 S500
G1 F1800 X186.56 Y34.957 E261.0761
M204 S2000
G0 F9000 X187.126 Y34.957
M204 S500
G1 F1800 X189.199 Y37.03 E261.1736
M204 S2000
G0 F9000 X189.765 Y37.03
M204 S500
G1 F1800 X187.691 Y34.956 E261.27116
M204 S2000
G0 F9000 X188.257 Y34.956
M204 S500
G1 F1800 X190.331 Y37.03 E261.36871
M204 S2000
G0 F9000 X190.896 Y37.03
M204 S500
G1 F1800 X188.822 Y34.956 E261.46627
M204 S2000
G0 F9000 X189.388 Y34.956
M204 S500
G1 F1800 X191.463 Y37.031 E261.56387
M204 S2000
G0 F9000 X192.028 Y37.031
M204 S500
G1 F1800 X189.954 Y34.956 E261.66145
M204 S2000
G0 F9000 X190.52 Y34.956
M204 S500
G1 F1800 X192.594 Y37.031 E261.75903
M204 S2000
G0 F9000 X193.16 Y37.031
M204 S500
G1 F1800 X191.085 Y34.955 E261.85665
M204 S2000
G0 F9000 X191.65 Y34.955
M204 S500
G1 F1800 X193.726 Y37.031 E261.9543
M204 S2000
G0 F9000 X194.209 Y36.949
M204 S500
G1 F1800 X192.216 Y34.955 E262.04807
M204 S2000
G0 F9000 X192.782 Y34.955
M204 S500
G1 F1800 X194.122 Y36.295 E262.1111
M204 S2000
G0 F9000 X194.125 Y35.733
M204 S500
G1 F1800 X193.347 Y34.955 E262.14769
M204 S2000
G0 F9000 X193.913 Y34.955
M204 S500
G1 F1800 X194.186 Y35.228 E262.16053
M204 S2000
G0 F9000 X194.941 Y35.351
G1 F2400 E261.36053
;MESH:NONMESH
G0 F300 X194.941 Y35.351 Z1.2
G0 F9000 X194.798 Y34.572
G0 X180.785 Y33.802
G0 X180.338 Y33.845
G0 X180.084 Y33.936
G0 X178.955 Y34.512
G0 X178.026 Y33.952
G0 X171.427 Y33.135
G0 X162.753 Y33.454
G0 X162.124 Y32.571
G0 X158.202 Y32.615
G0 X158.287 Y32.329
;TIME_ELAPSED:496.795115
;LAYER:5
M204 S500
;TYPE:WALL-INNER
;MESH:part_2.stl
G1 F2400 E262.16053
G1 F1800 X158.015 Y32.248 E262.16997
G1 X157.656 Y32.107 E262.1828
G1 X157.394 Y31.979 E262.1925
G1 X157.093 Y31.802 E262.20411
G1 X156.787 Y31.582 E262.21665
G1 X156.511 Y31.345 E262.22875
G1 X156.279 Y31.111 E262.23971
G1 X156.055 Y30.841 E262.25138
G1 X155.872 Y30.583 E262.2619
G1 X155.684 Y30.265 E262.27418
G1 X155.535 Y29.954 E262.28565
G1 X155.425 Y29.672 E262.29572
G1 X155.324 Y29.338 E262.30733
G1 X155.225 Y28.797 E262.32562
G1 X155.199 Y28.38 E262.33952
G1 X155.215 Y27.93 E262.35449
G1 X155.259 Y27.598 E262.36563
G1 X155.336 Y27.25 E262.37749
G1 X155.435 Y26.929 E262.38866
G1 X155.621 Y26.489 E262.40455
G1 X155.796 Y26.167 E262.41674
G1 X155.97 Y25.904 E262.42722
G1 X156.189 Y25.622 E262.4391
G1 X156.592 Y25.206 E262.45836
G1 X156.948 Y24.929 E262.47337
G1 X157.266 Y24.724 E262.48595
G1 X157.713 Y24.498 E262.50261
G1 X158.02 Y24.382 E262.51353
G1 X158.341 Y24.287 E262.52466
G1 X158.881 Y24.191 E262.5429
G1 X159.413 Y24.155 E262.56064
G1 X159.892 Y24.197 E262.57663
G1 X160.225 Y24.256 E262.58788
G1 X160.533 Y24.336 E262.59846
G1 X160.887 Y24.459 E262.61093
G1 X161.187 Y24.589 E262.6218
G1 X161.634 Y24.851 E262.63903
G1 X161.913 Y25.049 E262.65041
G1 X162.184 Y25.284 E262.66234
G1 X162.389 Y25.488 E262.67196
G1 X162.63 Y25.773 E262.68438
G1 X162.836 Y26.065 E262.69626
G1 X163.023 Y26.386 E262.70862
G1 X163.23 Y26.831 E262.72494
G1 X163.373 Y27.297 E262.74115
G1 X163.446 Y27.654 E262.75327
G1 X163.486 Y27.981 E262.76423
G1 X163.498 Y28.31 E262.77518
G1 X163.486 Y28.666 E262.78703
G1 X163.446 Y28.989 E262.79785
G1 X163.364 Y29.368 E262.81075
G1 X163.277 Y29.663 E262.82098
G1 X163.064 Y30.166 E262.83915
G1 X162.891 Y30.478 E262.85101
G1 X162.642 Y30.84 E262.86563
G1 X162.379 Y31.151 E262.87917
G1 X162.143 Y31.386 E262.89025
G1 X161.88 Y31.605 E262.90163
G1 X161.527 Y31.856 E262.91604
G1 X161.167 Y32.05 E262.92964
G1 X160.848 Y32.188 E262.9412
G1 X160.527 Y32.299 E262.9525
G1 X160.143 Y32.391 E262.96563
G1 X159.792 Y32.443 E262.97743
G1 X159.349 Y32.465 E262.99219
G1 X159 Y32.453 E263.0038
G1 X158.683 Y32.414 E263.01442
G1 X158.287 Y32.329 E263.02789
M204 S2000
G0 F9000 X158.202 Y32.615
G0 X159.353 Y32.707
G0 X160.17 Y32.629
G0 X161.156 Y32.301
G0 X162.664 Y31.435
M204 S500
G1 F1909.8 X162.147 Y31.872 E263.04912
G1 F2099.1 X161.717 Y32.173 E263.06408
G1 F2117.6 X161.33 Y32.384 E263.07655
G1 F2105.3 X160.983 Y32.534 E263.0873
G1 F2093 X160.557 Y32.681 E263.10019
G1 F2063 X160.113 Y32.775 E263.11336
G1 F2045.5 X159.725 Y32.823 E263.1248
G1 F2051.3 X159.35 Y32.84 E263.13576
G1 F2069 X158.978 Y32.825 E263.14653
G1 F2057.1 X158.5 Y32.762 E263.16056
G1 F2051.3 X158.218 Y32.697 E263.16901
G1 F2069 X157.872 Y32.594 E263.17945
G1 X157.528 Y32.459 E263.19015
G1 F2045.5 X157.267 Y32.336 E263.19859
G1 X156.863 Y32.098 E263.21231
G1 F2069 X156.555 Y31.875 E263.22332
G1 X156.27 Y31.631 E263.23417
G1 X156.003 Y31.363 E263.24512
G1 F2051.3 X155.749 Y31.06 E263.25666
G1 X155.562 Y30.791 E263.26622
G1 F2057.1 X155.303 Y30.36 E263.28086
G1 F2039.7 X155.055 Y29.754 E263.30008
G1 F2057.1 X154.964 Y29.433 E263.30979
G1 F2069 X154.864 Y28.913 E263.32511
G1 F2063 X154.825 Y28.41 E263.33975
G1 F2045.5 X154.829 Y28.086 E263.34923
G1 X154.89 Y27.539 E263.36534
G1 F2063 X154.948 Y27.263 E263.37353
G1 X155.077 Y26.818 E263.38697
G1 F2069 X155.284 Y26.328 E263.40236
G1 F2074.9 X155.457 Y26.008 E263.41286
G1 X155.663 Y25.691 E263.42377
G1 F2069 X155.91 Y25.374 E263.4354
G1 F2033.9 X156.14 Y25.127 E263.44533
G1 F2045.5 X156.345 Y24.929 E263.45367
G1 F2057.1 X156.563 Y24.749 E263.4619
G1 F2028.2 X157.027 Y24.428 E263.47855
G1 F2057.1 X157.55 Y24.163 E263.49562
G1 F2074.9 X157.905 Y24.027 E263.50659
G1 F2080.9 X158.257 Y23.925 E263.51713
G1 F2051.3 X158.59 Y23.856 E263.52706
G1 F2022.5 X159.047 Y23.803 E263.54067
G1 F2087 X159.434 Y23.787 E263.55179
G1 F2130.2 X159.943 Y23.829 E263.56614
G1 F2111.4 X160.308 Y23.894 E263.57665
G1 F2074.9 X160.637 Y23.975 E263.58643
G1 F2033.9 X161.24 Y24.197 E263.60534
G1 X161.746 Y24.473 E263.62231
G1 F2074.9 X162.144 Y24.757 E263.63641
G1 F1935.5 X162.675 Y25.209 E263.65798
M204 S2000
G0 F9000 X163.474 Y26.793
G0 X163.724 Y27.966
G0 X163.677 Y29.053
G0 X163.497 Y29.758
G0 X163.114 Y30.575
G0 X162.574 Y31.294
G0 X161.669 Y32.05
G0 X160.587 Y32.529
G0 X158.482 Y32.839
G0 X158.43 Y33.133
M204 S500
G1 F1800 X158.947 Y33.197 E263.67531
G1 X159.366 Y33.215 E263.68926
G1 X159.77 Y33.196 E263.70271
G1 X160.19 Y33.143 E263.71679
G1 X160.561 Y33.063 E263.72942
G1 X160.928 Y32.954 E263.74215
G1 X161.322 Y32.8 E263.75622
G1 X161.682 Y32.624 E263.76955
G1 X162.032 Y32.413 E263.78314
G1 X162.37 Y32.173 E263.79693
G1 X162.691 Y31.911 E263.81071
G1 X163.12 Y31.607 E263.8282
G1 X163.457 Y31.404 E263.84128
G1 X163.885 Y31.194 E263.85714
G1 X164.474 Y30.967 E263.87813
G1 X165.022 Y30.831 E263.89691
G1 X165.342 Y30.774 E263.90772
G1 X165.687 Y30.734 E263.91927
G1 X166.156 Y30.716 E263.93488
G1 X180.213 Y30.714 E264.40242
G1 F1756.1 X180.584 Y30.703 E264.41508
G1 F1603.6 X180.87 Y30.673 E264.42581
G1 F1551.7 X181.433 Y30.689 E264.44754
G1 F1600 X181.725 Y30.659 E264.45853
G1 F1592.9 X182.114 Y30.56 E264.47361
G1 F1596.5 X182.475 Y30.405 E264.48835
G1 F1592.9 X182.8 Y30.187 E264.50305
G1 X183.098 Y29.92 E264.51809
G1 F1596.5 X183.273 Y29.7 E264.52863
G1 F1592.9 X183.483 Y29.354 E264.54385
G1 X183.646 Y28.95 E264.56022
G1 F1589.4 X183.71 Y28.511 E264.57693
G1 F1592.9 X183.725 Y28.139 E264.59092
G1 F1585.9 X183.622 Y27.646 E264.60993
G1 F1589.4 X183.469 Y27.251 E264.62589
G1 F1582.4 X183.339 Y27.018 E264.63598
G1 F1578.9 X183.091 Y26.696 E264.6514
G1 F1589.4 X182.65 Y26.323 E264.67315
G1 F1596.5 X182.131 Y26.065 E264.69489
G1 X181.723 Y25.966 E264.71063
G1 F1585.9 X181.389 Y25.946 E264.72326
G1 F1555.1 X180.935 Y25.951 E264.74074
G1 F1585.9 X180.764 Y25.936 E264.74722
G1 F1718.4 X180.241 Y25.918 E264.76545
G1 F1800 X166.221 Y25.918 E265.23176
G1 X165.677 Y25.897 E265.24987
G1 X165.245 Y25.844 E265.26434
G1 X164.732 Y25.734 E265.28179
G1 X164.174 Y25.561 E265.30122
G1 X163.693 Y25.348 E265.31872
G1 X163.267 Y25.119 E265.33481
G1 X162.881 Y24.866 E265.35016
G1 X162.275 Y24.387 E265.37585
G1 X161.858 Y24.102 E265.39265
G1 X161.313 Y23.821 E265.41304
G1 X160.744 Y23.614 E265.43318
G1 X160.228 Y23.495 E265.45079
G1 X159.852 Y23.443 E265.46342
G1 X159.409 Y23.418 E265.47818
G1 X159.022 Y23.427 E265.49105
G1 X158.527 Y23.482 E265.50762
G1 X158.017 Y23.6 E265.52503
G1 X157.621 Y23.73 E265.53889
G1 X157.246 Y23.89 E265.55245
G1 X156.833 Y24.105 E265.56794
G1 X156.33 Y24.451 E265.58824
G1 X155.871 Y24.858 E265.60865
G1 X155.497 Y25.28 E265.6274
G1 X155.221 Y25.679 E265.64354
G1 X155.003 Y26.055 E265.65799
G1 X154.835 Y26.406 E265.67094
G1 X154.698 Y26.772 E265.68393
G1 X154.583 Y27.176 E265.6979
G1 X154.505 Y27.577 E265.71149
G1 X154.451 Y28.068 E265.72792
G1 X154.456 Y28.587 E265.74518
G1 X154.498 Y29.005 E265.75916
G1 X154.57 Y29.388 E265.77212
G1 X154.697 Y29.872 E265.78876
G1 X154.923 Y30.431 E265.80882
G1 X155.168 Y30.872 E265.8256
G1 X155.449 Y31.289 E265.84232
G1 X155.796 Y31.688 E265.85991
G1 X156.027 Y31.915 E265.87068
G1 X156.324 Y32.169 E265.88368
G1 X156.657 Y32.41 E265.89735
G1 X157.093 Y32.672 E265.91427
G1 X157.563 Y32.879 E265.93135
G1 X157.933 Y33.006 E265.94436
G1 X158.43 Y33.133 E265.96142
M204 S2000
G0 F9000 X158.482 Y32.839
G0 X160.587 Y32.529
G0 X161.669 Y32.05
G0 X163.859 Y30.343
M204 S500
G1 F1800 X164.192 Y30.216 E265.97327
G1 X164.785 Y30.064 E265.99364
G1 X165.184 Y29.989 E266.00714
G1 X165.612 Y29.937 E266.02148
G1 X166.101 Y29.916 E266.03776
G1 X167.571 Y29.915 E266.08665
G1 X167.359 Y29.655 E266.09781
G1 X167.194 Y29.36 E266.10905
G1 X167.079 Y29.078 E266.11918
G1 X166.979 Y28.743 E266.13081
G1 X166.956 Y27.993 E266.15576
G1 X167.097 Y27.501 E266.17279
G1 X167.258 Y27.144 E266.18581
G1 X167.445 Y26.852 E266.19735
G1 X167.579 Y26.717 E266.20367
G1 X166.221 Y26.718 E266.24884
G1 X165.542 Y26.688 E266.27145
G1 X165.027 Y26.618 E266.28873
G1 X164.612 Y26.529 E266.30285
G1 X163.87 Y26.311 E266.32857
G1 X164.03 Y26.693 E266.34235
G1 X164.141 Y27.073 E266.35551
G1 X164.222 Y27.444 E266.36814
G1 X164.283 Y27.907 E266.38368
G1 X164.298 Y28.304 E266.39689
G1 X164.284 Y28.715 E266.41057
G1 X164.221 Y29.202 E266.4269
G1 X164.131 Y29.594 E266.44028
G1 X164.034 Y29.925 E266.45175
G1 X163.859 Y30.343 E266.46682
M204 S2000
G0 F9000 X162.696 Y31.396
M204 S500
G1 F1795.5 X163.327 Y31.02 E266.49131
G1 F1800 X163.709 Y30.834 E266.50544
G1 X164.315 Y30.597 E266.52709
G1 X164.951 Y30.437 E266.5489
G1 X165.295 Y30.377 E266.56051
G1 X165.65 Y30.336 E266.5724
G1 X166.117 Y30.316 E266.58795
G1 X168.682 Y30.315 E266.67326
G1 F1751.8 X169.096 Y30.304 E266.68741
G1 X168.693 Y30.209 E266.70156
G1 F1800 X168.267 Y30.003 E266.7173
G1 X167.976 Y29.766 E266.72978
G1 X167.802 Y29.582 E266.7382
G1 X167.564 Y29.208 E266.75295
G1 X167.379 Y28.756 E266.76919
G1 X167.356 Y28.034 E266.79322
G1 X167.48 Y27.614 E266.80778
G1 X167.596 Y27.359 E266.8171
G1 X167.782 Y27.067 E266.82862
G1 X168.073 Y26.771 E266.84242
G1 X168.361 Y26.58 E266.85392
G1 X168.596 Y26.465 E266.86262
G1 F1782.2 X169.001 Y26.323 E266.87704
G1 X166.114 Y26.316 E266.97402
G1 F1800 X165.649 Y26.296 E266.9895
G1 X165.122 Y26.229 E267.00717
G1 X164.617 Y26.117 E267.02437
G1 X164.012 Y25.927 E267.04546
G1 X163.531 Y25.714 E267.06296
G1 X163.028 Y25.442 E267.08198
G1 X162.675 Y25.209 E267.09605
G1 X162.947 Y25.529 E267.11002
G1 X163.18 Y25.86 E267.12348
G1 X163.339 Y26.127 E267.13382
G1 X163.623 Y26.726 E267.15586
G1 X163.757 Y27.185 E267.17177
G1 X163.83 Y27.525 E267.18333
G1 X163.885 Y27.944 E267.19739
G1 X163.898 Y28.355 E267.21107
G1 X163.885 Y28.691 E267.22225
G1 X163.842 Y29.044 E267.23408
G1 X163.748 Y29.481 E267.24894
G1 X163.655 Y29.794 E267.2598
G1 X163.416 Y30.357 E267.28015
G1 X163.221 Y30.705 E267.29342
G1 X162.972 Y31.067 E267.30803
G1 F1795.5 X162.696 Y31.396 E267.32235
M204 S2000
G0 F9000 X164.368 Y30.746
G0 X168.33 Y29.924
G0 X168.52 Y29.694
M204 S500
G1 F1800 X168.229 Y29.456 E267.33485
G1 X167.966 Y29.134 E267.34868
G1 X167.785 Y28.69 E267.36463
G1 X167.756 Y28.101 E267.38424
G1 X167.888 Y27.645 E267.40003
G1 X168.119 Y27.282 E267.41434
G1 X168.294 Y27.105 E267.42262
G1 X168.652 Y26.867 E267.43692
G1 X169.128 Y26.716 E267.45353
G1 X174.434 Y26.719 E267.63001
G1 X174.879 Y26.796 E267.64503
G1 X175.367 Y27.074 E267.66371
G1 X175.583 Y27.284 E267.67373
G1 X175.818 Y27.671 E267.68878
G1 X175.923 Y28.026 E267.7011
G1 X175.949 Y28.423 E267.71433
G1 X175.863 Y28.857 E267.72905
G1 X175.578 Y29.353 E267.74807
G1 X175.229 Y29.647 E267.76325
G1 X174.877 Y29.834 E267.77651
G1 X174.472 Y29.915 E267.79024
G1 X169.243 Y29.915 E267.96416
G1 X168.776 Y29.817 E267.98003
G1 X168.52 Y29.694 E267.98948
M204 S2000
G0 F9000 X169.096 Y30.304
M204 S500
G1 F1751.8 X169.306 Y30.315 E267.99666
G1 F1800 X174.408 Y30.315 E268.16636
G1 F1760.4 X174.607 Y30.305 E268.17313
M204 S2000
G0 F9000 X176.123 Y29.915
M204 S500
G1 F1800 X179.15 Y29.913 E268.27381
G1 X178.916 Y29.484 E268.29007
G1 X178.78 Y29.128 E268.30274
G1 X178.654 Y28.581 E268.32141
G1 X178.65 Y28.319 E268.33013
G1 X178.697 Y27.835 E268.3463
G1 X178.787 Y27.436 E268.3599
G1 X178.955 Y27.073 E268.37321
G1 X179.168 Y26.718 E268.38698
G1 X176.111 Y26.717 E268.48865
G1 X176.267 Y26.868 E268.49587
G1 X176.461 Y27.187 E268.50829
G1 X176.598 Y27.486 E268.51923
G1 X176.714 Y27.906 E268.53372
G1 X176.753 Y28.449 E268.55183
G1 X176.664 Y28.932 E268.56817
G1 X176.51 Y29.336 E268.58255
G1 X176.326 Y29.658 E268.59488
G1 X176.123 Y29.915 E268.60577
M204 S2000
G0 F9000 X174.607 Y30.305
M204 S500
G1 F1760.4 X175.183 Y30.315 E268.62537
G1 F1800 X180.167 Y30.312 E268.79113
G1 X179.703 Y29.935 E268.81102
G1 X179.456 Y29.638 E268.82387
G1 X179.267 Y29.292 E268.83698
G1 X179.17 Y29.038 E268.84602
G1 X179.038 Y28.468 E268.86548
G1 X179.107 Y27.756 E268.88928
G1 X179.299 Y27.278 E268.90641
G1 X179.521 Y26.905 E268.92085
G1 X179.874 Y26.537 E268.93781
G1 X180.205 Y26.318 E268.95101
G1 X175.217 Y26.317 E269.11691
G1 F1773.4 X174.733 Y26.327 E269.13325
G1 X175.168 Y26.501 E269.14907
G1 F1800 X175.565 Y26.726 E269.16424
G1 X175.925 Y27.076 E269.18094
G1 X176.189 Y27.51 E269.19784
G1 X176.316 Y27.952 E269.21314
G1 X176.351 Y28.439 E269.22938
G1 X176.273 Y28.849 E269.24326
G1 X176.163 Y29.138 E269.25354
G1 X175.979 Y29.46 E269.26588
G1 X175.729 Y29.777 E269.2793
G1 X175.416 Y30 E269.29209
G1 X175.141 Y30.146 E269.30244
G1 F1791 X174.87 Y30.245 E269.31209
G1 F1751.8 X174.607 Y30.305 E269.32131
M204 S2000
G0 F9000 X175.441 Y29.806
G0 X175.778 Y29.487
G0 X176.088 Y28.945
G0 X176.189 Y28.464
G0 X176.16 Y27.958
G0 X176.034 Y27.565
G0 X175.707 Y27.033
G0 X174.643 Y26.329
M204 S500
G1 F1743.3 X174.434 Y26.318 E269.32849
G1 F1795.5 X169.208 Y26.316 E269.50274
G1 F1764.7 X169.033 Y26.323 E269.50869
M204 S2000
G0 F9000 X174.522 Y26.48
G0 X174.977 Y26.576
G0 X175.671 Y26.974
G0 X176.794 Y29.032
G0 X176.49 Y29.735
G0 X180.868 Y30.454
G0 X180.898 Y30.197
M204 S500
G1 F1572.1 X180.308 Y29.912 E269.53364
G1 F1718.4 X179.955 Y29.624 E269.54951
G1 F1800 X179.807 Y29.446 E269.55721
G1 X179.577 Y29.024 E269.5732
G1 X179.444 Y28.416 E269.5939
G1 X179.492 Y27.925 E269.6103
G1 X179.606 Y27.546 E269.62347
G1 X179.84 Y27.151 E269.63874
G1 X180.163 Y26.814 E269.65426
G1 X180.381 Y26.67 E269.66295
G1 F1655.2 X180.975 Y26.416 E269.68632
G1 F1548.4 X181.602 Y26.4 E269.71057
G1 F1585.9 X182.027 Y26.512 E269.72716
G1 F1603.6 X182.385 Y26.691 E269.74211
G1 F1600 X182.839 Y27.076 E269.76438
G1 F1603.6 X183.14 Y27.584 E269.78643
G1 F1607.1 X183.28 Y28.217 E269.81058
G1 F1610.7 X183.23 Y28.744 E269.83025
G1 F1614.3 X183.051 Y29.226 E269.84932
G1 F1610.7 X182.768 Y29.617 E269.86726
G1 F1592.9 X182.521 Y29.827 E269.87944
G1 F1589.4 X182.264 Y30.015 E269.89144
G1 F1610.7 X181.817 Y30.182 E269.90917
G1 F1589.4 X181.441 Y30.246 E269.92354
G1 F1531.9 X180.898 Y30.197 E269.94485
M204 S2000
G0 F9000 X180.918 Y29.757
M204 S500
;TYPE:WALL-OUTER
G1 F1800 X180.51 Y29.56 E269.95992
G1 X180.178 Y29.29 E269.97415
G1 X179.956 Y28.884 E269.98954
G1 X179.849 Y28.413 E270.0056
G1 X179.899 Y27.929 E270.02179
G1 X179.987 Y27.687 E270.03035
G1 X180.176 Y27.379 E270.04237
G1 X180.483 Y27.059 E270.05712
G1 X181.05 Y26.844 E270.07729
G1 X181.528 Y26.826 E270.0932
G1 X181.895 Y26.916 E270.10577
G1 X182.133 Y27.035 E270.11462
G1 X182.501 Y27.352 E270.13077
G1 X182.737 Y27.741 E270.14591
G1 X182.85 Y28.25 E270.16325
G1 X182.818 Y28.621 E270.17563
G1 X182.664 Y29.04 E270.19048
G1 X182.438 Y29.349 E270.20321
G1 X182.047 Y29.644 E270.2195
G1 X181.713 Y29.772 E270.2314
G1 X181.45 Y29.815 E270.24026
G1 X180.918 Y29.757 E270.25806
M204 S2000
G1 F2400 E269.45806
G0 F9000 X180.622 Y30.389
G0 X169.218 Y30.154
G0 X168.367 Y29.954
G0 X168.811 Y29.415
M204 S500
G1 F2400 E270.25806
G1 F1800 X168.448 Y29.11 E270.27383
G1 X168.304 Y28.904 E270.28219
G1 X168.178 Y28.589 E270.29348
G1 X168.158 Y28.164 E270.30763
G1 X168.255 Y27.814 E270.31971
G1 X168.481 Y27.46 E270.33368
G1 X168.85 Y27.224 E270.34824
G1 X169.172 Y27.118 E270.35952
G1 X174.475 Y27.123 E270.5359
G1 X174.772 Y27.196 E270.54607
G1 X175.215 Y27.448 E270.56302
G1 X175.455 Y27.853 E270.57868
G1 X175.527 Y28.086 E270.58679
G1 X175.545 Y28.418 E270.59785
G1 X175.484 Y28.714 E270.6079
G1 X175.269 Y29.09 E270.62231
G1 X175.041 Y29.293 E270.63246
G1 X174.738 Y29.454 E270.64387
G1 X174.443 Y29.513 E270.65388
G1 X169.264 Y29.511 E270.82613
G1 X168.811 Y29.415 E270.84153
M204 S2000
G1 F2400 E270.04153
G0 F9000 X168.367 Y29.954
G0 X164.368 Y30.746
G0 X162.043 Y31.782
G0 X161.266 Y32.265
G0 X160.17 Y32.629
G0 X159.2 Y32.679
G0 X158.201 Y32.615
G0 X158.401 Y31.945
M204 S500
G1 F2400 E270.84153
G1 F1800 X158.114 Y31.859 E270.8515
G1 X157.848 Y31.755 E270.861
G1 X157.557 Y31.612 E270.87178
G1 X157.298 Y31.458 E270.88181
G1 X157.03 Y31.264 E270.89281
G1 X156.793 Y31.061 E270.90319
G1 X156.585 Y30.853 E270.91297
G1 X156.381 Y30.609 E270.92355
G1 X156.204 Y30.36 E270.93371
G1 X156.044 Y30.091 E270.94412
G1 X155.914 Y29.823 E270.95403
G1 X155.793 Y29.51 E270.96519
G1 X155.711 Y29.235 E270.97473
G1 X155.623 Y28.752 E270.99106
G1 X155.599 Y28.392 E271.00306
G1 X155.612 Y27.98 E271.01677
G1 X155.65 Y27.683 E271.02673
G1 X155.72 Y27.364 E271.03759
G1 X155.804 Y27.084 E271.04732
G1 X155.982 Y26.661 E271.06258
G1 X156.13 Y26.387 E271.07294
G1 X156.304 Y26.125 E271.0834
G1 X156.494 Y25.882 E271.09366
G1 X156.858 Y25.505 E271.11109
G1 X157.178 Y25.257 E271.12455
G1 X157.449 Y25.08 E271.13532
G1 X157.856 Y24.872 E271.15052
G1 X158.148 Y24.762 E271.1609
G1 X158.442 Y24.675 E271.1711
G1 X158.91 Y24.59 E271.18692
G1 X159.389 Y24.556 E271.20289
G1 X159.842 Y24.596 E271.21802
G1 X160.139 Y24.648 E271.22804
G1 X160.423 Y24.721 E271.2378
G1 X160.717 Y24.822 E271.24814
G1 X161.003 Y24.946 E271.25851
G1 X161.402 Y25.177 E271.27384
G1 X161.67 Y25.368 E271.28479
G1 X161.902 Y25.568 E271.29497
G1 X162.102 Y25.767 E271.30436
G1 X162.317 Y26.023 E271.31548
G1 X162.492 Y26.27 E271.32554
G1 X162.651 Y26.537 E271.33588
G1 X162.878 Y27.029 E271.3539
G1 X162.989 Y27.409 E271.36707
G1 X163.049 Y27.703 E271.37705
G1 X163.088 Y28.018 E271.38761
G1 X163.098 Y28.324 E271.39779
G1 X163.085 Y28.653 E271.40874
G1 X163.05 Y28.934 E271.41816
G1 X162.98 Y29.255 E271.42909
G1 X162.899 Y29.532 E271.43868
G1 X162.721 Y29.957 E271.45401
G1 X162.572 Y30.233 E271.46444
G1 X162.3 Y30.629 E271.48042
G1 X162.106 Y30.858 E271.4904
G1 X161.885 Y31.08 E271.50082
G1 X161.648 Y31.279 E271.51111
G1 X161.321 Y31.511 E271.52445
G1 X160.991 Y31.69 E271.53694
G1 X160.695 Y31.817 E271.54765
G1 X160.412 Y31.915 E271.55761
G1 X160.06 Y31.999 E271.56965
G1 X159.729 Y32.046 E271.58077
G1 X159.339 Y32.065 E271.59375
G1 X159.01 Y32.052 E271.6047
G1 X158.716 Y32.014 E271.61456
G1 X158.401 Y31.945 E271.62529
M204 S2000
G1 F2400 E270.82529
G0 F9000 X158.201 Y32.615
G0 X158.482 Y32.839
G0 X158.356 Y33.527
M204 S500
G1 F2400 E271.62529
G1 F1800 X158.913 Y33.596 E271.64396
G1 X159.35 Y33.615 E271.65851
G1 X159.789 Y33.596 E271.67312
G1 X160.24 Y33.541 E271.68823
G1 X160.675 Y33.447 E271.70303
G1 X161.058 Y33.332 E271.71633
G1 X161.482 Y33.167 E271.73147
G1 X161.886 Y32.968 E271.74645
G1 X162.239 Y32.757 E271.76012
G1 X162.603 Y32.498 E271.77498
G1 X162.955 Y32.213 E271.79005
G1 X163.325 Y31.95 E271.80514
G1 X163.678 Y31.74 E271.81881
G1 X164.075 Y31.547 E271.83349
G1 X164.572 Y31.355 E271.85121
G1 X165.092 Y31.225 E271.86904
G1 X165.389 Y31.172 E271.87907
G1 X165.725 Y31.132 E271.89033
G1 X166.156 Y31.116 E271.90467
G1 X181.454 Y31.114 E272.41348
G1 X181.799 Y31.079 E272.42502
G1 X182.252 Y30.965 E272.44055
G1 X182.676 Y30.78 E272.45594
G1 X183.063 Y30.527 E272.47132
G1 X183.408 Y30.212 E272.48686
G1 X183.623 Y29.946 E272.49823
G1 X183.864 Y29.546 E272.51376
G1 X184.042 Y29.114 E272.5293
G1 X184.136 Y28.552 E272.54826
G1 X184.149 Y28.086 E272.56376
G1 X184.034 Y27.524 E272.58284
G1 X183.862 Y27.084 E272.59855
G1 X183.699 Y26.783 E272.60994
G1 X183.4 Y26.4 E272.6261
G1 X182.886 Y25.964 E272.64852
G1 X182.363 Y25.706 E272.66791
G1 X182.103 Y25.618 E272.67704
G1 X181.787 Y25.542 E272.68785
G1 X181.41 Y25.518 E272.70042
G1 X166.221 Y25.518 E273.20561
G1 X165.692 Y25.497 E273.22321
G1 X165.279 Y25.444 E273.23706
G1 X164.848 Y25.351 E273.25173
G1 X164.336 Y25.195 E273.26953
G1 X163.841 Y24.975 E273.28755
G1 X163.468 Y24.773 E273.30166
G1 X163.11 Y24.538 E273.3159
G1 X162.513 Y24.065 E273.34123
G1 X162.064 Y23.758 E273.35932
G1 X161.474 Y23.454 E273.3814
G1 X160.858 Y23.23 E273.4032
G1 X160.301 Y23.101 E273.42222
G1 X159.892 Y23.044 E273.43595
G1 X159.43 Y23.017 E273.45134
G1 X159.027 Y23.026 E273.46475
G1 X158.459 Y23.087 E273.48375
G1 X157.909 Y23.215 E273.50253
G1 X157.496 Y23.349 E273.51697
G1 X157.089 Y23.521 E273.53167
G1 X156.627 Y23.761 E273.54899
G1 X156.082 Y24.135 E273.57097
G1 X155.587 Y24.575 E273.593
G1 X155.182 Y25.032 E273.61331
G1 X154.891 Y25.45 E273.63025
G1 X154.656 Y25.853 E273.64576
G1 X154.467 Y26.248 E273.66033
G1 X154.322 Y26.632 E273.67398
G1 X154.194 Y27.083 E273.68957
G1 X154.109 Y27.517 E273.70428
G1 X154.051 Y28.048 E273.72205
G1 X154.056 Y28.609 E273.74071
G1 X154.104 Y29.076 E273.75632
G1 X154.175 Y29.461 E273.76934
G1 X154.317 Y29.998 E273.78782
G1 X154.561 Y30.603 E273.80952
G1 X154.818 Y31.068 E273.82719
G1 X155.13 Y31.533 E273.84581
G1 X155.494 Y31.952 E273.86427
G1 X155.746 Y32.201 E273.87605
G1 X156.076 Y32.484 E273.89051
G1 X156.437 Y32.744 E273.90531
G1 X156.909 Y33.028 E273.92363
G1 X157.417 Y33.252 E273.9421
G1 X157.819 Y33.39 E273.95623
G1 X158.356 Y33.527 E273.97467
M204 S2000
G0 F9000 X158.482 Y32.839
G0 X160.587 Y32.529
G0 X161.561 Y32.098
G0 X164.532 Y30.027
G0 X164.47 Y29.774
M204 S500
;TYPE:SKIN
G1 F1800 X164.594 Y29.153 E273.99573
G1 X164.644 Y28.746 E274.00937
G1 X164.658 Y28.307 E274.02398
G1 X164.643 Y27.879 E274.03822
G1 X164.577 Y27.379 E274.05499
G1 X164.464 Y26.861 E274.07263
G1 X164.947 Y26.97 E274.0891
G1 X165.582 Y27.054 E274.1104
G1 X166.22 Y27.079 E274.13164
G1 X166.895 Y27.077 E274.15409
G1 X166.76 Y27.375 E274.16497
G1 X166.642 Y27.777 E274.1789
G1 X166.601 Y28.069 E274.18871
G1 X166.621 Y28.771 E274.21207
G1 X166.737 Y29.195 E274.22669
G1 X166.89 Y29.554 E274.23967
G1 X166.1 Y29.556 E274.26595
G1 X165.593 Y29.577 E274.28282
G1 X165.119 Y29.634 E274.2987
G1 X164.841 Y29.684 E274.3081
G1 X164.47 Y29.774 E274.32079
M204 S2000
G0 F9000 X164.532 Y30.027
G0 X167.199 Y29.735
G0 X166.973 Y29.067
G0 X166.528 Y29.198
M204 S500
G1 F1800 X166.383 Y29.343 E274.32761
M204 S2000
G0 F9000 X165.793 Y29.368
M204 S500
G1 F1800 X166.419 Y28.741 E274.35708
M204 S2000
G0 F9000 X166.402 Y28.193
M204 S500
G1 F1800 X165.169 Y29.426 E274.41508
M204 S2000
G0 F9000 X164.784 Y29.245
M204 S500
G1 F1800 X166.472 Y27.557 E274.49448
M204 S2000
G0 F9000 X166.187 Y27.277
M204 S500
G1 F1800 X164.847 Y28.617 E274.55751
M204 S2000
G0 F9000 X164.848 Y28.05
M204 S500
G1 F1800 X165.641 Y27.257 E274.59481
M204 S2000
G0 F9000 X165.134 Y27.198
M204 S500
G1 F1800 X164.799 Y27.533 E274.61056
M204 S2000
G0 F9000 X164.342 Y27.593
G0 X164.193 Y26.615
G0 X167.176 Y26.896
G0 X167.543 Y28.727
G0 X167.751 Y29.238
G0 X167.997 Y29.572
G0 X168.528 Y30.008
G0 X169.218 Y30.154
G0 X174.493 Y30.154
G0 X174.955 Y30.062
G0 X176.764 Y28.947
G0 X177.422 Y29.129
M204 S500
G1 F1607.1 X177.975 Y29.128 E274.63116
G1 F1640.1 X177.892 Y28.772 E274.64451
G1 F1743.3 X177.894 Y28.262 E274.66202
G1 F1722.5 X177.921 Y27.74 E274.68019
G1 F1636.4 X177.975 Y27.499 E274.68923
G1 X177.422 Y27.499 E274.70946
G1 F1640.1 X177.489 Y27.779 E274.71997
G1 F1739.1 X177.51 Y28.492 E274.74452
G1 F1722.5 X177.473 Y28.863 E274.75748
G1 F1607.1 X177.422 Y29.129 E274.76757
M204 S2000
G0 F9000 X176.813 Y29.555
M204 S500
G1 F1800 X178.559 Y29.553 E274.82564
G1 X178.438 Y29.239 E274.83683
G1 X178.294 Y28.601 E274.85859
G1 X178.291 Y28.296 E274.86873
G1 X178.339 Y27.79 E274.88564
G1 X178.455 Y27.298 E274.90245
G1 X178.557 Y27.078 E274.91052
G1 X176.807 Y27.078 E274.96872
G1 X176.968 Y27.427 E274.98151
G1 X177.078 Y27.871 E274.99672
G1 X177.112 Y28.464 E275.01647
G1 X177.01 Y29.036 E275.0358
G1 X176.813 Y29.555 E275.05426
M204 S2000
G0 F9000 X176.814 Y30.114
G1 F2400 E274.25426
;MESH:part_4.stl
G0 F9000 X166.141 Y30.897
G0 X166.174 Y31.98
G0 X165.826 Y36.003
G0 X165.063 Y36.766
G0 X162.328 Y41.016
M204 S500
;TYPE:WALL-INNER
G1 F2400 E275.05426
G1 F1358.5 X161.961 Y41.325 E275.07541
G1 F1382 X161.495 Y41.834 E275.1053
M204 S2000
G0 F9000 X158.803 Y44.666
G0 X159.87 Y46.787
G0 X156.154 Y51.312
M204 S500
G1 F1804.5 X159.689 Y47.777 E275.27116
G1 X160.047 Y47.546 E275.2853
G1 F1800 X160.351 Y47.484 E275.29562
G1 X160.724 Y47.538 E275.30815
G1 X161.013 Y47.695 E275.31909
G1 X162.565 Y49.236 E275.39183
G1 X163.04 Y48.895 E275.41128
G1 X163.389 Y48.678 E275.42495
G1 X163.958 Y48.375 E275.44639
G1 X164.491 Y48.143 E275.46573
G1 X165.161 Y47.916 E275.48925
G1 X165.801 Y47.757 E275.51119
G1 X166.448 Y47.655 E275.53297
G1 X167.009 Y47.61 E275.55169
G1 X167.435 Y47.603 E275.56586
G1 X167.705 Y47.61 E275.57485
G1 X168.378 Y47.67 E275.59732
G1 X168.69 Y47.717 E275.60781
G1 X169.015 Y47.782 E275.61884
G1 X169.377 Y47.868 E275.63121
G1 X181.026 Y50.99 E276.03233
G1 F1662.8 X181.352 Y51.043 E276.04422
G1 F1409 X181.531 Y51.06 E276.05186
G1 F1304.3 X181.761 Y51.173 E276.06363
G1 F1311.5 X182.137 Y51.326 E276.08216
G1 F1306.7 X182.549 Y51.449 E276.10186
G1 F1304.3 X182.97 Y51.49 E276.12127
G1 F1302 X183.345 Y51.49 E276.13851
G1 F1295 X183.721 Y51.424 E276.15616
G1 X183.99 Y51.359 E276.16896
G1 F1302 X184.37 Y51.213 E276.18768
G1 F1304.3 X184.824 Y50.945 E276.21187
G1 F1306.7 X185.161 Y50.66 E276.2321
G1 F1304.3 X185.456 Y50.316 E276.2529
G1 F1306.7 X185.697 Y49.944 E276.2732
G1 F1309.1 X185.886 Y49.506 E276.29502
G1 F1306.7 X185.991 Y49.078 E276.31521
G1 X186.027 Y48.754 E276.33015
G1 F1311.5 X186.026 Y48.308 E276.35051
G1 F1323.5 X185.969 Y47.939 E276.36739
G1 F1326 X185.871 Y47.574 E276.38446
G1 F1316.3 X185.631 Y47.09 E276.40903
G1 F1306.7 X185.465 Y46.839 E276.42282
G1 X185.182 Y46.507 E276.4428
G1 F1311.5 X184.873 Y46.228 E276.46181
G1 X184.56 Y46.032 E276.47867
G1 F1316.3 X184.115 Y45.824 E276.50101
G1 F1326 X183.85 Y45.734 E276.51365
G1 F1318.7 X183.471 Y45.665 E276.53113
G1 F1306.7 X183.032 Y45.64 E276.55128
G1 X182.646 Y45.681 E276.56907
G1 X182.305 Y45.758 E276.58508
G1 X181.885 Y45.915 E276.60562
G1 F1304.3 X181.535 Y46.094 E276.62367
G1 F1299.6 X181.171 Y46.382 E276.64505
G1 X180.914 Y46.61 E276.66088
G1 F1496.9 X180.585 Y46.753 E276.67522
G1 F1777.8 X180.268 Y46.953 E276.68785
G1 F1800 X179.691 Y47.144 E276.70806
G1 X179.026 Y47.234 E276.73038
G1 X178.458 Y47.196 E276.74931
G1 X171.193 Y45.25 E276.99947
G1 X170.736 Y45.039 E277.01621
G1 X170.38 Y44.778 E277.03089
G1 X169.919 Y44.22 E277.05497
G1 X169.682 Y43.619 E277.07645
G1 X169.611 Y43.135 E277.09272
G1 X169.644 Y42.713 E277.1068
G1 X169.752 Y42.286 E277.12145
G1 X168.132 Y40.662 E277.19774
G1 X167.969 Y40.41 E277.20773
G1 X167.893 Y40.155 E277.21658
G1 X167.882 Y39.955 E277.22324
G1 X167.944 Y39.65 E277.23359
G1 F1791 X168.115 Y39.353 E277.24505
G1 X171.709 Y35.756 E277.41501
G1 F1804.5 X171.427 Y35.474 E277.42824
G1 F1791 X167.83 Y39.068 E277.59821
G1 X167.534 Y39.24 E277.60965
G1 F1800 X167.229 Y39.302 E277.62001
G1 X167.029 Y39.291 E277.62667
G1 X166.704 Y39.18 E277.63809
G1 X166.549 Y39.075 E277.64432
G1 X165.064 Y37.596 E277.71403
G1 X157.994 Y44.666 E278.04658
G1 X159.484 Y46.156 E278.11666
G1 X159.601 Y46.353 E278.12428
G1 X159.688 Y46.632 E278.134
G1 X159.699 Y46.832 E278.14067
G1 X159.637 Y47.136 E278.15099
G1 F1804.5 X159.407 Y47.495 E278.16513
G1 X155.872 Y51.03 E278.33099
G1 X156.154 Y51.312 E278.34422
M204 S2000
G0 F9000 X156.154 Y51.877
M204 S500
G1 F1800 X159.971 Y48.059 E278.52379
G1 X160.186 Y47.921 E278.53228
G1 X160.369 Y47.884 E278.53849
G1 X160.593 Y47.916 E278.54602
G1 X160.784 Y48.025 E278.55333
G1 X162.54 Y49.776 E278.63581
G1 X162.818 Y49.544 E278.64786
G1 X163.272 Y49.221 E278.66639
G1 X163.579 Y49.03 E278.67841
G1 X164.118 Y48.742 E278.69874
G1 X164.651 Y48.51 E278.71807
G1 X165.215 Y48.317 E278.7379
G1 X165.865 Y48.152 E278.7602
G1 X166.48 Y48.054 E278.78092
G1 X167.041 Y48.009 E278.79964
G1 X167.425 Y48.003 E278.81241
G1 X167.685 Y48.01 E278.82106
G1 X168.284 Y48.061 E278.84106
G1 X168.613 Y48.11 E278.85212
G1 X168.922 Y48.171 E278.86259
G1 X169.273 Y48.255 E278.8746
G1 X181.294 Y51.478 E279.28854
G1 X181.736 Y51.677 E279.30466
G1 X181.98 Y51.775 E279.31341
G1 X182.271 Y51.863 E279.32352
G1 X182.602 Y51.934 E279.33478
G1 X182.949 Y51.966 E279.34637
G1 X183.248 Y51.967 E279.35631
G1 X183.506 Y51.945 E279.36493
G1 X183.807 Y51.896 E279.37507
G1 X184.134 Y51.814 E279.38628
G1 X184.482 Y51.679 E279.3987
G1 X184.715 Y51.565 E279.40732
G1 X184.967 Y51.416 E279.41706
G1 X185.203 Y51.248 E279.4267
G1 X185.405 Y51.077 E279.4355
G1 X185.594 Y50.889 E279.44437
G1 X185.838 Y50.601 E279.45692
G1 X186.038 Y50.296 E279.46905
G1 X186.168 Y50.053 E279.47822
G1 X186.282 Y49.789 E279.48778
G1 X186.371 Y49.526 E279.49702
G1 X186.462 Y49.161 E279.50953
G1 X186.502 Y48.78 E279.52227
G1 X186.504 Y48.39 E279.53524
G1 X186.48 Y48.139 E279.54363
G1 X186.428 Y47.84 E279.55372
G1 X186.361 Y47.58 E279.56265
G1 X186.261 Y47.297 E279.57263
G1 X186.146 Y47.041 E279.58197
G1 X186.024 Y46.82 E279.59036
G1 X185.857 Y46.568 E279.60042
G1 X185.69 Y46.358 E279.60934
G1 X185.495 Y46.148 E279.61888
G1 X185.279 Y45.953 E279.62855
G1 X185.054 Y45.782 E279.63795
G1 X184.809 Y45.625 E279.64763
G1 X184.557 Y45.494 E279.65708
G1 X184.313 Y45.391 E279.66589
G1 X183.97 Y45.278 E279.6779
G1 X183.531 Y45.191 E279.69278
G1 X183.192 Y45.171 E279.70408
G1 X182.909 Y45.176 E279.71349
G1 X182.57 Y45.21 E279.72482
G1 X182.213 Y45.289 E279.73699
G1 X181.964 Y45.368 E279.74567
G1 X181.687 Y45.482 E279.75564
G1 X181.445 Y45.604 E279.76465
G1 X181.15 Y45.787 E279.7762
G1 X180.86 Y46.019 E279.78855
G1 X180.624 Y46.232 E279.79912
G1 X180.125 Y46.572 E279.81921
G1 X179.602 Y46.753 E279.83761
G1 X179.052 Y46.827 E279.85607
G1 X178.522 Y46.8 E279.87372
G1 X171.336 Y44.874 E280.12116
G1 X170.932 Y44.69 E280.13593
G1 X170.629 Y44.454 E280.1487
G1 X170.272 Y44.019 E280.16742
G1 X170.083 Y43.549 E280.18427
G1 X170.012 Y43.125 E280.19857
G1 X170.048 Y42.68 E280.21342
G1 X170.205 Y42.173 E280.23107
G1 X168.432 Y40.397 E280.31454
G1 X168.334 Y40.246 E280.32052
G1 X168.282 Y39.972 E280.3298
G1 X168.319 Y39.789 E280.33601
G1 X168.422 Y39.612 E280.34282
G1 X172.274 Y35.756 E280.5241
G1 X171.427 Y34.909 E280.56394
G1 X167.571 Y38.761 E280.74522
G1 X167.395 Y38.865 E280.75202
G1 X167.212 Y38.902 E280.75823
G1 X166.992 Y38.871 E280.76562
G1 X166.803 Y38.766 E280.77281
G1 X165.064 Y37.03 E280.85454
G1 X157.428 Y44.666 E281.21371
G1 X159.127 Y46.365 E281.29363
G1 X159.234 Y46.513 E281.2997
G1 X159.299 Y46.814 E281.30995
G1 X159.262 Y46.997 E281.31616
G1 X159.124 Y47.212 E281.32465
G1 X155.307 Y51.03 E281.50422
G1 X156.154 Y51.877 E281.54406
M204 S2000
G0 F9000 X156.154 Y51.495
G0 X160.396 Y47.313
G0 X162.595 Y48.701
M204 S500
G1 F1800 X163.2 Y48.325 E281.56775
G1 X163.799 Y48.009 E281.59027
G1 X164.332 Y47.776 E281.60962
G1 X165.062 Y47.528 E281.63526
G1 X165.737 Y47.362 E281.65838
G1 X166.416 Y47.256 E281.68124
G1 X167.064 Y47.208 E281.70285
G1 X167.445 Y47.203 E281.71552
G1 X167.724 Y47.211 E281.72481
G1 X168.437 Y47.274 E281.74862
G1 X168.767 Y47.325 E281.75972
G1 X169.419 Y47.466 E281.78191
G1 X181.434 Y50.685 E282.19562
G1 X181.199 Y50.475 E282.2061
G1 X180.94 Y50.163 E282.21959
G1 X180.702 Y49.773 E282.23479
G1 X180.508 Y49.332 E282.25081
G1 X180.434 Y48.913 E282.26496
G1 X180.406 Y48.537 E282.2775
G1 X180.41 Y48.286 E282.28585
G1 X180.46 Y48.031 E282.2945
G1 X180.571 Y47.647 E282.30779
G1 F1777.8 X180.819 Y47.093 E282.32823
G1 X180.42 Y47.325 E282.34377
G1 F1800 X179.773 Y47.538 E282.36643
G1 X179.039 Y47.635 E282.39105
G1 X178.392 Y47.593 E282.41262
G1 X171.061 Y45.629 E282.66505
G1 X170.535 Y45.387 E282.68431
G1 X170.105 Y45.073 E282.70201
G1 X169.708 Y44.594 E282.72271
G1 X169.541 Y44.352 E282.73249
G1 X169.295 Y43.724 E282.75492
G1 X169.208 Y43.149 E282.77426
G1 X169.246 Y42.68 E282.78991
G1 X169.3 Y42.399 E282.79943
G1 X167.832 Y40.926 E282.8686
G1 X167.605 Y40.574 E282.88253
G1 X167.498 Y40.218 E282.89489
G1 X167.482 Y39.937 E282.90425
G1 X167.542 Y39.642 E282.91427
G1 X167.247 Y39.702 E282.92428
G1 X166.966 Y39.686 E282.93364
G1 X166.512 Y39.531 E282.94959
G1 X166.289 Y39.387 E282.95842
G1 X165.064 Y38.161 E283.01607
G1 X162.55 Y40.675 E283.13432
G1 F1487.6 X162.328 Y41.016 E283.15069
G1 X162.721 Y40.915 E283.16702
G1 F1800 X162.996 Y40.814 E283.17677
G1 X163.376 Y40.718 E283.1898
G1 X163.925 Y40.69 E283.20809
G1 X164.318 Y40.748 E283.2213
G1 X164.637 Y40.835 E283.2323
G1 X165.026 Y40.997 E283.24631
G1 X165.258 Y41.12 E283.25505
G1 X165.732 Y41.521 E283.2757
G1 X165.912 Y41.709 E283.28435
G1 X166.225 Y42.228 E283.30451
G1 X166.36 Y42.59 E283.31736
G1 X166.474 Y43.117 E283.3353
G1 X166.489 Y43.427 E283.34562
G1 X166.437 Y43.929 E283.3624
G1 X166.301 Y44.409 E283.379
G1 X165.98 Y44.99 E283.40107
G1 X165.462 Y45.527 E283.42589
G1 X165.152 Y45.747 E283.43853
G1 X164.555 Y45.988 E283.45995
G1 X164.058 Y46.09 E283.47682
G1 X163.468 Y46.072 E283.49645
G1 X163.174 Y46.018 E283.5064
G1 X162.642 Y45.861 E283.52485
G1 X162.368 Y45.712 E283.53522
G1 X161.835 Y45.271 E283.55823
G1 X161.616 Y45.033 E283.56899
G1 X161.355 Y44.556 E283.58707
G1 X161.253 Y44.318 E283.59568
G1 X161.126 Y43.79 E283.61374
G1 X161.096 Y43.338 E283.62881
G1 X161.136 Y42.936 E283.64225
G1 X161.249 Y42.504 E283.6571
G1 F1714.3 X161.404 Y42.106 E283.67202
G1 F1454.5 X161.495 Y41.834 E283.68382
G1 X161.253 Y42.002 E283.69595
G1 F1714.3 X160.937 Y42.29 E283.71088
G1 F1800 X158.56 Y44.666 E283.82266
G1 X159.799 Y45.905 E283.88094
G1 X159.962 Y46.18 E283.89157
G1 X160.083 Y46.57 E283.90515
G1 X160.099 Y46.85 E283.91448
G1 X160.039 Y47.144 E283.92446
G1 X160.333 Y47.084 E283.93444
G1 X160.741 Y47.107 E283.94803
G1 X161.226 Y47.334 E283.96584
G1 X162.595 Y48.701 E284.03019
M204 S2000
G0 F9000 X160.273 Y46.917
G0 X158.803 Y44.666
G0 X161.078 Y42.415
G0 X162.226 Y45.291
G0 X162.791 Y45.488
M204 S500
G1 F1800 X162.597 Y45.382 E284.03754
G1 X161.989 Y44.88 E284.06377
G1 X161.649 Y44.259 E284.08732
G1 X161.516 Y43.7 E284.10643
G1 X161.495 Y43.377 E284.11719
G1 X161.534 Y42.975 E284.13063
G1 X161.615 Y42.666 E284.14125
G1 X161.842 Y42.157 E284.15979
G1 X162.276 Y41.64 E284.18224
G1 X162.541 Y41.45 E284.19308
G1 X162.99 Y41.229 E284.20973
G1 X163.474 Y41.106 E284.22634
G1 X163.866 Y41.086 E284.23939
G1 X164.385 Y41.162 E284.25684
G1 X164.991 Y41.416 E284.27869
G1 X165.556 Y41.897 E284.30337
G1 X165.873 Y42.418 E284.32366
G1 X165.969 Y42.676 E284.33281
G1 X166.101 Y43.292 E284.35377
G1 X166.04 Y43.893 E284.37386
G1 X165.923 Y44.257 E284.38658
G1 X165.658 Y44.749 E284.40516
G1 X165.193 Y45.231 E284.42744
G1 X164.993 Y45.372 E284.43558
G1 X164.477 Y45.589 E284.45419
G1 X164.023 Y45.689 E284.46966
G1 X163.406 Y45.669 E284.49019
G1 X162.791 Y45.488 E284.51151
M204 S2000
G0 F9000 X162.883 Y45.099
M204 S500
G1 F1800 X162.316 Y44.631 E284.53596
G1 X162.025 Y44.114 E284.5557
G1 X161.884 Y43.515 E284.57616
G1 X161.941 Y42.916 E284.59618
G1 X162.189 Y42.363 E284.61633
G1 X162.61 Y41.862 E284.6381
G1 X163.13 Y41.606 E284.65738
G1 X163.572 Y41.494 E284.67254
G1 X163.808 Y41.482 E284.6804
G1 X164.276 Y41.551 E284.69614
G1 X164.756 Y41.752 E284.71344
G1 X165.233 Y42.145 E284.734
G1 X165.559 Y42.668 E284.7545
G1 X165.697 Y43.312 E284.7764
G1 X165.652 Y43.778 E284.79198
G1 X165.557 Y44.103 E284.80324
G1 X165.332 Y44.511 E284.81873
G1 X164.868 Y44.993 E284.84099
G1 X164.35 Y45.21 E284.85967
G1 X163.975 Y45.29 E284.87242
G1 X163.476 Y45.267 E284.88903
G1 X162.883 Y45.099 E284.90953
M204 S2000
G1 F2400 E284.10953
G0 F9000 X162.798 Y45.382
G0 X160.971 Y43.829
G0 X161.078 Y42.415
G0 X158.803 Y44.666
G0 X160.273 Y46.917
G0 X162.625 Y48.491
G0 X168.212 Y47.548
G0 X181.838 Y50.62
M204 S500
G1 F2400 E284.90953
G1 F1411.8 X181.689 Y50.422 E284.92004
G1 F1662.8 X181.467 Y50.177 E284.93195
G1 F1800 X181.282 Y49.954 E284.94158
G1 X181.043 Y49.565 E284.95677
G1 X180.936 Y49.319 E284.96569
G1 X180.833 Y48.884 E284.98056
G1 X180.796 Y48.389 E284.99707
G1 X180.845 Y48.139 E285.00554
G1 F1791 X180.964 Y47.725 E285.01994
G1 F1769 X181.185 Y47.282 E285.03669
G1 F1500 X181.295 Y46.992 E285.04907
G1 F1309.1 X181.943 Y46.483 E285.08676
G1 X182.469 Y46.282 E285.11251
G1 F1306.7 X182.733 Y46.227 E285.12486
G1 F1309.1 X183.021 Y46.19 E285.13814
G1 F1323.5 X183.605 Y46.227 E285.16461
G1 F1326 X183.911 Y46.328 E285.17916
G1 F1316.3 X184.397 Y46.563 E285.20372
G1 F1313.9 X184.749 Y46.844 E285.22424
G1 X185.115 Y47.283 E285.25028
G1 F1318.7 X185.386 Y47.836 E285.27824
G1 F1321.1 X185.457 Y48.195 E285.29483
G1 F1316.3 X185.479 Y48.869 E285.3255
G1 X185.339 Y49.391 E285.35008
G1 F1311.5 X185.101 Y49.884 E285.37507
G1 F1306.7 X184.648 Y50.393 E285.40629
G1 F1299.6 X184.215 Y50.66 E285.42972
G1 F1304.3 X183.917 Y50.81 E285.44503
G1 F1309.1 X183.269 Y50.943 E285.47529
G1 F1304.3 X183.013 Y50.938 E285.48704
G1 X182.546 Y50.886 E285.50861
G1 X181.838 Y50.62 E285.54332
M204 S2000
G0 F9000 X182.124 Y50.225
M204 S500
G1 F1800 X181.67 Y49.824 E285.56347
G1 X181.339 Y49.28 E285.58465
G1 X181.232 Y48.854 E285.59926
G1 F1804.5 X181.196 Y48.366 E285.61549
G1 X181.341 Y47.863 E285.63286
G1 X181.609 Y47.347 E285.65215
G1 X182.212 Y46.89 E285.67725
G1 F1800 X182.622 Y46.732 E285.69187
G1 X182.999 Y46.667 E285.70459
G1 X183.606 Y46.705 E285.72482
G1 X184.144 Y46.971 E285.74478
G1 X184.396 Y47.168 E285.75542
G1 X184.711 Y47.545 E285.77176
G1 X184.981 Y48.079 E285.79166
G1 X185 Y48.821 E285.81635
G1 X184.872 Y49.282 E285.83226
G1 X184.701 Y49.61 E285.84456
G1 X184.337 Y50.03 E285.86305
G1 X183.778 Y50.354 E285.88454
G1 X183.15 Y50.476 E285.90582
G1 X182.638 Y50.412 E285.92298
G1 X182.124 Y50.225 E285.94117
M204 S2000
G0 F9000 X182.316 Y49.863
M204 S500
;TYPE:WALL-OUTER
G1 F1800 X181.98 Y49.562 E285.95617
G1 X181.711 Y49.122 E285.97333
G1 X181.631 Y48.824 E285.98359
G1 X181.604 Y48.412 E285.99732
G1 X181.709 Y48.029 E286.01053
G1 X181.931 Y47.609 E286.02633
G1 X182.393 Y47.248 E286.04583
G1 X182.736 Y47.116 E286.05806
G1 X183.005 Y47.071 E286.06713
G1 X183.502 Y47.102 E286.08369
G1 X183.928 Y47.309 E286.09944
G1 X184.128 Y47.466 E286.1079
G1 X184.377 Y47.767 E286.12089
G1 X184.579 Y48.179 E286.13615
G1 X184.6 Y48.754 E286.15529
G1 X184.504 Y49.124 E286.168
G1 X184.375 Y49.375 E286.17739
G1 X184.066 Y49.726 E286.19294
G1 X183.651 Y49.972 E286.20899
G1 X183.147 Y50.072 E286.22608
G1 X182.735 Y50.024 E286.23988
G1 X182.316 Y49.863 E286.25481
M204 S2000
G1 F2400 E285.45481
G0 F9000 X181.849 Y50.383
G0 X180.245 Y48.551
G0 X180.42 Y47.512
G0 X169.584 Y44.696
G0 X169.123 Y42.456
G0 X167.308 Y39.875
G0 X165.064 Y38.404
G0 X162.833 Y40.659
G0 X166.366 Y42.15
G0 X165.223 Y45.891
G0 X162.882 Y45.407
G0 X163.082 Y44.737
M204 S500
G1 F2400 E286.25481
G1 F1800 X162.618 Y44.364 E286.27461
G1 X162.396 Y43.951 E286.2902
G1 X162.288 Y43.485 E286.30611
G1 X162.333 Y43.022 E286.32158
G1 X162.532 Y42.573 E286.33792
G1 X162.859 Y42.186 E286.35477
G1 X163.252 Y41.992 E286.36935
G1 X163.71 Y41.872 E286.38509
G1 X164.191 Y41.949 E286.4013
G1 X164.557 Y42.103 E286.4145
G1 X164.94 Y42.426 E286.43117
G1 X165.181 Y42.817 E286.44644
G1 X165.29 Y43.315 E286.4634
G1 X165.259 Y43.703 E286.47634
G1 X165.191 Y43.933 E286.48432
G1 X165.021 Y44.249 E286.49626
G1 X164.636 Y44.659 E286.51496
G1 X164.208 Y44.835 E286.53036
G1 X163.948 Y44.886 E286.53917
G1 X163.538 Y44.872 E286.55281
G1 X163.082 Y44.737 E286.56863
M204 S2000
G1 F2400 E285.76863
G0 F9000 X162.882 Y45.407
G0 X161.258 Y42.103
G0 X158.443 Y44.666
G0 X159.881 Y46.531
G0 X156.154 Y52.061
G0 X156.154 Y52.443
M204 S500
G1 F2400 E286.56863
G1 F1800 X160.3 Y48.296 E286.76367
G1 X160.489 Y48.294 E286.76995
G1 X162.516 Y50.318 E286.86523
G1 X163.05 Y49.87 E286.88841
G1 X163.514 Y49.541 E286.90733
G1 X163.769 Y49.382 E286.91732
G1 X164.278 Y49.109 E286.93654
G1 X164.826 Y48.871 E286.95641
G1 X165.358 Y48.692 E286.97508
G1 X165.929 Y48.547 E286.99467
G1 X166.512 Y48.453 E287.01431
G1 X167.085 Y48.408 E287.03343
G1 X167.415 Y48.403 E287.04441
G1 X167.673 Y48.41 E287.05299
G1 X168.262 Y48.462 E287.07266
G1 X168.536 Y48.502 E287.08187
G1 X168.829 Y48.56 E287.0918
G1 X169.169 Y48.641 E287.10343
G1 X181.167 Y51.859 E287.51658
G1 X181.587 Y52.049 E287.53192
G1 X181.848 Y52.153 E287.54126
G1 X182.171 Y52.251 E287.55249
G1 X182.542 Y52.331 E287.56511
G1 X182.931 Y52.366 E287.5781
G1 X183.264 Y52.367 E287.58918
G1 X183.554 Y52.343 E287.59886
G1 X183.888 Y52.288 E287.61011
G1 X184.256 Y52.196 E287.62273
G1 X184.642 Y52.046 E287.6365
G1 X184.905 Y51.917 E287.64625
G1 X185.185 Y51.752 E287.65706
G1 X185.448 Y51.564 E287.66781
G1 X185.675 Y51.373 E287.67768
G1 X185.888 Y51.161 E287.68767
G1 X186.16 Y50.841 E287.70164
G1 X186.382 Y50.5 E287.71517
G1 X186.529 Y50.227 E287.72549
G1 X186.656 Y49.933 E287.73614
G1 X186.755 Y49.639 E287.74646
G1 X186.857 Y49.23 E287.76048
G1 X186.902 Y48.802 E287.77479
G1 X186.904 Y48.372 E287.78909
G1 X186.877 Y48.086 E287.79865
G1 X186.82 Y47.756 E287.80979
G1 X186.744 Y47.463 E287.81985
G1 X186.633 Y47.148 E287.83096
G1 X186.504 Y46.862 E287.8414
G1 X186.366 Y46.612 E287.85089
G1 X186.181 Y46.333 E287.86203
G1 X185.994 Y46.097 E287.87204
G1 X185.776 Y45.863 E287.88268
G1 X185.535 Y45.645 E287.89349
G1 X185.284 Y45.454 E287.90398
G1 X185.009 Y45.279 E287.91482
G1 X184.728 Y45.132 E287.92537
G1 X184.453 Y45.016 E287.9353
G1 X184.072 Y44.89 E287.94864
G1 X183.582 Y44.793 E287.96526
G1 X183.2 Y44.771 E287.97798
G1 X182.885 Y44.776 E287.98846
G1 X182.506 Y44.814 E288.00113
G1 X182.109 Y44.903 E288.01466
G1 X181.783 Y45.009 E288.02606
G1 X181.521 Y45.118 E288.0355
G1 X181.249 Y45.254 E288.04562
G1 X180.918 Y45.46 E288.05858
G1 X180.6 Y45.715 E288.07214
G1 X180.394 Y45.904 E288.08144
G1 X179.943 Y46.216 E288.09968
G1 X179.489 Y46.365 E288.11557
G1 X179.02 Y46.429 E288.13132
G1 X178.601 Y46.404 E288.14528
G1 X171.487 Y44.501 E288.39021
G1 X171.126 Y44.333 E288.40345
G1 X170.935 Y44.193 E288.41133
G1 X170.619 Y43.807 E288.42792
G1 X170.461 Y43.415 E288.44198
G1 X170.418 Y43.127 E288.45166
G1 X170.45 Y42.735 E288.46474
G1 X170.564 Y42.367 E288.47756
G1 X170.733 Y42.135 E288.4871
G1 X168.703 Y40.103 E288.58264
G1 X168.682 Y39.99 E288.58646
G1 X168.728 Y39.87 E288.59073
G1 X172.84 Y35.756 E288.7842
G1 X171.427 Y34.343 E288.85066
G1 X167.314 Y38.455 E289.0441
G1 X167.194 Y38.502 E289.04838
G1 X167.057 Y38.457 E289.05318
G1 X165.064 Y36.464 E289.14693
G1 X156.862 Y44.666 E289.53272
G1 X158.863 Y46.671 E289.62694
G1 X158.884 Y46.886 E289.63412
G1 X154.741 Y51.03 E289.82902
G1 X156.154 Y52.443 E289.89548
M204 S2000
G0 F9000 X156.154 Y52.061
G0 X160.396 Y47.878
G0 X161.095 Y48.568
G0 X162.79 Y48.467
G0 X162.652 Y48.247
M204 S500
;TYPE:SKIN
G1 F1800 X161.54 Y47.137 E289.94774
G1 X161.31 Y46.978 E289.95704
G1 X160.993 Y46.829 E289.96869
G1 X160.692 Y46.749 E289.97905
G1 X160.453 Y46.735 E289.98701
G1 X160.434 Y46.408 E289.99791
G1 X160.281 Y46.012 E290.01203
G1 X160.149 Y45.787 E290.0207
G1 X159.933 Y45.529 E290.03189
G1 X159.07 Y44.666 E290.07249
G1 X160.769 Y42.967 E290.1524
G1 X160.736 Y43.297 E290.16343
G1 X160.771 Y43.84 E290.18153
G1 X160.909 Y44.425 E290.20152
G1 X161.032 Y44.717 E290.21206
G1 X161.307 Y45.218 E290.23107
G1 X161.593 Y45.537 E290.24532
G1 X162.148 Y45.998 E290.26932
G1 X162.482 Y46.185 E290.28205
G1 X163.089 Y46.368 E290.30313
G1 X163.443 Y46.432 E290.3151
G1 X164.1 Y46.45 E290.33696
G1 X164.649 Y46.339 E290.35559
G1 X165.331 Y46.061 E290.38008
G1 X165.684 Y45.811 E290.39447
G1 X166.275 Y45.203 E290.42267
G1 X166.639 Y44.539 E290.44786
G1 X166.795 Y43.984 E290.46703
G1 X166.849 Y43.444 E290.48508
G1 X166.839 Y43.126 E290.49566
G1 X166.705 Y42.484 E290.51748
G1 X166.554 Y42.082 E290.53176
G1 X166.215 Y41.512 E290.55382
G1 X165.983 Y41.263 E290.56514
G1 X165.457 Y40.819 E290.58803
G1 X165.172 Y40.668 E290.59876
G1 X164.775 Y40.502 E290.61307
G1 X164.395 Y40.396 E290.62619
G1 X163.985 Y40.333 E290.63999
G1 X163.374 Y40.361 E290.66033
G1 X165.064 Y38.672 E290.7398
G1 X166.04 Y39.649 E290.78573
G1 X166.327 Y39.84 E290.7972
G1 X166.604 Y39.965 E290.80731
G1 X166.894 Y40.04 E290.81727
G1 X167.127 Y40.057 E290.82504
G1 X167.144 Y40.291 E290.83284
G1 X167.302 Y40.819 E290.85117
G1 X167.561 Y41.165 E290.86555
G1 X168.898 Y42.507 E290.92856
G1 X168.848 Y43.143 E290.94977
G1 X168.951 Y43.849 E290.9735
G1 X169.238 Y44.545 E290.99854
G1 X169.417 Y44.808 E291.00913
G1 X169.868 Y45.342 E291.03237
G1 X170.247 Y45.623 E291.04807
G1 X170.497 Y45.766 E291.05765
G1 X170.8 Y45.907 E291.06876
G1 X171.072 Y46.005 E291.07838
G1 X178.173 Y47.907 E291.32288
G1 X178.448 Y47.957 E291.33218
G1 X179.07 Y47.995 E291.35291
G1 X179.701 Y47.912 E291.37407
G1 X180.133 Y47.816 E291.38879
G1 X180.053 Y48.229 E291.40278
G1 X180.046 Y48.57 E291.41413
G1 X180.076 Y48.96 E291.42714
G1 X180.171 Y49.454 E291.44387
G1 X180.43 Y50.046 E291.46536
G1 X169.569 Y47.133 E291.83937
G1 X168.846 Y46.972 E291.864
G1 X168.499 Y46.919 E291.87568
G1 X167.805 Y46.855 E291.89886
G1 X167.455 Y46.843 E291.91051
G1 X166.948 Y46.852 E291.92737
G1 X166.388 Y46.897 E291.94606
G1 X165.662 Y47.009 E291.97049
G1 X164.858 Y47.213 E291.99808
G1 X164.326 Y47.393 E292.01676
G1 X163.655 Y47.678 E292.04101
G1 X163.033 Y48.004 E292.06436
G1 X162.652 Y48.247 E292.07939
M204 S2000
G0 F9000 X162.791 Y48.467
G0 X160.273 Y46.917
G0 X158.803 Y44.666
G0 X161.078 Y42.415
G0 X162.496 Y45.965
G0 X164.401 Y45.448
G0 X165.001 Y45.201
G0 X165.531 Y44.649
G0 X165.78 Y44.192
G0 X165.891 Y43.822
G0 X165.937 Y43.291
G0 X165.782 Y42.576
G0 X164.7 Y40.686
G0 X162.833 Y40.659
G0 X165.064 Y38.404
G0 X165.486 Y38.726
G0 X165.159 Y39.052
M204 S500
G1 F1800 X164.107 Y40.104 E292.12888
M204 S2000
G0 F9000 X164.547 Y40.23
M204 S500
G1 F1800 X165.442 Y39.335 E292.17097
M204 S2000
G0 F9000 X165.725 Y39.618
M204 S500
G1 F1800 X164.974 Y40.369 E292.2063
M204 S2000
G0 F9000 X165.364 Y40.544
M204 S500
G1 F1800 X166.024 Y39.885 E292.23732
M204 S2000
G0 F9000 X166.387 Y40.087
M204 S500
G1 F1800 X165.706 Y40.768 E292.26935
M204 S2000
G0 F9000 X166.014 Y41.026
M204 S500
G1 F1800 X166.815 Y40.225 E292.30703
M204 S2000
G0 F9000 X167.022 Y40.584
M204 S500
G1 F1800 X166.3 Y41.306 E292.34099
M204 S2000
G0 F9000 X166.528 Y41.643
M204 S500
G1 F1800 X167.181 Y40.99 E292.3717
M204 S2000
G0 F9000 X167.425 Y41.312
M204 S500
G1 F1800 X166.732 Y42.004 E292.40428
M204 S2000
G0 F9000 X166.89 Y42.412
M204 S500
G1 F1800 X167.707 Y41.596 E292.44268
M204 S2000
G0 F9000 X167.989 Y41.879
M204 S500
G1 F1800 X166.992 Y42.876 E292.48958
M204 S2000
G0 F9000 X167.046 Y43.388
M204 S500
G1 F1800 X168.271 Y42.163 E292.5472
M204 S2000
G0 F9000 X168.553 Y42.446
M204 S500
G1 F1800 X166.993 Y44.007 E292.6206
M204 S2000
G0 F9000 X166.671 Y44.894
M204 S500
G1 F1800 X168.665 Y42.9 E292.71439
M204 S2000
G0 F9000 X168.685 Y43.446
M204 S500
G1 F1800 X165.59 Y46.541 E292.85997
G1 X165.589 Y46.542
G1 X165.216 Y46.915 E292.87752
M204 S2000
G0 F9000 X165.257 Y46.309
M204 S500
G1 F1800 X164.414 Y47.152 E292.91717
M204 S2000
G0 F9000 X164.026 Y46.974
M204 S500
G1 F1800 X163.432 Y47.567 E292.94508
M204 S2000
G0 F9000 X164.026 Y46.973
M204 S500
G1 F1800 X164.409 Y46.591 E292.96308
M204 S2000
G0 F9000 X163.793 Y46.641
M204 S500
G1 F1800 X162.561 Y47.873 E293.02103
M204 S2000
G0 F9000 X162.278 Y47.591
M204 S500
G1 F1800 X163.266 Y46.603 E293.0675
M204 S2000
G0 F9000 X162.809 Y46.494
M204 S500
G1 F1800 X161.994 Y47.308 E293.10581
M204 S2000
G0 F9000 X161.711 Y47.026
M204 S500
G1 F1800 X162.379 Y46.358 E293.13723
M204 S2000
G0 F9000 X162.02 Y46.152
M204 S500
G1 F1800 X161.38 Y46.791 E293.16731
M204 S2000
G0 F9000 X160.985 Y46.62
M204 S500
G1 F1800 X161.711 Y45.895 E293.20144
M204 S2000
G0 F9000 X161.409 Y45.631
M204 S500
G1 F1800 X160.636 Y46.404 E293.2378
M204 S2000
G0 F9000 X160.487 Y45.988
M204 S500
G1 F1800 X161.14 Y45.334 E293.26853
M204 S2000
G0 F9000 X160.94 Y44.969
M204 S500
G1 F1800 X160.277 Y45.632 E293.29972
M204 S2000
G0 F9000 X160.015 Y45.328
M204 S500
G1 F1800 X160.758 Y44.585 E293.33467
M204 S2000
G0 F9000 X160.634 Y44.143
M204 S500
G1 F1800 X159.732 Y45.045 E293.37709
M204 S2000
G0 F9000 X159.45 Y44.761
M204 S500
G1 F1800 X160.298 Y43.913 E293.41698
G1 X160.299 Y43.912
G1 X160.557 Y43.654 E293.42912
M204 S2000
G0 F9000 X161.018 Y43.624
G0 X161.078 Y42.415
G0 X158.803 Y44.666
G0 X160.273 Y46.917
G0 X162.625 Y48.491
G0 X166.003 Y47.219
G0 X165.933 Y46.763
M204 S500
G1 F1800 X168.768 Y43.929 E293.56244
M204 S2000
G0 F9000 X168.933 Y44.329
M204 S500
G1 F1800 X166.583 Y46.679 E293.67298
M204 S2000
G0 F9000 X167.181 Y46.647
M204 S500
G1 F1800 X169.112 Y44.716 E293.76381
M204 S2000
G0 F9000 X169.352 Y45.042
M204 S500
G1 F1800 X167.741 Y46.653 E293.83959
M204 S2000
G0 F9000 X168.264 Y46.695
M204 S500
G1 F1800 X169.608 Y45.351 E293.9028
M204 S2000
G0 F9000 X169.905 Y45.62
M204 S500
G1 F1800 X168.769 Y46.756 E293.95624
M204 S2000
G0 F9000 X169.237 Y46.854
M204 S500
G1 F1800 X170.241 Y45.85 E294.00346
M204 S2000
G0 F9000 X170.614 Y46.043
M204 S500
G1 F1800 X169.696 Y46.961 E294.04664
M204 S2000
G0 F9000 X170.142 Y47.08
M204 S500
G1 F1800 X171.022 Y46.2 E294.08803
M204 S2000
G0 F9000 X171.469 Y46.319
M204 S500
G1 F1800 X170.588 Y47.2 E294.12947
M204 S2000
G0 F9000 X171.034 Y47.319
M204 S500
G1 F1800 X171.915 Y46.439 E294.17089
M204 S2000
G0 F9000 X172.361 Y46.558
M204 S500
G1 F1800 X171.48 Y47.439 E294.21233
M204 S2000
G0 F9000 X171.926 Y47.559
M204 S500
G1 F1800 X172.807 Y46.678 E294.25377
M204 S2000
G0 F9000 X173.253 Y46.797
M204 S500
G1 F1800 X172.372 Y47.678 E294.29521
M204 S2000
G0 F9000 X172.819 Y47.798
M204 S500
G1 F1800 X173.7 Y46.916 E294.33667
M204 S2000
G0 F9000 X174.146 Y47.036
M204 S500
G1 F1800 X173.265 Y47.917 E294.37811
M204 S2000
G0 F9000 X173.71 Y48.038
M204 S500
G1 F1800 X174.593 Y47.155 E294.41965
M204 S2000
G0 F9000 X175.039 Y47.275
M204 S500
G1 F1800 X174.156 Y48.157 E294.46116
M204 S2000
G0 F9000 X174.603 Y48.277
M204 S500
G1 F1800 X175.485 Y47.394 E294.50267
M204 S2000
G0 F9000 X175.931 Y47.514
M204 S500
G1 F1800 X175.049 Y48.396 E294.54415
M204 S2000
G0 F9000 X175.495 Y48.516
M204 S500
G1 F1800 X176.377 Y47.633 E294.58566
M204 S2000
G0 F9000 X176.824 Y47.753
M204 S500
G1 F1800 X175.94 Y48.636 E294.62722
M204 S2000
G0 F9000 X176.387 Y48.755
M204 S500
G1 F1800 X177.27 Y47.872 E294.66875
M204 S2000
G0 F9000 X177.716 Y47.992
M204 S500
G1 F1800 X176.833 Y48.875 E294.71029
M204 S2000
G0 F9000 X177.279 Y48.994
M204 S500
G1 F1800 X178.166 Y48.108 E294.75198
M204 S2000
G0 F9000 X178.668 Y48.171
M204 S500
G1 F1800 X177.725 Y49.114 E294.79634
M204 S2000
G0 F9000 X178.171 Y49.234
M204 S500
G1 F1800 X179.229 Y48.175 E294.84613
M204 S2000
G0 F9000 X179.851 Y48.12
M204 S500
G1 F1800 X178.617 Y49.353 E294.90415
M204 S2000
G0 F9000 X179.063 Y49.473
M204 S500
G1 F1800 X179.853 Y48.683 E294.94131
M204 S2000
G0 F9000 X179.914 Y49.188
M204 S500
G1 F1800 X179.509 Y49.592 E294.96033
M204 S2000
G0 F9000 X179.312 Y50.324
G1 F2400 E294.16033
;MESH:part_3.stl
G0 F9000 X172.909 Y49.417
G0 X172.629 Y50.464
G0 X172.898 Y53.491
G0 X172.896 Y54.576
G0 X171.244 Y55.625
M204 S500
;TYPE:WALL-INNER
G1 F2400 E294.96033
G1 F1374 X170.703 Y55.6 E294.98393
G1 F1376.7 X170.351 Y55.622 E294.99927
M204 S2000
G0 F9000 X168.991 Y57.131
G0 X168.007 Y59.11
G0 X169.539 Y60.957
G0 X165.772 Y61.539
M204 S500
G1 F1800 X175.769 Y61.563 E295.33177
G1 X175.779 Y59.47 E295.40139
G1 X175.83 Y59.237 E295.40932
G1 X175.968 Y58.974 E295.4192
G1 X176.101 Y58.825 E295.42584
G1 X176.36 Y58.655 E295.43614
G1 X176.78 Y58.566 E295.45042
G1 F1804.5 X181.778 Y58.576 E295.61624
G1 X181.779 Y58.177 E295.62948
G1 X176.78 Y58.166 E295.79533
G1 F1800 X176.362 Y58.074 E295.80957
G1 X176.104 Y57.902 E295.81988
G1 X175.972 Y57.752 E295.82653
G1 X175.834 Y57.485 E295.83652
G1 X175.785 Y57.246 E295.84464
G1 X175.786 Y55.165 E295.91385
G1 X165.788 Y55.14 E296.24639
G1 X165.784 Y57.261 E296.31693
G1 X165.702 Y57.536 E296.32648
G1 X165.457 Y57.877 E296.34044
G1 X165.197 Y58.048 E296.35079
G1 F1791 X164.867 Y58.136 E296.36221
G1 X159.78 Y58.126 E296.53225
G1 F1800 X159.779 Y58.525 E296.54552
G1 F1791 X164.865 Y58.538 E296.71553
G1 X165.196 Y58.627 E296.72699
G1 F1800 X165.454 Y58.8 E296.73732
G1 X165.699 Y59.152 E296.75158
G1 X165.77 Y59.43 E296.76112
G1 X165.772 Y61.539 E296.83127
M204 S2000
G0 F9000 X165.371 Y61.938
M204 S500
G1 F1800 X176.169 Y61.964 E297.19041
G1 X176.177 Y59.508 E297.2721
G1 X176.208 Y59.368 E297.27687
G1 X176.37 Y59.121 E297.2867
G1 X176.526 Y59.019 E297.29289
G1 X176.779 Y58.966 E297.30149
G1 X182.176 Y58.976 E297.481
G1 X182.18 Y57.778 E297.52084
G1 X176.781 Y57.766 E297.70042
G1 X176.53 Y57.711 E297.70896
G1 X176.296 Y57.518 E297.71905
G1 X176.184 Y57.214 E297.72983
G1 X176.187 Y54.765 E297.81128
G1 X165.388 Y54.739 E298.17046
G1 X165.381 Y57.192 E298.25204
G1 X165.352 Y57.331 E298.25677
G1 X165.188 Y57.581 E298.26671
G1 X165.032 Y57.684 E298.27293
G1 X164.833 Y57.736 E298.27977
G1 X159.381 Y57.725 E298.4611
G1 X159.377 Y58.924 E298.50098
G1 X164.829 Y58.938 E298.68232
G1 X165.028 Y58.991 E298.68917
G1 X165.262 Y59.185 E298.69928
G1 X165.376 Y59.439 E298.70854
G1 X165.371 Y61.938 E298.79166
M204 S2000
G0 F9000 X165.642 Y61.67
G0 X166.173 Y61.14
M204 S500
G1 F1782.2 X169.836 Y61.144 E298.91471
G1 F1481.5 X170.212 Y61.068 E298.93021
G1 X169.871 Y60.891 E298.94573
G1 F1782.2 X169.56 Y60.758 E298.9571
G1 F1800 X169.325 Y60.625 E298.96608
G1 X169.086 Y60.452 E298.97589
G1 X168.885 Y60.273 E298.98484
G1 X168.675 Y60.038 E298.99532
G1 X168.489 Y59.776 E299.00601
G1 X168.353 Y59.538 E299.01513
G1 X168.213 Y59.191 E299.02757
G1 X168.143 Y58.893 E299.03775
G1 X168.073 Y58.255 E299.0591
G1 X168.176 Y57.594 E299.08135
G1 X168.416 Y57.041 E299.1014
G1 X168.697 Y56.628 E299.11802
G1 X168.96 Y56.359 E299.13053
G1 X169.231 Y56.145 E299.14201
G1 X169.53 Y55.962 E299.15367
G1 F1528.7 X170.351 Y55.622 E299.18848
G1 X169.898 Y55.55 E299.20644
G1 F1800 X166.187 Y55.541 E299.32987
G1 X166.178 Y57.264 E299.38718
G1 X166.116 Y57.568 E299.3975
G1 X165.976 Y57.895 E299.40933
G1 X165.726 Y58.173 E299.42176
G1 X165.474 Y58.339 E299.4318
G1 X165.725 Y58.506 E299.44183
G1 X165.91 Y58.716 E299.45113
G1 X166.068 Y58.998 E299.46189
G1 X166.176 Y59.437 E299.47692
G1 X166.173 Y61.14 E299.53356
M204 S2000
G0 F9000 X169.539 Y60.957
G0 X169.854 Y60.465
M204 S500
G1 F1800 X169.435 Y60.227 E299.54959
G1 X169.068 Y59.9 E299.56594
G1 X168.748 Y59.45 E299.58431
G1 X168.564 Y58.992 E299.60072
G1 X168.471 Y58.244 E299.62579
G1 X168.575 Y57.676 E299.645
G1 X168.782 Y57.203 E299.66217
G1 X168.983 Y56.908 E299.67404
G1 X169.332 Y56.551 E299.69065
G1 X169.738 Y56.304 E299.70646
G1 X170.022 Y56.187 E299.71667
G1 X170.618 Y56.045 E299.73705
G1 X171.199 Y56.095 E299.75644
G1 X171.492 Y56.168 E299.76649
G1 X171.951 Y56.361 E299.78305
G1 X172.356 Y56.667 E299.79993
G1 X172.602 Y56.937 E299.81208
G1 X172.855 Y57.357 E299.82839
G1 X173.048 Y57.918 E299.84812
G1 X173.077 Y58.472 E299.86657
G1 X172.986 Y59.079 E299.88699
G1 X172.698 Y59.633 E299.90775
G1 X172.446 Y59.945 E299.92109
G1 X172.033 Y60.285 E299.93889
G1 X171.701 Y60.466 E299.95146
G1 X171.21 Y60.621 E299.96859
G1 X170.611 Y60.641 E299.98852
G1 X170.342 Y60.604 E299.99755
G1 X169.854 Y60.465 E300.01443
M204 S2000
G0 F9000 X170.015 Y60.096
M204 S500
G1 F1800 X169.666 Y59.898 E300.02777
G1 X169.367 Y59.632 E300.04109
G1 X169.102 Y59.258 E300.05633
G1 X168.947 Y58.872 E300.07017
G1 X168.874 Y58.288 E300.08974
G1 X168.953 Y57.809 E300.10589
G1 X169.148 Y57.365 E300.12202
G1 X169.268 Y57.188 E300.12913
G1 X169.583 Y56.867 E300.14409
G1 X170.027 Y56.597 E300.16137
G1 X170.65 Y56.447 E300.18268
G1 X171.25 Y56.501 E300.20272
G1 X171.753 Y56.712 E300.22086
G1 X172.114 Y56.986 E300.23594
G1 X172.262 Y57.148 E300.24323
G1 X172.493 Y57.529 E300.25805
G1 X172.652 Y57.996 E300.27446
G1 X172.678 Y58.446 E300.28945
G1 X172.609 Y58.923 E300.30548
G1 X172.343 Y59.449 E300.32509
G1 X172.192 Y59.636 E300.33308
G1 X171.779 Y59.976 E300.35088
G1 X171.579 Y60.084 E300.35844
G1 X171.144 Y60.217 E300.37357
G1 X170.54 Y60.244 E300.39367
G1 X170.015 Y60.096 E300.41182
M204 S2000
G0 F9000 X170.212 Y61.068
M204 S500
G1 F1335.8 X170.61 Y61.098 E300.4297
G1 F1353.4 X171.292 Y61.079 E300.45989
G1 F1409 X171.497 Y61.117 E300.46874
G1 F1651.4 X171.869 Y61.153 E300.48229
G1 F1800 X175.37 Y61.162 E300.59874
G1 X175.38 Y59.432 E300.65628
G1 X175.452 Y59.105 E300.66742
G1 X175.645 Y58.737 E300.68124
G1 X175.831 Y58.529 E300.69052
G1 X176.084 Y58.363 E300.70058
G1 X175.833 Y58.196 E300.71061
G1 X175.577 Y57.905 E300.7235
G1 X175.41 Y57.447 E300.73971
G1 X175.383 Y57.163 E300.7492
G1 X175.385 Y55.564 E300.80238
G1 X171.696 Y55.554 E300.92508
G1 F1525.4 X171.244 Y55.625 E300.94304
G1 X171.994 Y55.946 E300.97506
G1 F1800 X172.296 Y56.12 E300.98665
G1 X172.597 Y56.348 E300.99921
G1 X172.942 Y56.727 E301.01625
G1 X173.227 Y57.184 E301.03417
G1 X173.441 Y57.838 E301.05706
G1 X173.485 Y58.485 E301.07862
G1 X173.386 Y59.093 E301.09911
G1 X173.27 Y59.402 E301.11009
G1 X173.053 Y59.818 E301.1257
G1 X172.7 Y60.254 E301.14435
G1 X172.288 Y60.594 E301.16212
G1 X171.822 Y60.847 E301.17976
G1 F1515.8 X171.292 Y61.079 E301.20261
M204 S2000
G1 F2400 E300.40261
G0 F9000 X169.802 Y60.32
G0 X170.153 Y59.714
M204 S500
;TYPE:WALL-OUTER
G1 F2400 E301.20261
G1 F1800 X169.884 Y59.556 E301.21298
G1 X169.653 Y59.343 E301.22344
G1 X169.467 Y59.081 E301.23412
G1 X169.344 Y58.789 E301.24466
G1 X169.277 Y58.286 E301.26154
G1 X169.345 Y57.908 E301.27431
G1 X169.529 Y57.492 E301.28944
G1 X169.855 Y57.17 E301.30468
G1 X170.182 Y56.971 E301.31741
G1 X170.686 Y56.849 E301.33466
G1 X171.153 Y56.894 E301.35027
G1 X171.571 Y57.077 E301.36544
G1 X171.903 Y57.329 E301.3793
G1 X172.121 Y57.68 E301.39305
G1 X172.25 Y58.056 E301.40627
G1 X172.278 Y58.421 E301.41844
G1 X172.22 Y58.807 E301.43143
G1 X171.97 Y59.301 E301.44984
G1 X171.496 Y59.691 E301.47026
G1 X171.076 Y59.823 E301.4849
G1 X170.586 Y59.842 E301.50121
G1 X170.153 Y59.714 E301.51623
M204 S2000
G1 F2400 E300.71623
G0 F9000 X169.802 Y60.32
G0 X169.889 Y61.044
G0 X165.241 Y62.069
G0 X164.97 Y62.337
M204 S500
G1 F2400 E301.51623
G1 F1800 X176.568 Y62.365 E301.90198
G1 X176.575 Y59.546 E301.99574
G1 X176.64 Y59.417 E302.00055
G1 X176.778 Y59.366 E302.00544
G1 X182.575 Y59.378 E302.19825
G1 X182.582 Y57.379 E302.26474
G1 X176.716 Y57.366 E302.45984
G1 X176.583 Y57.234 E302.46607
G1 X176.588 Y54.366 E302.56146
G1 X164.989 Y54.338 E302.94725
G1 X164.983 Y57.156 E303.04098
G1 X164.945 Y57.256 E303.04453
G1 X164.845 Y57.337 E303.04881
G1 X158.983 Y57.324 E303.24378
G1 X158.976 Y59.323 E303.31027
G1 X164.793 Y59.337 E303.50375
G1 X164.911 Y59.389 E303.50804
G1 X164.975 Y59.52 E303.51289
G1 X164.97 Y62.337 E303.60658
M204 S2000
G0 F9000 X165.241 Y62.069
G0 X166.274 Y60.778
G0 X166.533 Y60.779
M204 S500
;TYPE:SKIN
G1 F1800 X166.537 Y59.288 E303.65617
G1 X166.406 Y58.876 E303.67055
G1 X166.191 Y58.49 E303.68524
G1 X166.059 Y58.342 E303.69184
G1 X166.285 Y58.089 E303.70312
G1 X166.507 Y57.559 E303.72224
G1 X166.544 Y57.153 E303.7358
G1 X166.547 Y55.902 E303.7774
G1 X168.947 Y55.91 E303.85723
G1 X168.716 Y56.092 E303.86701
G1 X168.442 Y56.372 E303.88004
G1 X168.104 Y56.864 E303.89989
G1 X167.848 Y57.443 E303.92095
G1 X167.737 Y58.042 E303.94121
G1 X167.719 Y58.41 E303.95347
G1 X167.813 Y59.152 E303.97834
G1 X168.016 Y59.67 E303.99685
G1 X168.2 Y59.992 E304.00918
G1 X168.389 Y60.257 E304.02001
G1 X168.629 Y60.527 E304.03202
G1 X168.918 Y60.787 E304.04495
G1 X166.533 Y60.779 E304.12428
M204 S2000
G0 F9000 X166.274 Y60.778
G0 X169.539 Y60.957
G0 X168.575 Y60.072
G0 X168.199 Y60.337
M204 S500
G1 F1800 X167.952 Y60.584 E304.1359
M204 S2000
G0 F9000 X167.389 Y60.581
M204 S500
G1 F1800 X167.972 Y59.998 E304.16332
M204 S2000
G0 F9000 X167.783 Y59.622
M204 S500
G1 F1800 X166.826 Y60.579 E304.20833
M204 S2000
G0 F9000 X166.733 Y60.106
M204 S500
G1 F1800 X167.624 Y59.215 E304.25024
M204 S2000
G0 F9000 X167.555 Y58.718
M204 S500
G1 F1800 X166.733 Y59.54 E304.28891
M204 S2000
G0 F9000 X166.665 Y59.042
M204 S500
G1 F1800 X167.529 Y58.178 E304.32955
M204 S2000
G0 F9000 X167.633 Y57.508
M204 S500
G1 F1800 X166.503 Y58.639 E304.38272
M204 S2000
G0 F9000 X166.513 Y58.064
M204 S500
G1 F1800 X168.07 Y56.506 E304.45598
G1 X168.071 Y56.505
G1 X168.176 Y56.4 E304.46092
M204 S2000
G0 F9000 X167.877 Y56.134
M204 S500
G1 F1800 X166.732 Y57.278 E304.51476
M204 S2000
G0 F9000 X166.744 Y56.7
M204 S500
G1 F1800 X167.34 Y56.105 E304.54277
M204 S2000
G0 F9000 X167.342 Y55.644
G0 X169.531 Y55.74
G0 X168.724 Y57.731
G0 X168.633 Y58.276
G0 X168.713 Y58.93
G0 X168.891 Y59.371
G0 X169.189 Y59.789
G0 X169.524 Y60.09
G0 X169.924 Y60.32
G0 X171.998 Y60.962
G0 X172.613 Y61.054
G0 X172.614 Y60.793
M204 S500
G1 F1800 X172.929 Y60.534 E304.55633
G1 X173.356 Y60.012 E304.57876
G1 X173.589 Y59.571 E304.59535
G1 X173.731 Y59.203 E304.60847
G1 X173.843 Y58.486 E304.63261
G1 X173.809 Y57.927 E304.65123
G1 X173.749 Y57.617 E304.66173
G1 X173.626 Y57.246 E304.67473
G1 X173.512 Y56.962 E304.68491
G1 X173.25 Y56.539 E304.70146
G1 X172.837 Y56.081 E304.72197
G1 X172.631 Y55.922 E304.73063
G1 X175.025 Y55.923 E304.81025
G1 X175.03 Y57.332 E304.85712
G1 X175.105 Y57.698 E304.86954
G1 X175.277 Y58.112 E304.88445
G1 X175.499 Y58.362 E304.89557
G1 X175.28 Y58.607 E304.9065
G1 X175.104 Y59.009 E304.9211
G1 X175.021 Y59.399 E304.93436
G1 X175.012 Y60.801 E304.98099
G1 X172.614 Y60.793 E305.06075
M204 S2000
G0 F9000 X172.613 Y61.054
G0 X174.724 Y61.059
G0 X174.725 Y60.599
M204 S500
G1 F1800 X174.812 Y60.512 E305.06484
M204 S2000
G0 F9000 X174.815 Y59.943
M204 S500
G1 F1800 X174.161 Y60.597 E305.09561
M204 S2000
G0 F9000 X173.598 Y60.594
M204 S500
G1 F1800 X174.822 Y59.371 E305.15316
M204 S2000
G0 F9000 X175.093 Y58.534
M204 S500
G1 F1800 X173.55 Y60.077 E305.22573
M204 S2000
G0 F9000 X173.148 Y59.856
G0 X173.496 Y59.042
G0 X173.951 Y59.11
M204 S500
G1 F1800 X175.026 Y58.035 E305.2763
M204 S2000
G0 F9000 X174.883 Y57.613
M204 S500
G1 F1800 X174.046 Y58.45 E305.31567
M204 S2000
G0 F9000 X174.009 Y57.921
M204 S500
G1 F1800 X174.826 Y57.104 E305.3541
M204 S2000
G0 F9000 X174.825 Y56.54
M204 S500
G1 F1800 X173.907 Y57.458 E305.39728
M204 S2000
G0 F9000 X173.76 Y57.039
M204 S500
G1 F1800 X174.675 Y56.123 E305.44034
M204 S2000
G0 F9000 X174.11 Y56.123
M204 S500
G1 F1800 X173.563 Y56.67 E305.46607
M204 S2000
G0 F9000 X173.333 Y56.335
M204 S500
G1 F1800 X173.547 Y56.12 E305.47616
M204 S2000
G0 F9000 X173.548 Y55.361
G1 F2400 E304.67616
;MESH:part_1.stl
G0 F9000 X176.373 Y54.578
G0 X176.375 Y53.498
G0 X183.673 Y53.2
G0 X184.522 Y53.021
G0 X185.655 Y52.478
G0 X186.534 Y51.738
G0 X187.125 Y50.943
G0 X187.587 Y49.879
G0 X187.766 Y48.848
G0 X187.734 Y47.96
G0 X187.442 Y46.841
G0 X186.889 Y45.833
G0 X186.243 Y45.144
G0 X180.177 Y39.546
G0 X180.22 Y38.246
M204 S500
;TYPE:WALL-INNER
G1 F2400 E305.47616
G1 F1870.1 X180.424 Y38.307 E305.48297
G1 F1764.7 X180.818 Y38.367 E305.4965
G1 F1585.9 X181.284 Y38.34 E305.51412
M204 S2000
G0 F9000 X183.533 Y37.585
M204 S500
G1 F1800 X195.097 Y37.59 E305.89874
G1 X194.921 Y37.224 E305.91224
G1 X194.791 Y36.877 E305.92457
G1 X194.709 Y36.523 E305.93665
G1 X194.663 Y36.059 E305.95216
G1 X194.707 Y35.457 E305.97224
G1 X194.817 Y35.04 E305.98658
G1 X194.904 Y34.799 E305.99511
G1 X195.094 Y34.396 E306.00992
G1 X183.522 Y34.395 E306.39481
G1 X183.657 Y34.616 E306.40342
G1 X183.823 Y35.024 E306.41807
G1 X183.941 Y35.526 E306.43523
G1 X183.973 Y36.051 E306.45272
G1 X183.917 Y36.533 E306.46886
G1 X183.862 Y36.789 E306.47757
G1 X183.733 Y37.202 E306.49196
G1 X183.533 Y37.585 E306.50633
M204 S2000
G0 F9000 X182.705 Y37.984
M204 S500
G1 F1800 X195.947 Y37.991 E306.94676
G1 X195.633 Y37.678 E306.96151
G1 X195.329 Y37.171 E306.98117
G1 X195.166 Y36.737 E306.99659
G1 X195.107 Y36.484 E307.00523
G1 X195.067 Y36.01 E307.02105
G1 X195.104 Y35.522 E307.03733
G1 X195.228 Y35.05 E307.05356
G1 X195.432 Y34.616 E307.06951
G1 X195.658 Y34.292 E307.08265
G1 X195.938 Y33.996 E307.0962
G1 X182.717 Y33.996 E307.53593
G1 X183.014 Y34.331 E307.55082
G1 X183.315 Y34.824 E307.57003
G1 X183.433 Y35.115 E307.58048
G1 X183.543 Y35.586 E307.59657
G1 X183.569 Y35.991 E307.61006
G1 X183.51 Y36.573 E307.62952
G1 X183.364 Y37.042 E307.64586
G1 X183.139 Y37.479 E307.66221
G1 X182.904 Y37.782 E307.67496
G1 X182.705 Y37.984 E307.68439
M204 S2000
G0 F9000 X181.284 Y38.34
M204 S500
G1 F1621.6 X181.712 Y38.385 E307.70028
G1 F1800 X196.916 Y38.391 E308.20597
G1 F1607.1 X197.352 Y38.343 E308.22231
G1 F1568.6 X197.065 Y38.23 E308.23408
G1 F1730.8 X196.469 Y37.948 E308.25688
G1 F1777.8 X195.952 Y37.431 E308.28151
G1 F1800 X195.693 Y37.003 E308.29815
G1 X195.513 Y36.525 E308.31513
G1 X195.463 Y36.023 E308.33191
G1 X195.5 Y35.589 E308.3464
G1 X195.605 Y35.187 E308.36022
G1 X195.781 Y34.814 E308.37394
G1 X196.02 Y34.471 E308.38784
G1 X196.382 Y34.125 E308.4045
G1 F1714.3 X196.907 Y33.806 E308.42595
G1 F1565.2 X197.413 Y33.636 E308.44637
G1 F1636.4 X197.011 Y33.596 E308.46115
G1 F1800 X181.467 Y33.596 E308.97814
G1 F1694.1 X181.05 Y33.621 E308.99291
G1 X181.571 Y33.763 E309.01199
G1 F1800 X182.034 Y33.96 E309.02873
G1 X182.411 Y34.266 E309.04487
G1 X182.688 Y34.564 E309.05841
G1 X183.022 Y35.113 E309.07978
G1 X183.135 Y35.594 E309.09621
G1 X183.169 Y35.991 E309.10947
G1 X183.117 Y36.491 E309.12619
G1 X182.991 Y36.894 E309.14023
G1 X182.803 Y37.259 E309.15389
G1 X182.556 Y37.578 E309.1673
G1 X182.249 Y37.861 E309.18119
G1 X181.854 Y38.113 E309.19678
G1 F1621.6 X181.284 Y38.34 E309.21943
M204 S2000
G0 F9000 X182.433 Y37.473
G0 X182.842 Y36.83
G0 X182.958 Y36.461
G0 X182.985 Y35.668
G0 X182.87 Y35.175
G0 X182.561 Y34.665
G0 X182.067 Y34.208
G0 X181.05 Y33.621
M204 S500
G1 F1618 X180.883 Y33.615 E309.22561
G1 F1710.2 X180.441 Y33.67 E309.2412
G1 F1822.8 X180.324 Y33.705 E309.24521
M204 S2000
G0 F9000 X197.413 Y33.636
M204 S500
G1 F1545.1 X197.68 Y33.622 E309.25557
G1 F1662.8 X197.96 Y33.627 E309.26566
G1 F1795.5 X198.289 Y33.7 E309.27689
G1 F1925.1 X198.45 Y33.747 E309.28211
M204 S2000
G0 F9000 X199.338 Y34.416
G0 X199.561 Y34.665
G0 X199.87 Y35.175
G0 X200.009 Y35.999
G0 X199.958 Y36.461
G0 X199.666 Y37.17
G0 X199.248 Y37.624
G0 X198.308 Y38.278
M204 S500
G1 F1870.1 X198.208 Y38.308 E309.28545
G1 F1791 X197.836 Y38.363 E309.29802
G1 F1578.9 X197.352 Y38.343 E309.31639
M204 S2000
G0 F9000 X196.703 Y37.616
M204 S500
;TYPE:WALL-OUTER
G1 F1800 X196.257 Y37.162 E309.33756
G1 X196.045 Y36.804 E309.35139
G1 X195.903 Y36.406 E309.36545
G1 X195.867 Y36.04 E309.37768
G1 X195.895 Y35.672 E309.38996
G1 X195.99 Y35.309 E309.40244
G1 X196.137 Y35.003 E309.41373
G1 X196.34 Y34.719 E309.42534
G1 X196.646 Y34.433 E309.43927
G1 X197.094 Y34.161 E309.4567
G1 X197.523 Y34.062 E309.47134
G1 X197.938 Y34.034 E309.48518
G1 X198.376 Y34.119 E309.50002
G1 F1698.1 X198.424 Y34.109 E309.50175
G1 F1519 X198.777 Y34.18 E309.51594
G1 F1387.3 X199.202 Y34.523 E309.53951
G1 F1361.1 X199.421 Y34.778 E309.55429
G1 F1398.1 X199.692 Y35.241 E309.57727
G1 F1431.4 X199.797 Y35.689 E309.59651
G1 F1445.8 X199.818 Y35.991 E309.60905
G1 F1442.9 X199.771 Y36.426 E309.6272
G1 F1428.6 X199.673 Y36.751 E309.64143
G1 F1409 X199.517 Y37.066 E309.65636
G1 F1384.6 X199.316 Y37.34 E309.67106
G1 F1345.8 X199.054 Y37.593 E309.68726
G1 F1313.9 X198.628 Y37.876 E309.71056
G1 F1512.6 X198.207 Y37.9 E309.72725
G1 F1800 X198.148 Y37.916 E309.72928
G1 X197.87 Y37.943 E309.73857
G1 X197.498 Y37.915 E309.75098
G1 X197.133 Y37.82 E309.76353
G1 X196.703 Y37.616 E309.77936
M204 S2000
G1 F2400 E308.97936
G0 F9000 X196.209 Y38.109
G0 X180.132 Y38.309
G0 X180.035 Y38.591
M204 S500
G1 F2400 E309.77936
G1 F1756.1 X180.345 Y38.698 E309.79054
G1 F1800 X180.759 Y38.785 E309.80461
G1 X197.711 Y38.792 E310.36843
G1 X198.081 Y38.743 E310.38085
G1 X198.431 Y38.649 E310.3929
G1 F1500 X198.803 Y38.407 E310.41061
G1 F1285.7 X199.124 Y38.223 E310.42784
G1 F1306.7 X199.408 Y38.005 E310.44424
G1 F1345.8 X199.721 Y37.678 E310.46438
G1 F1374 X199.956 Y37.354 E310.48182
G1 F1400.8 X200.191 Y36.837 E310.50609
G1 F1425.7 X200.282 Y36.426 E310.52377
G1 F1431.4 X200.314 Y36.115 E310.53684
G1 F1428.6 X200.313 Y35.764 E310.55155
G1 F1425.7 X200.243 Y35.369 E310.5684
G1 F1417.3 X200.123 Y34.956 E310.58657
G1 F1395.3 X199.849 Y34.479 E310.61017
G1 F1363.6 X199.664 Y34.229 E310.62382
G1 F1330.9 X199.417 Y33.988 E310.63935
G1 F1366.2 X198.86 Y33.563 E310.67005
G1 F1585.9 X198.524 Y33.354 E310.68499
G1 F1800 X198.029 Y33.225 E310.702
G1 X197.698 Y33.196 E310.71305
G1 X180.835 Y33.195 E311.27392
G1 X180.247 Y33.297 E311.29377
G1 F1487.6 X179.847 Y33.561 E311.31305
G1 F1276.6 X179.407 Y33.829 E311.33721
G1 F1306.7 X179.127 Y34.077 E311.35435
G1 F1350.8 X178.825 Y34.422 E311.37467
G1 F1379.3 X178.569 Y34.834 E311.39573
G1 F1409 X178.377 Y35.401 E311.42116
G1 F1434.3 X178.33 Y35.762 E311.43636
G1 X178.329 Y36.223 E311.4556
G1 F1431.4 X178.379 Y36.605 E311.47171
G1 F1422.9 X178.532 Y37.04 E311.49111
G1 F1400.8 X178.65 Y37.278 E311.50247
G1 F1379.3 X178.82 Y37.555 E311.51657
G1 F1355.9 X178.98 Y37.751 E311.52775
G1 F1335.8 X179.308 Y38.077 E311.54847
G1 F1313.9 X179.516 Y38.227 E311.56016
G1 F1283.4 X179.705 Y38.335 E311.57031
G1 F1460.4 X180.035 Y38.591 E311.58743
M204 S2000
G0 F9000 X179.671 Y37.681
M204 S500
G1 F1335.8 X179.23 Y37.231 E311.61567
G1 F1392.6 X179.001 Y36.841 E311.63511
G1 F1431.4 X178.86 Y36.44 E311.65289
G1 F1451.6 X178.816 Y36.058 E311.66875
G1 F1442.9 X178.846 Y35.656 E311.68548
G1 F1431.4 X178.932 Y35.315 E311.70018
G1 F1411.8 X179.082 Y34.983 E311.71563
G1 F1382 X179.296 Y34.673 E311.73195
G1 F1340.8 X179.609 Y34.37 E311.7514
G1 F1292.6 X180.058 Y34.088 E311.77596
G1 F1487.6 X180.412 Y34.089 E311.79021
G1 F1800 X180.524 Y34.062 E311.79404
G1 X180.942 Y34.032 E311.80798
G1 X181.415 Y34.131 E311.82405
G1 X181.827 Y34.306 E311.83894
G1 X182.159 Y34.576 E311.85317
G1 X182.357 Y34.796 E311.86302
G1 X182.646 Y35.265 E311.88134
G1 X182.75 Y35.717 E311.89677
G1 X182.768 Y36.014 E311.90666
G1 X182.724 Y36.395 E311.91942
G1 X182.613 Y36.753 E311.93188
G1 X182.452 Y37.059 E311.94338
G1 X182.248 Y37.318 E311.95435
G1 X182.017 Y37.53 E311.96478
G1 X181.612 Y37.792 E311.98082
G1 X181.152 Y37.915 E311.99666
G1 X180.833 Y37.943 E312.00731
G1 X180.484 Y37.913 E312.01896
G1 X180.317 Y37.871 E312.02469
G1 F1490.7 X179.973 Y37.837 E312.03857
G1 F1288 X179.671 Y37.681 E312.05437
M204 S2000
G0 F9000 X179.574 Y37.887
G0 X180.44 Y38.151
G0 X181.2 Y38.15
G0 X181.488 Y38.072
G0 X183.861 Y37.126
G0 X184.102 Y37.224
M204 S500
;TYPE:SKIN
G1 F1800 X184.207 Y36.895 E312.06586
G1 X184.271 Y36.595 E312.07606
G1 X184.333 Y36.072 E312.09358
G1 X184.307 Y35.61 E312.10897
G1 X184.268 Y35.34 E312.11804
G1 X184.166 Y34.911 E312.13271
G1 X184.102 Y34.756 E312.13828
G1 X194.518 Y34.756 E312.48472
G1 X194.388 Y35.262 E312.5021
G1 X194.342 Y35.524 E312.51095
G1 X194.302 Y36.084 E312.52962
G1 X194.35 Y36.558 E312.54546
G1 X194.447 Y36.984 E312.56
G1 X194.538 Y37.23 E312.56872
G1 X184.102 Y37.224 E312.91582
M204 S2000
G0 F9000 X183.861 Y37.126
G0 X183.959 Y35.165
G0 X184.429 Y35.056
M204 S500
G1 F1800 X184.53 Y34.955 E312.92057
M204 S2000
G0 F9000 X185.096 Y34.955
M204 S500
G1 F1800 X184.5 Y35.551 E312.94861
M204 S2000
G0 F9000 X184.53 Y36.086
M204 S500
G1 F1800 X185.662 Y34.955 E313.00183
M204 S2000
G0 F9000 X186.227 Y34.955
M204 S500
G1 F1800 X184.455 Y36.727 E313.08518
M204 S2000
G0 F9000 X184.724 Y37.024
M204 S500
G1 F1800 X186.793 Y34.955 E313.1825
M204 S2000
G0 F9000 X187.359 Y34.955
M204 S500
G1 F1800 X185.29 Y37.024 E313.27982
M204 S2000
G0 F9000 X185.855 Y37.024
M204 S500
G1 F1800 X187.924 Y34.955 E313.37714
M204 S2000
G0 F9000 X188.49 Y34.955
M204 S500
G1 F1800 X186.42 Y37.024 E313.47448
M204 S2000
G0 F9000 X186.986 Y37.024
M204 S500
G1 F1800 X189.056 Y34.955 E313.57182
M204 S2000
G0 F9000 X189.621 Y34.955
M204 S500
G1 F1800 X187.551 Y37.025 E313.66919
M204 S2000
G0 F9000 X188.117 Y37.025
M204 S500
G1 F1800 X190.187 Y34.955 E313.76656
M204 S2000
G0 F9000 X190.753 Y34.955
M204 S500
G1 F1800 X188.682 Y37.025 E313.86395
M204 S2000
G0 F9000 X189.247 Y37.026
M204 S500
G1 F1800 X191.319 Y34.955 E313.96138
M204 S2000
G0 F9000 X191.884 Y34.955
M204 S500
G1 F1800 X189.812 Y37.026 E314.05882
M204 S2000
G0 F9000 X190.377 Y37.027
M204 S500
G1 F1800 X192.45 Y34.955 E314.1563
M204 S2000
G0 F9000 X193.016 Y34.955
M204 S500
G1 F1800 X190.943 Y37.027 E314.25379
M204 S2000
G0 F9000 X191.508 Y37.028
M204 S500
G1 F1800 X193.581 Y34.955 E314.3513
M204 S2000
G0 F9000 X194.147 Y34.955
M204 S500
G1 F1800 X192.074 Y37.028 E314.4488
M204 S2000
G0 F9000 X192.639 Y37.028
M204 S500
G1 F1800 X194.14 Y35.527 E314.51941
M204 S2000
G0 F9000 X194.109 Y36.124
M204 S500
G1 F1800 X193.204 Y37.029 E314.56197
M204 S2000
G0 F9000 X193.77 Y37.029
M204 S500
G1 F1800 X194.158 Y36.64 E314.58025
M204 S2000
G0 F9000 X194.905 Y36.468
G1 F2400 E313.78025
;MESH:NONMESH
G0 F300 X194.905 Y36.468 Z1.4
G0 F9000 X194.801 Y37.412
G0 X183.829 Y37.407
G0 X182.87 Y35.175
G0 X182.561 Y34.665
G0 X181.951 Y34.101
G0 X181.463 Y33.892
G0 X180.956 Y33.792
G0 X179.999 Y33.94
G0 X179.483 Y34.254
G0 X179.29 Y34.438
G0 X178.573 Y35.333
G0 X177.514 Y35.099
G0 X171.427 Y33.135
G0 X162.753 Y33.454
G0 X162.124 Y32.571
G0 X158.202 Y32.615
G0 X158.287 Y32.329
;TIME_ELAPSED:584.021959
;LAYER:6
M204 S500
;TYPE:WALL-INNER
;MESH:part_2.stl
G1 F2400 E314.58025
G1 F1800 X158.015 Y32.248 E314.58969
G1 X157.656 Y32.107 E314.60252
G1 X157.394 Y31.979 E314.61221
G1 X157.093 Y31.802 E314.62383
G1 X156.787 Y31.582 E314.63636
G1 X156.511 Y31.345 E314.64846
G1 X156.315 Y31.15 E314.65766
G1 X156.056 Y30.842 E314.67104
G1 X155.872 Y30.584 E314.68158
G1 X155.639 Y30.192 E314.69675
G1 X155.41 Y29.628 E314.717
G1 X155.324 Y29.338 E314.72706
G1 X155.225 Y28.798 E314.74532
G1 X155.199 Y28.371 E314.75955
G1 X155.215 Y27.93 E314.77422
G1 X155.259 Y27.598 E314.78536
G1 X155.336 Y27.248 E314.79728
G1 X155.415 Y26.983 E314.80648
G1 X155.621 Y26.489 E314.82428
G1 X155.796 Y26.167 E314.83647
G1 X155.97 Y25.904 E314.84696
G1 X156.189 Y25.622 E314.85883
G1 X156.592 Y25.206 E314.8781
G1 X156.965 Y24.917 E314.89379
G1 X157.221 Y24.751 E314.90394
G1 X157.589 Y24.556 E314.91779
G1 X158.023 Y24.38 E314.93337
G1 X158.34 Y24.288 E314.94435
G1 X158.858 Y24.193 E314.96186
G1 X159.364 Y24.16 E314.97873
G1 X159.892 Y24.197 E314.99633
G1 X160.225 Y24.256 E315.00758
G1 X160.533 Y24.336 E315.01816
G1 X160.887 Y24.459 E315.03063
G1 X161.187 Y24.589 E315.0415
G1 X161.634 Y24.851 E315.05874
G1 X161.913 Y25.049 E315.07012
G1 X162.184 Y25.284 E315.08205
G1 X162.389 Y25.488 E315.09167
G1 X162.63 Y25.773 E315.10408
G1 X162.836 Y26.065 E315.11596
G1 X163.023 Y26.386 E315.12832
G1 X163.23 Y26.831 E315.14464
G1 X163.373 Y27.297 E315.16086
G1 X163.446 Y27.654 E315.17298
G1 X163.486 Y27.981 E315.18393
G1 X163.498 Y28.34 E315.19588
G1 X163.482 Y28.703 E315.20797
G1 X163.438 Y29.033 E315.21904
G1 X163.364 Y29.368 E315.23045
G1 X163.284 Y29.64 E315.23988
G1 X163.092 Y30.107 E315.25667
G1 X162.891 Y30.478 E315.27071
G1 X162.642 Y30.84 E315.28532
G1 X162.379 Y31.151 E315.29887
G1 X162.143 Y31.386 E315.30994
G1 X161.88 Y31.605 E315.32133
G1 X161.527 Y31.856 E315.33573
G1 X161.167 Y32.05 E315.34934
G1 X160.844 Y32.192 E315.36107
G1 X160.531 Y32.296 E315.37204
G1 X160.194 Y32.382 E315.38361
G1 X159.79 Y32.444 E315.3972
G1 X159.349 Y32.465 E315.41189
G1 X159 Y32.453 E315.4235
G1 X158.683 Y32.414 E315.43413
G1 X158.287 Y32.329 E315.4476
M204 S2000
G0 F9000 X158.202 Y32.615
G0 X159.352 Y32.707
G0 X160.233 Y32.617
G0 X161.163 Y32.3
G0 X162.664 Y31.435
M204 S500
G1 F1909.8 X162.147 Y31.872 E315.46882
G1 F2099.1 X161.717 Y32.173 E315.48379
G1 F2117.6 X161.33 Y32.384 E315.49625
G1 F2111.4 X160.979 Y32.537 E315.50711
G1 F2105.3 X160.637 Y32.653 E315.51738
G1 F2093 X160.271 Y32.746 E315.52818
G1 X159.835 Y32.814 E315.5408
G1 F2074.9 X159.35 Y32.84 E315.55481
G1 F2069 X158.978 Y32.825 E315.56559
G1 F2057.1 X158.5 Y32.762 E315.57962
G1 F2051.3 X158.218 Y32.697 E315.58806
G1 F2069 X157.872 Y32.594 E315.59851
G1 X157.528 Y32.459 E315.6092
G1 F2045.5 X157.267 Y32.336 E315.61765
G1 X156.863 Y32.098 E315.63137
G1 F2069 X156.555 Y31.875 E315.64237
G1 X156.27 Y31.631 E315.65323
G1 X156.003 Y31.363 E315.66418
G1 F2051.3 X155.75 Y31.061 E315.67568
G1 X155.562 Y30.792 E315.68525
G1 F2069 X155.281 Y30.319 E315.70117
G1 F2051.3 X155.055 Y29.754 E315.71893
G1 F2057.1 X154.964 Y29.433 E315.72864
G1 F2069 X154.864 Y28.916 E315.74388
G1 F2063 X154.825 Y28.401 E315.75887
G1 F2045.5 X154.829 Y28.086 E315.76809
G1 X154.89 Y27.539 E315.7842
G1 F2069 X154.974 Y27.156 E315.79555
G1 X155.078 Y26.816 E315.80583
G1 X155.284 Y26.328 E315.82116
G1 F2074.9 X155.457 Y26.008 E315.83166
G1 X155.663 Y25.691 E315.84257
G1 F2069 X155.91 Y25.374 E315.85419
G1 F2033.9 X156.14 Y25.127 E315.86413
G1 F2045.5 X156.345 Y24.929 E315.87247
G1 F2087 X156.647 Y24.68 E315.8837
G1 F2057.1 X157.027 Y24.429 E315.89695
G1 F2045.5 X157.418 Y24.223 E315.90989
G1 F2069 X157.908 Y24.026 E315.92517
G1 F2080.9 X158.255 Y23.925 E315.93557
G1 F2039.7 X158.59 Y23.856 E315.94561
G1 F2016.8 X159.047 Y23.803 E315.95926
G1 F2074.9 X159.438 Y23.789 E315.97055
G1 F2117.6 X159.943 Y23.829 E315.98487
G1 F2111.4 X160.308 Y23.894 E315.99539
G1 F2074.9 X160.637 Y23.975 E316.00516
G1 F2033.9 X161.24 Y24.197 E316.02408
G1 X161.746 Y24.473 E316.04104
G1 F2074.9 X162.144 Y24.757 E316.05515
G1 F1935.5 X162.675 Y25.209 E316.07672
M204 S2000
G0 F9000 X163.474 Y26.793
G0 X163.724 Y27.966
G0 X163.677 Y29.053
G0 X163.497 Y29.758
G0 X163.114 Y30.575
G0 X162.574 Y31.294
G0 X161.669 Y32.05
G0 X160.59 Y32.528
G0 X158.482 Y32.839
G0 X158.43 Y33.133
M204 S500
G1 F1800 X158.947 Y33.197 E316.09405
G1 X159.366 Y33.215 E316.10799
G1 X159.77 Y33.196 E316.12145
G1 X160.19 Y33.143 E316.13553
G1 X160.561 Y33.063 E316.14815
G1 X160.943 Y32.948 E316.16142
G1 X161.335 Y32.794 E316.17543
G1 X161.669 Y32.631 E316.18779
G1 X162.032 Y32.413 E316.20187
G1 X162.37 Y32.173 E316.21566
G1 X162.691 Y31.911 E316.22944
G1 F1804.5 X163.079 Y31.634 E316.24526
G1 X163.459 Y31.404 E316.25999
G1 F1800 X163.928 Y31.175 E316.27735
G1 X164.306 Y31.026 E316.29087
G1 X164.801 Y30.88 E316.30803
G1 X165.202 Y30.796 E316.32166
G1 X165.714 Y30.733 E316.33882
G1 X166.053 Y30.716 E316.3501
G1 X180.353 Y30.713 E316.82572
G1 F1734.9 X180.617 Y30.699 E316.83485
G1 F1582.4 X180.856 Y30.674 E316.84394
G1 F1551.7 X181.433 Y30.689 E316.86621
G1 F1603.6 X181.725 Y30.66 E316.87716
G1 F1592.9 X182.113 Y30.558 E316.89224
G1 X182.475 Y30.405 E316.90701
G1 F1607.1 X182.802 Y30.191 E316.92157
G1 F1596.5 X183.096 Y29.917 E316.93664
G1 F1585.9 X183.345 Y29.613 E316.95148
G1 X183.555 Y29.185 E316.96947
G1 X183.701 Y28.704 E316.98845
G1 F1582.4 X183.722 Y28.305 E317.00357
G1 X183.704 Y28.038 E317.01369
G1 F1592.9 X183.624 Y27.644 E317.0288
G1 F1614.3 X183.48 Y27.261 E317.04397
G1 F1610.7 X183.341 Y27.018 E317.05438
G1 F1589.4 X183.092 Y26.697 E317.06968
G1 F1582.4 X182.719 Y26.383 E317.08813
G1 F1585.9 X182.389 Y26.174 E317.10287
G1 F1589.4 X181.885 Y25.993 E317.12305
G1 F1592.9 X181.397 Y25.943 E317.14148
G1 F1572.1 X180.962 Y25.949 E317.15805
G1 F1662.8 X180.344 Y25.918 E317.18033
G1 F1800 X166.131 Y25.916 E317.65305
G1 X165.677 Y25.897 E317.66817
G1 X165.245 Y25.844 E317.68264
G1 X164.732 Y25.734 E317.70009
G1 X164.174 Y25.561 E317.71953
G1 X163.693 Y25.348 E317.73702
G1 X163.267 Y25.119 E317.75311
G1 X162.881 Y24.866 E317.76846
G1 X162.275 Y24.387 E317.79415
G1 X161.858 Y24.102 E317.81095
G1 X161.313 Y23.821 E317.83134
G1 X160.744 Y23.614 E317.85148
G1 X160.228 Y23.495 E317.86909
G1 X159.852 Y23.443 E317.88172
G1 X159.345 Y23.417 E317.8986
G1 X159.022 Y23.427 E317.90935
G1 X158.527 Y23.482 E317.92592
G1 X158.017 Y23.6 E317.94333
G1 X157.621 Y23.73 E317.95719
G1 X157.235 Y23.895 E317.97115
G1 X156.833 Y24.105 E317.98624
G1 X156.33 Y24.451 E318.00654
G1 X155.871 Y24.858 E318.02695
G1 X155.497 Y25.28 E318.0457
G1 X155.221 Y25.679 E318.06184
G1 X155.003 Y26.055 E318.07629
G1 X154.835 Y26.406 E318.08924
G1 X154.696 Y26.779 E318.10248
G1 X154.583 Y27.176 E318.11621
G1 X154.505 Y27.577 E318.12979
G1 X154.451 Y28.068 E318.14622
G1 X154.457 Y28.599 E318.16388
G1 X154.495 Y28.988 E318.17688
G1 X154.569 Y29.388 E318.19041
G1 X154.697 Y29.872 E318.20707
G1 X154.922 Y30.431 E318.22711
G1 X155.16 Y30.859 E318.2434
G1 X155.45 Y31.29 E318.26067
G1 X155.796 Y31.688 E318.27821
G1 X156.027 Y31.915 E318.28899
G1 X156.324 Y32.169 E318.30198
G1 X156.657 Y32.41 E318.31566
G1 X157.093 Y32.672 E318.33257
G1 X157.563 Y32.879 E318.34966
G1 X157.933 Y33.006 E318.36267
G1 X158.43 Y33.133 E318.37973
M204 S2000
G0 F9000 X158.482 Y32.839
G0 X160.59 Y32.528
G0 X161.669 Y32.05
G0 X163.862 Y30.341
M204 S500
G1 F1800 X164.131 Y30.241 E318.38927
G1 X164.637 Y30.097 E318.40677
G1 X165.038 Y30.013 E318.4204
G1 X165.614 Y29.938 E318.43972
G1 X166.053 Y29.916 E318.45434
G1 X167.583 Y29.916 E318.50522
G1 X167.429 Y29.742 E318.51295
G1 X167.187 Y29.35 E318.52828
G1 X167.084 Y29.099 E318.5373
G1 X166.998 Y28.799 E318.54768
G1 X166.954 Y28.14 E318.56965
G1 X166.99 Y27.874 E318.57857
G1 X167.095 Y27.504 E318.59137
G1 X167.319 Y27.056 E318.60803
G1 X167.572 Y26.718 E318.62207
G1 X166.098 Y26.715 E318.67109
G1 X165.542 Y26.688 E318.68961
G1 X165.027 Y26.618 E318.70689
G1 X164.612 Y26.529 E318.72101
G1 X163.87 Y26.311 E318.74673
G1 X164.03 Y26.693 E318.76051
G1 X164.141 Y27.073 E318.77368
G1 X164.222 Y27.444 E318.78631
G1 X164.283 Y27.907 E318.80184
G1 X164.298 Y28.37 E318.81725
G1 X164.284 Y28.719 E318.82886
G1 X164.221 Y29.202 E318.84506
G1 X164.139 Y29.568 E318.85754
G1 X164.052 Y29.866 E318.86786
G1 X163.862 Y30.341 E318.88488
M204 S2000
G0 F9000 X162.664 Y31.435
M204 S500
G1 F1786.6 X162.915 Y31.262 E318.89509
G1 F1800 X163.254 Y31.06 E318.90822
G1 X163.71 Y30.834 E318.92515
G1 X164.244 Y30.625 E318.94422
G1 X164.719 Y30.488 E318.96066
G1 X165.205 Y30.391 E318.97715
G1 X165.651 Y30.337 E318.99209
G1 X166.053 Y30.316 E319.00548
G1 F1795.5 X168.768 Y30.315 E319.096
G1 F1747.6 X169.098 Y30.305 E319.10731
G1 X168.777 Y30.228 E319.11862
G1 F1795.5 X168.482 Y30.114 E319.12917
G1 F1800 X168.231 Y29.969 E319.13881
G1 X167.979 Y29.762 E319.14966
G1 X167.73 Y29.478 E319.16222
G1 X167.557 Y29.198 E319.17316
G1 X167.397 Y28.809 E319.18715
G1 X167.355 Y28.052 E319.21237
G1 X167.479 Y27.616 E319.22745
G1 X167.639 Y27.296 E319.23935
G1 X167.893 Y26.959 E319.25338
G1 X168.213 Y26.682 E319.26746
G1 F1795.5 X168.591 Y26.473 E319.28186
G1 F1694.1 X168.918 Y26.34 E319.29434
G1 X168.552 Y26.318 E319.30729
G1 F1795.5 X166.114 Y26.316 E319.38859
G1 F1800 X165.649 Y26.296 E319.40407
G1 X165.122 Y26.229 E319.42174
G1 X164.617 Y26.117 E319.43894
G1 X164.012 Y25.927 E319.46003
G1 X163.531 Y25.714 E319.47753
G1 X163.028 Y25.442 E319.49655
G1 X162.675 Y25.209 E319.51061
G1 X162.947 Y25.529 E319.52458
G1 X163.18 Y25.86 E319.53805
G1 X163.339 Y26.127 E319.54838
G1 X163.623 Y26.726 E319.57043
G1 X163.757 Y27.185 E319.58633
G1 X163.83 Y27.525 E319.5979
G1 X163.885 Y27.944 E319.61196
G1 X163.898 Y28.355 E319.62563
G1 X163.885 Y28.693 E319.63688
G1 X163.829 Y29.118 E319.65114
G1 X163.748 Y29.482 E319.66354
G1 X163.668 Y29.753 E319.67294
G1 X163.462 Y30.262 E319.69121
G1 X163.221 Y30.705 E319.70798
G1 X162.972 Y31.067 E319.72259
G1 F1786.6 X162.664 Y31.435 E319.73867
M204 S2000
G0 F9000 X164.723 Y30.652
G0 X168.613 Y30.072
G0 X168.762 Y29.813
M204 S500
G1 F1800 X168.345 Y29.573 E319.75468
G1 X167.965 Y29.138 E319.77389
G1 X167.787 Y28.704 E319.78949
G1 X167.755 Y28.096 E319.80974
G1 X167.894 Y27.622 E319.82617
G1 X168.213 Y27.199 E319.84379
G1 X168.405 Y27.033 E319.85223
G1 X168.874 Y26.777 E319.87
G1 X169.224 Y26.722 E319.88179
G1 X174.434 Y26.719 E320.05507
G1 X174.881 Y26.796 E320.07016
G1 X175.294 Y27.031 E320.08596
G1 X175.476 Y27.19 E320.094
G1 X175.737 Y27.535 E320.10839
G1 X175.837 Y27.738 E320.11592
G1 X175.954 Y28.167 E320.1307
G1 X175.889 Y28.715 E320.14906
G1 X175.821 Y28.929 E320.15653
G1 X175.614 Y29.311 E320.17098
G1 X175.254 Y29.63 E320.18698
G1 X174.904 Y29.823 E320.20027
G1 X174.474 Y29.915 E320.2149
G1 X169.238 Y29.915 E320.38905
G1 X168.762 Y29.813 E320.40524
M204 S2000
G0 F9000 X169.098 Y30.305
M204 S500
G1 F1747.6 X169.306 Y30.316 E320.41237
G1 F1795.5 X174.407 Y30.315 E320.58246
G1 F1751.8 X174.617 Y30.304 E320.58964
M204 S2000
G0 F9000 X176.133 Y29.914
M204 S500
G1 F1800 X179.197 Y29.914 E320.69155
G1 X178.997 Y29.621 E320.70335
G1 X178.802 Y29.191 E320.71906
G1 X178.653 Y28.616 E320.73881
G1 X178.67 Y27.926 E320.76177
G1 X178.743 Y27.639 E320.77162
G1 X178.88 Y27.238 E320.78571
G1 X179.049 Y26.903 E320.79819
G1 X179.176 Y26.717 E320.80568
G1 X176.122 Y26.718 E320.90726
G1 X176.376 Y27.053 E320.92124
G1 X176.608 Y27.524 E320.9387
G1 X176.716 Y27.924 E320.95248
G1 X176.747 Y28.266 E320.96391
G1 X176.684 Y28.811 E320.98215
G1 X176.525 Y29.31 E320.99957
G1 X176.368 Y29.6 E321.01054
G1 X176.133 Y29.914 E321.02359
M204 S2000
G0 F9000 X174.617 Y30.304
M204 S500
G1 F1751.8 X175.22 Y30.315 E321.0442
G1 F1800 X180.201 Y30.313 E321.20987
G1 X179.831 Y30.038 E321.2252
G1 X179.601 Y29.797 E321.23628
G1 X179.328 Y29.396 E321.25241
G1 X179.188 Y29.089 E321.26364
G1 X179.053 Y28.569 E321.2815
G1 X179.071 Y27.915 E321.30326
G1 X179.259 Y27.368 E321.3225
G1 X179.379 Y27.129 E321.3314
G1 X179.574 Y26.844 E321.34288
G1 X179.802 Y26.606 E321.35385
G1 X180.189 Y26.318 E321.36989
G1 X175.218 Y26.317 E321.53523
G1 F1777.8 X174.73 Y26.327 E321.55166
G1 X175.17 Y26.5 E321.56759
G1 F1800 X175.492 Y26.683 E321.5799
G1 X175.795 Y26.948 E321.59329
G1 X176.057 Y27.294 E321.60773
G1 X176.223 Y27.631 E321.62022
G1 X176.324 Y28.006 E321.63314
G1 X176.346 Y28.251 E321.64132
G1 X176.287 Y28.763 E321.65846
G1 X176.173 Y29.12 E321.67093
G1 X176.016 Y29.41 E321.68189
G1 X175.771 Y29.738 E321.69551
G1 X175.448 Y29.981 E321.70896
G1 X175.173 Y30.132 E321.71939
G1 F1786.6 X174.899 Y30.237 E321.72922
G1 F1739.1 X174.617 Y30.304 E321.7392
M204 S2000
G0 F9000 X175.472 Y29.782
G0 X175.816 Y29.438
G0 X176.109 Y28.902
G0 X176.196 Y28.151
G0 X176.023 Y27.52
G0 X175.606 Y26.97
G0 X174.642 Y26.329
M204 S500
G1 F1747.6 X174.434 Y26.318 E321.74634
G1 F1795.5 X169.316 Y26.316 E321.91699
G1 F1698.1 X168.918 Y26.34 E321.93104
M204 S2000
G0 F9000 X174.522 Y26.48
G0 X174.977 Y26.576
G0 X175.56 Y26.909
G0 X176.023 Y27.52
G0 X176.496 Y29.734
G0 X180.852 Y30.452
G0 X180.887 Y30.196
M204 S500
G1 F1568.6 X180.418 Y29.976 E321.95082
G1 F1678.3 X179.989 Y29.656 E321.96991
G1 F1760.4 X179.601 Y29.086 E321.99336
G1 F1800 X179.452 Y28.518 E322.01289
G1 X179.475 Y27.968 E322.0312
G1 X179.663 Y27.422 E322.0504
G1 X179.961 Y26.986 E322.06797
G1 F1730.8 X180.384 Y26.672 E322.08619
G1 F1600 X181.002 Y26.412 E322.11128
G1 F1575.5 X181.38 Y26.392 E322.12566
G1 F1614.3 X181.86 Y26.453 E322.14361
G1 F1607.1 X182.194 Y26.582 E322.15694
G1 F1585.9 X182.451 Y26.753 E322.1686
G1 F1578.9 X182.721 Y26.957 E322.18143
G1 F1585.9 X182.972 Y27.28 E322.19687
G1 F1614.3 X183.102 Y27.498 E322.20628
G1 F1629 X183.251 Y27.996 E322.22539
G1 F1614.3 X183.262 Y28.523 E322.24494
G1 F1607.1 X183.182 Y28.917 E322.25991
G1 F1596.5 X182.955 Y29.379 E322.27922
G1 F1585.9 X182.768 Y29.604 E322.29026
G1 F1596.5 X182.528 Y29.837 E322.3028
G1 F1610.7 X182.212 Y30.035 E322.31666
G1 F1618 X181.74 Y30.199 E322.33515
G1 F1585.9 X181.369 Y30.245 E322.34927
G1 F1528.7 X180.887 Y30.196 E322.36824
M204 S2000
G0 F9000 X180.946 Y29.761
M204 S500
;TYPE:WALL-OUTER
G1 F1800 X180.651 Y29.644 E322.3788
G1 X180.283 Y29.377 E322.39392
G1 X179.971 Y28.917 E322.4124
G1 X179.857 Y28.486 E322.42723
G1 X179.869 Y28.063 E322.44131
G1 X180.015 Y27.628 E322.45657
G1 X180.252 Y27.269 E322.47088
G1 X180.589 Y27.018 E322.48485
G1 X181.076 Y26.839 E322.50211
G1 X181.348 Y26.817 E322.51119
G1 X181.789 Y26.879 E322.526
G1 X182.029 Y26.977 E322.53462
G1 X182.398 Y27.243 E322.54975
G1 X182.7 Y27.63 E322.56608
G1 X182.823 Y28.033 E322.58009
G1 X182.838 Y28.494 E322.59543
G1 X182.787 Y28.747 E322.60402
G1 X182.564 Y29.198 E322.62075
G1 X182.282 Y29.492 E322.6343
G1 X182.043 Y29.646 E322.64376
G1 X181.636 Y29.789 E322.6581
G1 X181.386 Y29.816 E322.66647
G1 X180.946 Y29.761 E322.68122
M204 S2000
G1 F2400 E321.88122
G0 F9000 X180.85 Y30.452
G0 X169.217 Y30.154
G0 X168.782 Y30.062
G0 X168.077 Y29.72
G0 X168.604 Y29.261
M204 S500
G1 F2400 E322.68122
G1 F1800 X168.308 Y28.923 E322.69616
G1 X168.182 Y28.601 E322.70766
G1 X168.158 Y28.167 E322.72212
G1 X168.256 Y27.806 E322.73456
G1 X168.559 Y27.405 E322.75127
G1 X169.008 Y27.16 E322.76829
G1 X169.316 Y27.116 E322.77863
G1 X174.475 Y27.123 E322.95022
G1 X174.774 Y27.196 E322.96046
G1 X175.133 Y27.4 E322.97419
G1 X175.441 Y27.807 E322.99117
G1 X175.549 Y28.199 E323.00469
G1 X175.487 Y28.705 E323.02165
G1 X175.298 Y29.055 E323.03488
G1 X175.085 Y29.267 E323.04488
G1 X174.763 Y29.444 E323.0571
G1 X174.442 Y29.513 E323.06802
G1 X169.264 Y29.511 E323.24024
G1 X168.908 Y29.436 E323.25234
G1 X168.604 Y29.261 E323.264
M204 S2000
G1 F2400 E322.464
G0 F9000 X168.077 Y29.72
G0 X164.256 Y30.791
G0 X161.669 Y32.05
G0 X160.59 Y32.528
G0 X159.794 Y32.684
G0 X159.123 Y32.662
G0 X158.201 Y32.615
G0 X158.401 Y31.945
M204 S500
G1 F2400 E323.264
G1 F1800 X158.114 Y31.859 E323.27397
G1 X157.848 Y31.755 E323.28347
G1 X157.557 Y31.612 E323.29425
G1 X157.298 Y31.458 E323.30428
G1 X157.03 Y31.264 E323.31528
G1 X156.793 Y31.061 E323.32566
G1 X156.585 Y30.853 E323.33544
G1 X156.382 Y30.609 E323.346
G1 X156.198 Y30.352 E323.35651
G1 X155.989 Y29.998 E323.37018
G1 X155.794 Y29.514 E323.38754
G1 X155.711 Y29.235 E323.39722
G1 X155.623 Y28.759 E323.41332
G1 X155.599 Y28.383 E323.42585
G1 X155.612 Y27.98 E323.43926
G1 X155.65 Y27.683 E323.44922
G1 X155.72 Y27.363 E323.46012
G1 X155.805 Y27.082 E323.46988
G1 X155.982 Y26.661 E323.48507
G1 X156.13 Y26.387 E323.49543
G1 X156.304 Y26.125 E323.50589
G1 X156.494 Y25.882 E323.51615
G1 X156.858 Y25.505 E323.53358
G1 X157.183 Y25.253 E323.54726
G1 X157.437 Y25.088 E323.55733
G1 X157.771 Y24.912 E323.56989
G1 X158.151 Y24.76 E323.5835
G1 X158.44 Y24.676 E323.59351
G1 X158.911 Y24.59 E323.60944
G1 X159.393 Y24.559 E323.6255
G1 X159.842 Y24.596 E323.64048
G1 X160.139 Y24.648 E323.65051
G1 X160.423 Y24.721 E323.66027
G1 X160.717 Y24.822 E323.67061
G1 X161.003 Y24.946 E323.68097
G1 X161.402 Y25.177 E323.69631
G1 X161.67 Y25.368 E323.70725
G1 X161.902 Y25.568 E323.71744
G1 X162.102 Y25.767 E323.72683
G1 X162.317 Y26.023 E323.73794
G1 X162.492 Y26.27 E323.74801
G1 X162.651 Y26.537 E323.75835
G1 X162.878 Y27.029 E323.77637
G1 X162.989 Y27.409 E323.78954
G1 X163.049 Y27.703 E323.79952
G1 X163.088 Y28.018 E323.81007
G1 X163.098 Y28.324 E323.82026
G1 X163.085 Y28.653 E323.83121
G1 X163.047 Y28.949 E323.84113
G1 X162.98 Y29.255 E323.85155
G1 X162.893 Y29.547 E323.86169
G1 X162.723 Y29.953 E323.87633
G1 X162.572 Y30.233 E323.88691
G1 X162.3 Y30.629 E323.90289
G1 X162.095 Y30.869 E323.91338
G1 X161.885 Y31.08 E323.92329
G1 X161.648 Y31.279 E323.93358
G1 X161.321 Y31.511 E323.94691
G1 X160.991 Y31.689 E323.95938
G1 X160.698 Y31.818 E323.97003
G1 X160.407 Y31.915 E323.98023
G1 X160.111 Y31.99 E323.99039
G1 X159.741 Y32.046 E324.00284
G1 X159.339 Y32.065 E324.01622
G1 X159.01 Y32.052 E324.02717
G1 X158.716 Y32.014 E324.03703
G1 X158.401 Y31.945 E324.04776
M204 S2000
G1 F2400 E323.24776
G0 F9000 X158.201 Y32.615
G0 X158.482 Y32.839
G0 X158.356 Y33.527
M204 S500
G1 F2400 E324.04776
G1 F1800 X158.913 Y33.596 E324.06643
G1 X159.35 Y33.615 E324.08097
G1 X159.789 Y33.596 E324.09559
G1 X160.24 Y33.541 E324.1107
G1 X160.675 Y33.447 E324.1255
G1 X161.059 Y33.332 E324.13884
G1 X161.482 Y33.167 E324.15394
G1 X161.859 Y32.983 E324.16789
G1 X162.239 Y32.757 E324.18259
G1 X162.603 Y32.498 E324.19745
G1 X162.955 Y32.213 E324.21252
G1 X163.325 Y31.95 E324.22762
G1 X163.679 Y31.74 E324.24131
G1 X164.075 Y31.547 E324.25596
G1 X164.453 Y31.398 E324.26947
G1 X164.883 Y31.272 E324.28437
G1 X165.301 Y31.185 E324.29858
G1 X165.735 Y31.133 E324.31311
G1 X166.053 Y31.116 E324.32371
G1 X181.454 Y31.114 E324.83594
G1 X181.799 Y31.079 E324.84748
G1 X182.252 Y30.965 E324.86302
G1 X182.676 Y30.78 E324.8784
G1 X183.063 Y30.527 E324.89378
G1 X183.408 Y30.212 E324.90932
G1 X183.707 Y29.845 E324.92506
G1 X183.954 Y29.341 E324.94373
G1 X184.088 Y28.894 E324.95925
G1 X184.13 Y28.62 E324.96847
G1 X184.152 Y28.303 E324.97904
G1 X184.127 Y27.979 E324.98985
G1 X184.034 Y27.523 E325.00533
G1 X183.862 Y27.084 E325.02101
G1 X183.7 Y26.783 E325.03238
G1 X183.401 Y26.401 E325.04851
G1 X182.972 Y26.036 E325.06725
G1 X182.574 Y25.787 E325.08286
G1 X181.934 Y25.567 E325.10537
G1 X181.417 Y25.518 E325.12264
G1 X166.147 Y25.516 E325.63053
G1 X165.692 Y25.497 E325.64567
G1 X165.279 Y25.444 E325.65952
G1 X164.848 Y25.351 E325.67419
G1 X164.336 Y25.195 E325.69199
G1 X163.841 Y24.975 E325.71
G1 X163.468 Y24.773 E325.72411
G1 X163.11 Y24.538 E325.73836
G1 X162.513 Y24.065 E325.76369
G1 X162.064 Y23.758 E325.78178
G1 X161.474 Y23.454 E325.80386
G1 X160.858 Y23.23 E325.82566
G1 X160.301 Y23.101 E325.84467
G1 X159.892 Y23.044 E325.85841
G1 X159.43 Y23.017 E325.8738
G1 X159.027 Y23.026 E325.88721
G1 X158.459 Y23.087 E325.90621
G1 X157.909 Y23.215 E325.92499
G1 X157.496 Y23.349 E325.93943
G1 X157.089 Y23.521 E325.95413
G1 X156.627 Y23.761 E325.97144
G1 X156.082 Y24.135 E325.99343
G1 X155.587 Y24.575 E326.01546
G1 X155.182 Y25.032 E326.03577
G1 X154.891 Y25.45 E326.0527
G1 X154.656 Y25.853 E326.06822
G1 X154.467 Y26.248 E326.08279
G1 X154.322 Y26.632 E326.09644
G1 X154.194 Y27.083 E326.11203
G1 X154.109 Y27.517 E326.12674
G1 X154.051 Y28.048 E326.14451
G1 X154.056 Y28.605 E326.16303
G1 X154.099 Y29.043 E326.17767
G1 X154.175 Y29.461 E326.1918
G1 X154.317 Y29.998 E326.21028
G1 X154.56 Y30.603 E326.23196
G1 X154.818 Y31.068 E326.24965
G1 X155.13 Y31.533 E326.26827
G1 X155.494 Y31.952 E326.28673
G1 X155.746 Y32.201 E326.29852
G1 X156.076 Y32.484 E326.31297
G1 X156.437 Y32.744 E326.32777
G1 X156.909 Y33.028 E326.34609
G1 X157.417 Y33.252 E326.36456
G1 X157.819 Y33.39 E326.3787
G1 X158.356 Y33.527 E326.39713
M204 S2000
G0 F9000 X158.482 Y32.839
G0 X160.59 Y32.528
G0 X161.669 Y32.05
G0 X162.402 Y31.438
G0 X164.21 Y29.681
G0 X164.466 Y29.761
M204 S500
;TYPE:SKIN
G1 F1800 X164.595 Y29.145 E326.41806
G1 X164.645 Y28.71 E326.43262
G1 X164.659 Y28.384 E326.44348
G1 X164.643 Y27.881 E326.46022
G1 X164.578 Y27.38 E326.47702
G1 X164.464 Y26.861 E326.49469
G1 X164.947 Y26.97 E326.51116
G1 X165.582 Y27.054 E326.53246
G1 X166.088 Y27.075 E326.54931
G1 X166.913 Y27.077 E326.57675
G1 X166.762 Y27.374 E326.58783
G1 X166.641 Y27.783 E326.60202
G1 X166.601 Y28.069 E326.61162
G1 X166.632 Y28.829 E326.63692
G1 X166.749 Y29.235 E326.65097
G1 X166.882 Y29.555 E326.6625
G1 X166.091 Y29.555 E326.68881
G1 X165.587 Y29.581 E326.70559
G1 X165.11 Y29.637 E326.72157
G1 X164.466 Y29.761 E326.74338
M204 S2000
G0 F9000 X165.189 Y29.424
M204 S500
G1 F1800 X164.806 Y29.041 E326.7614
M204 S2000
G0 F9000 X164.852 Y28.521
M204 S500
G1 F1800 X165.704 Y29.373 E326.80147
M204 S2000
G0 F9000 X166.243 Y29.347
M204 S500
G1 F1800 X164.844 Y27.948 E326.86728
M204 S2000
G0 F9000 X164.772 Y27.31
M204 S500
G1 F1800 X166.473 Y29.011 E326.94729
M204 S2000
G0 F9000 X166.412 Y28.385
M204 S500
G1 F1800 X165.239 Y27.212 E327.00246
M204 S2000
G0 F9000 X165.858 Y27.265
M204 S500
G1 F1800 X166.429 Y27.836 E327.02932
M204 S2000
G0 F9000 X166.886 Y27.899
G0 X167.761 Y29.268
G0 X168.193 Y29.761
G0 X168.68 Y30.041
G0 X169.217 Y30.154
G0 X174.495 Y30.154
G0 X177.404 Y29.814
G0 X177.404 Y29.129
M204 S500
G1 F1603.6 X177.977 Y29.128 E327.05071
G1 F1625.3 X177.887 Y28.773 E327.0642
G1 F1730.8 X177.905 Y28.295 E327.08075
G1 F1747.6 X177.901 Y27.814 E327.09723
G1 F1659 X177.976 Y27.498 E327.10895
G1 F1643.8 X177.408 Y27.498 E327.12963
G1 X177.48 Y27.762 E327.1396
G1 F1730.8 X177.509 Y28.287 E327.15779
G1 F1710.2 X177.448 Y28.992 E327.18256
G1 F1603.6 X177.404 Y29.129 E327.18793
M204 S2000
G0 F9000 X176.822 Y29.553
M204 S500
G1 F1800 X178.572 Y29.552 E327.24613
G1 X178.453 Y29.284 E327.25589
G1 X178.295 Y28.646 E327.27775
G1 X178.31 Y27.891 E327.30287
G1 X178.405 Y27.516 E327.31573
G1 X178.559 Y27.077 E327.33121
G1 X176.783 Y27.078 E327.39028
G1 X176.956 Y27.43 E327.40332
G1 X177.069 Y27.85 E327.41779
G1 X177.109 Y28.278 E327.43208
G1 X177.033 Y28.893 E327.45269
G1 X176.822 Y29.553 E327.47574
M204 S2000
G0 F9000 X176.822 Y30.114
G1 F2400 E326.67574
;MESH:part_4.stl
G0 F9000 X166.034 Y30.898
G0 X166.056 Y31.981
G0 X165.826 Y36.003
G0 X165.063 Y36.766
G0 X162.19 Y41.135
M204 S500
;TYPE:WALL-INNER
G1 F2400 E327.47574
G1 F1384.6 X161.883 Y41.41 E327.49356
G1 F1371.4 X161.495 Y41.834 E327.51865
M204 S2000
G0 F9000 X158.802 Y44.666
G0 X159.87 Y46.787
G0 X156.154 Y51.312
M204 S500
G1 F1804.5 X159.689 Y47.777 E327.68451
G1 X160.048 Y47.546 E327.69867
G1 F1800 X160.352 Y47.484 E327.70899
G1 X160.552 Y47.495 E327.71566
G1 X160.813 Y47.575 E327.72473
G1 X161.029 Y47.708 E327.73317
G1 X162.565 Y49.236 E327.80523
G1 X163.04 Y48.895 E327.82468
G1 X163.389 Y48.678 E327.83835
G1 X163.958 Y48.375 E327.85979
G1 X164.491 Y48.143 E327.87912
G1 X165.161 Y47.916 E327.90265
G1 X165.801 Y47.757 E327.92459
G1 X166.448 Y47.655 E327.94637
G1 X167.009 Y47.61 E327.96509
G1 X167.399 Y47.603 E327.97806
G1 X167.742 Y47.613 E327.98948
G1 X168.383 Y47.67 E328.01088
G1 X168.706 Y47.721 E328.02176
G1 X169.308 Y47.853 E328.04226
G1 X180.976 Y50.977 E328.444
G1 F1662.8 X181.352 Y51.043 E328.45775
G1 F1406.2 X181.531 Y51.06 E328.4654
G1 F1304.3 X181.758 Y51.171 E328.477
G1 F1311.5 X182.137 Y51.326 E328.49569
G1 F1306.7 X182.478 Y51.428 E328.512
G1 F1304.3 X182.938 Y51.494 E328.53333
G1 F1302 X183.333 Y51.487 E328.5515
G1 F1299.6 X183.71 Y51.429 E328.56907
G1 F1304.3 X183.989 Y51.36 E328.58226
G1 F1306.7 X184.385 Y51.209 E328.60168
G1 F1302 X184.706 Y51.016 E328.6189
G1 F1304.3 X184.919 Y50.865 E328.63088
G1 F1309.1 X185.161 Y50.659 E328.64542
G1 F1304.3 X185.456 Y50.316 E328.66618
G1 X185.693 Y49.953 E328.68608
G1 F1306.7 X185.882 Y49.515 E328.70794
G1 F1309.1 X185.987 Y49.106 E328.72725
G1 F1299.6 X186.031 Y48.703 E328.74592
G1 F1297.3 X186.03 Y48.305 E328.76429
G1 F1304.3 X185.936 Y47.813 E328.78728
G1 F1306.7 X185.82 Y47.473 E328.80374
G1 F1309.1 X185.685 Y47.172 E328.81883
G1 X185.465 Y46.839 E328.83708
G1 F1304.3 X185.151 Y46.481 E328.85893
G1 F1309.1 X184.783 Y46.17 E328.88097
G1 F1328.4 X184.573 Y46.032 E328.89229
G1 X184.26 Y45.874 E328.9081
G1 F1313.9 X183.848 Y45.739 E328.92785
G1 F1304.3 X183.496 Y45.67 E328.94431
G1 F1302 X183.036 Y45.641 E328.96551
G1 F1304.3 X182.646 Y45.681 E328.9835
G1 X182.325 Y45.753 E328.9986
G1 F1313.9 X181.969 Y45.872 E329.01571
G1 F1318.7 X181.665 Y46.026 E329.03118
G1 F1304.3 X181.427 Y46.179 E329.04416
G1 F1302 X181.21 Y46.345 E329.05673
G1 F1292.6 X180.914 Y46.616 E329.07531
G1 F1481.5 X180.566 Y46.778 E329.09083
G1 F1782.2 X180.38 Y46.885 E329.09804
G1 F1800 X179.748 Y47.143 E329.12074
G1 X178.94 Y47.251 E329.14785
G1 X178.255 Y47.143 E329.17092
G1 X171.198 Y45.252 E329.41391
G1 X170.724 Y45.033 E329.43128
G1 X170.35 Y44.741 E329.44706
G1 X169.941 Y44.25 E329.46832
G1 X169.709 Y43.717 E329.48765
G1 X169.614 Y43.164 E329.50631
G1 X169.654 Y42.604 E329.52499
G1 X169.744 Y42.279 E329.5362
G1 X168.121 Y40.65 E329.61269
G1 X167.966 Y40.402 E329.62241
G1 X167.893 Y40.155 E329.63098
G1 X167.882 Y39.954 E329.63767
G1 X167.944 Y39.65 E329.64799
G1 F1791 X168.115 Y39.353 E329.65945
G1 X171.709 Y35.756 E329.82942
G1 F1804.5 X171.427 Y35.474 E329.84265
G1 F1791 X167.83 Y39.068 E330.01261
G1 X167.534 Y39.24 E330.02406
G1 F1800 X167.23 Y39.302 E330.03438
G1 X167.029 Y39.291 E330.04107
G1 X166.751 Y39.203 E330.05077
G1 X166.552 Y39.085 E330.05847
G1 X165.064 Y37.596 E330.12848
G1 X157.994 Y44.666 E330.46103
G1 X159.507 Y46.18 E330.53222
G1 X159.659 Y46.505 E330.54415
G1 X159.699 Y46.831 E330.55508
G1 X159.637 Y47.135 E330.5654
G1 F1804.5 X159.407 Y47.495 E330.57957
G1 X155.872 Y51.03 E330.74543
G1 X156.154 Y51.312 E330.75866
M204 S2000
G0 F9000 X156.154 Y51.877
M204 S500
G1 F1800 X159.971 Y48.059 E330.93823
G1 X160.187 Y47.921 E330.94675
G1 X160.369 Y47.884 E330.95293
G1 X160.646 Y47.938 E330.96231
G1 X160.783 Y48.024 E330.96769
G1 X162.54 Y49.776 E331.05022
G1 X162.818 Y49.544 E331.06226
G1 X163.272 Y49.221 E331.0808
G1 X163.579 Y49.03 E331.09282
G1 X164.118 Y48.742 E331.11315
G1 X164.651 Y48.51 E331.13248
G1 X165.234 Y48.311 E331.15297
G1 X165.865 Y48.152 E331.17461
G1 X166.48 Y48.054 E331.19533
G1 X167.041 Y48.009 E331.21405
G1 X167.389 Y48.003 E331.22562
G1 X167.708 Y48.012 E331.23624
G1 X168.323 Y48.066 E331.25677
G1 X168.586 Y48.106 E331.26562
G1 X169.205 Y48.239 E331.28668
G1 X181.333 Y51.495 E331.70434
G1 X181.736 Y51.677 E331.71905
G1 X181.98 Y51.775 E331.72779
G1 X182.376 Y51.894 E331.74154
G1 X182.906 Y51.97 E331.75935
G1 X183.247 Y51.967 E331.7707
G1 X183.506 Y51.945 E331.77934
G1 X183.807 Y51.896 E331.78948
G1 X184.134 Y51.814 E331.8007
G1 X184.482 Y51.679 E331.81311
G1 X184.715 Y51.565 E331.82174
G1 X184.967 Y51.416 E331.83148
G1 X185.202 Y51.248 E331.84108
G1 X185.405 Y51.077 E331.84991
G1 X185.594 Y50.889 E331.85878
G1 X185.838 Y50.601 E331.87133
G1 X186.038 Y50.296 E331.88346
G1 X186.168 Y50.053 E331.89263
G1 X186.282 Y49.789 E331.90219
G1 X186.371 Y49.526 E331.91143
G1 X186.455 Y49.192 E331.92288
G1 X186.51 Y48.727 E331.93846
G1 X186.501 Y48.259 E331.95403
G1 X186.428 Y47.84 E331.96817
G1 X186.361 Y47.58 E331.9771
G1 X186.261 Y47.296 E331.98712
G1 X186.146 Y47.041 E331.99642
G1 X186.024 Y46.82 E332.00482
G1 X185.857 Y46.569 E332.01484
G1 X185.69 Y46.358 E332.02379
G1 X185.495 Y46.149 E332.0333
G1 X185.279 Y45.954 E332.04298
G1 X185.054 Y45.782 E332.0524
G1 X184.808 Y45.626 E332.06209
G1 X184.557 Y45.494 E332.07152
G1 X184.313 Y45.391 E332.08033
G1 X183.969 Y45.278 E332.09237
G1 X183.559 Y45.196 E332.10628
G1 X183.189 Y45.171 E332.11861
G1 X182.909 Y45.176 E332.12793
G1 X182.57 Y45.21 E332.13926
G1 X182.213 Y45.29 E332.15143
G1 X181.964 Y45.369 E332.16012
G1 X181.54 Y45.545 E332.17539
G1 X181.15 Y45.788 E332.19067
G1 X180.913 Y45.975 E332.20071
G1 X180.651 Y46.209 E332.21239
G1 X180.262 Y46.502 E332.22859
G1 X179.628 Y46.76 E332.25136
G1 X178.943 Y46.847 E332.27432
G1 X178.358 Y46.756 E332.29401
G1 X171.336 Y44.874 E332.53581
G1 X170.936 Y44.692 E332.55043
G1 X170.636 Y44.461 E332.56302
G1 X170.281 Y44.034 E332.58149
G1 X170.089 Y43.591 E332.59755
G1 X170.012 Y43.117 E332.61352
G1 X170.062 Y42.522 E332.63338
G1 X170.225 Y42.194 E332.64556
G1 X168.417 Y40.38 E332.73075
G1 X168.332 Y40.241 E332.73616
G1 X168.282 Y39.972 E332.74526
G1 X168.319 Y39.789 E332.75147
G1 X168.422 Y39.612 E332.75829
G1 X172.274 Y35.756 E332.93957
G1 X171.427 Y34.909 E332.97941
G1 X167.571 Y38.761 E333.16069
G1 X167.395 Y38.865 E333.16749
G1 X167.212 Y38.902 E333.1737
G1 X166.969 Y38.863 E333.18188
G1 X166.809 Y38.776 E333.18794
G1 X165.064 Y37.03 E333.27004
G1 X157.428 Y44.666 E333.62922
G1 X159.124 Y46.362 E333.70899
G1 X159.234 Y46.512 E333.71518
G1 X159.299 Y46.814 E333.72545
G1 X159.262 Y46.996 E333.73163
G1 X159.124 Y47.212 E333.74015
G1 X155.307 Y51.03 E333.91972
G1 X156.154 Y51.877 E333.95956
M204 S2000
G0 F9000 X156.154 Y51.495
G0 X160.396 Y47.313
G0 X162.595 Y48.701
M204 S500
G1 F1800 X163.2 Y48.325 E333.98325
G1 X163.799 Y48.009 E334.00578
G1 X164.331 Y47.776 E334.02509
G1 X165.062 Y47.528 E334.05077
G1 X165.737 Y47.362 E334.07389
G1 X166.416 Y47.256 E334.09674
G1 X167.064 Y47.208 E334.11835
G1 X167.409 Y47.203 E334.12983
G1 X167.777 Y47.215 E334.14208
G1 X168.443 Y47.275 E334.16432
G1 X168.79 Y47.33 E334.176
G1 X169.412 Y47.466 E334.19718
G1 X181.435 Y50.685 E334.61115
G1 X181.164 Y50.437 E334.62337
G1 X180.943 Y50.175 E334.63477
G1 X180.767 Y49.905 E334.64549
G1 X180.59 Y49.519 E334.65961
G1 X180.468 Y49.083 E334.67467
G1 X180.416 Y48.775 E334.68506
G1 X180.433 Y48.139 E334.70622
G1 X180.546 Y47.724 E334.72053
G1 X180.652 Y47.452 E334.73024
G1 F1791 X180.848 Y47.084 E334.74417
G1 X180.547 Y47.248 E334.75563
G1 F1800 X179.827 Y47.542 E334.7815
G1 X179.087 Y47.635 E334.8063
G1 X178.821 Y47.637 E334.81515
G1 X178.228 Y47.55 E334.83509
G1 X171.061 Y45.629 E335.08188
G1 X170.657 Y45.443 E335.09667
G1 X170.429 Y45.31 E335.10545
G1 X170.064 Y45.02 E335.12095
G1 X169.601 Y44.468 E335.14492
G1 X169.324 Y43.834 E335.16793
G1 X169.206 Y43.15 E335.19101
G1 X169.255 Y42.57 E335.21037
G1 X169.302 Y42.402 E335.21617
G1 X167.798 Y40.887 E335.28718
G1 X167.6 Y40.563 E335.29981
G1 X167.498 Y40.217 E335.3118
G1 X167.482 Y39.937 E335.32113
G1 X167.542 Y39.642 E335.33115
G1 X167.247 Y39.702 E335.34116
G1 X166.967 Y39.686 E335.35049
G1 X166.577 Y39.564 E335.36408
G1 X166.303 Y39.401 E335.37468
G1 X165.064 Y38.162 E335.43296
G1 X162.661 Y40.565 E335.54599
G1 F1756.1 X162.385 Y40.854 E335.55961
G1 F1500 X162.19 Y41.135 E335.57326
G1 X162.499 Y41.019 E335.58644
G1 F1756.1 X162.867 Y40.863 E335.60006
G1 F1800 X163.293 Y40.747 E335.61475
G1 X163.693 Y40.703 E335.62813
G1 X164.046 Y40.708 E335.63988
G1 X164.312 Y40.746 E335.64881
G1 X164.598 Y40.819 E335.65863
G1 X165.062 Y41.001 E335.67521
G1 X165.617 Y41.406 E335.69806
G1 X165.819 Y41.618 E335.7078
G1 X166.142 Y42.037 E335.72539
G1 X166.268 Y42.269 E335.73418
G1 X166.411 Y42.754 E335.75099
G1 X166.462 Y43.022 E335.76007
G1 X166.483 Y43.577 E335.77854
G1 X166.452 Y43.845 E335.78751
G1 X166.246 Y44.548 E335.81188
G1 X165.863 Y45.125 E335.83491
G1 X165.649 Y45.342 E335.84505
G1 X165.187 Y45.705 E335.86459
G1 X164.979 Y45.82 E335.8725
G1 X164.324 Y46.052 E335.89561
G1 X163.555 Y46.109 E335.92125
G1 X163.168 Y46.027 E335.93441
G1 X162.476 Y45.767 E335.959
G1 X162.033 Y45.435 E335.97741
G1 X161.793 Y45.207 E335.98842
G1 X161.38 Y44.613 E336.01248
G1 X161.26 Y44.323 E336.02292
G1 X161.14 Y43.935 E336.03643
G1 X161.086 Y43.358 E336.05571
G1 X161.139 Y42.905 E336.07088
G1 X161.251 Y42.5 E336.08485
G1 F1714.3 X161.404 Y42.105 E336.09964
G1 F1454.5 X161.495 Y41.834 E336.11141
G1 X161.253 Y42.001 E336.12351
G1 F1714.3 X160.939 Y42.286 E336.13832
G1 F1800 X158.559 Y44.666 E336.25027
G1 X159.69 Y45.797 E336.30347
G1 X159.914 Y46.066 E336.31511
G1 X160.078 Y46.48 E336.32992
G1 X160.099 Y46.849 E336.34222
G1 X160.039 Y47.144 E336.35223
G1 X160.334 Y47.084 E336.36224
G1 X160.614 Y47.1 E336.37157
G1 X160.98 Y47.211 E336.38429
G1 X161.319 Y47.425 E336.39762
G1 X162.595 Y48.701 E336.45764
M204 S2000
G0 F9000 X160.273 Y46.911
G0 X158.802 Y44.666
G0 X161.081 Y42.412
G0 X162.171 Y45.253
G0 X163.387 Y45.682
M204 S500
G1 F1800 X162.675 Y45.416 E336.48292
G1 X162.149 Y45.022 E336.50478
G1 X161.68 Y44.328 E336.53264
G1 X161.522 Y43.817 E336.55043
G1 X161.484 Y43.404 E336.56422
G1 X161.537 Y42.952 E336.57936
G1 X161.617 Y42.662 E336.58937
G1 X161.842 Y42.157 E336.60775
G1 X162.201 Y41.728 E336.62636
G1 X162.547 Y41.45 E336.64112
G1 X163.032 Y41.227 E336.65888
G1 X163.336 Y41.144 E336.66936
G1 X163.737 Y41.1 E336.68278
G1 X163.989 Y41.104 E336.69116
G1 X164.367 Y41.158 E336.70386
G1 X164.862 Y41.35 E336.72152
G1 X165.423 Y41.758 E336.74459
G1 X165.87 Y42.338 E336.76894
G1 X166.061 Y42.979 E336.79119
G1 X166.086 Y43.677 E336.81442
G1 X165.872 Y44.39 E336.83918
G1 X165.498 Y44.953 E336.86166
G1 X164.874 Y45.433 E336.88785
G1 X164.238 Y45.658 E336.91028
G1 X163.687 Y45.698 E336.92866
G1 X163.387 Y45.682 E336.93865
M204 S2000
G0 F9000 X163.524 Y45.309
M204 S500
G1 F1800 X162.867 Y45.055 E336.96208
G1 X162.421 Y44.718 E336.98067
G1 X162.046 Y44.159 E337.00306
G1 X161.904 Y43.699 E337.01907
G1 X161.881 Y43.451 E337.02736
G1 X161.945 Y42.908 E337.04554
G1 X162.188 Y42.365 E337.06533
G1 X162.484 Y42.011 E337.08067
G1 X162.764 Y41.789 E337.09256
G1 X163.285 Y41.553 E337.11158
G1 X163.859 Y41.489 E337.13079
G1 X164.26 Y41.547 E337.14427
G1 X164.661 Y41.699 E337.15853
G1 X165.139 Y42.044 E337.17814
G1 X165.513 Y42.537 E337.19872
G1 X165.665 Y43.05 E337.21652
G1 X165.683 Y43.632 E337.23588
G1 X165.507 Y44.219 E337.25626
G1 X165.206 Y44.671 E337.27433
G1 X164.713 Y45.062 E337.29526
G1 X164.156 Y45.263 E337.31495
G1 X163.524 Y45.309 E337.33603
M204 S2000
G1 F2400 E336.53603
G0 F9000 X163.421 Y45.586
G0 X161.106 Y44.369
G0 X161.081 Y42.412
G0 X158.802 Y44.666
G0 X160.273 Y46.911
G0 X162.625 Y48.491
G0 X168.145 Y47.532
G0 X181.834 Y50.616
M204 S500
G1 F2400 E337.33603
G1 F1411.8 X181.693 Y50.425 E337.34609
G1 F1662.8 X181.278 Y49.956 E337.36864
G1 F1800 X181.101 Y49.686 E337.37938
G1 X180.975 Y49.41 E337.38947
G1 X180.813 Y48.832 E337.40944
G1 X180.838 Y48.201 E337.43044
G1 X180.959 Y47.724 E337.44681
G1 F1782.2 X181.182 Y47.322 E337.46225
G1 F1481.5 X181.289 Y47.033 E337.4747
G1 F1292.6 X181.554 Y46.775 E337.49183
G1 F1311.5 X182.044 Y46.43 E337.51919
G1 F1318.7 X182.292 Y46.332 E337.5313
G1 X182.86 Y46.196 E337.55781
G1 F1309.1 X183.444 Y46.221 E337.58454
G1 F1304.3 X183.713 Y46.272 E337.59711
G1 F1318.7 X184.142 Y46.418 E337.61768
G1 F1323.5 X184.45 Y46.601 E337.63389
G1 F1318.7 X184.966 Y47.07 E337.66555
G1 F1316.3 X185.301 Y47.631 E337.69527
G1 X185.483 Y48.33 E337.72812
G1 X185.458 Y48.976 E337.75752
G1 X185.316 Y49.47 E337.7809
G1 F1313.9 X185.071 Y49.918 E337.80417
G1 F1311.5 X184.646 Y50.395 E337.83333
G1 F1309.1 X184.146 Y50.714 E337.86046
G1 X183.699 Y50.874 E337.88217
G1 F1306.7 X183.056 Y50.952 E337.91184
G1 F1309.1 X182.508 Y50.876 E337.93715
G1 F1306.7 X181.834 Y50.616 E337.97024
M204 S2000
G0 F9000 X182.119 Y50.221
M204 S500
G1 F1800 X181.656 Y49.803 E337.99099
G1 X181.385 Y49.389 E338.00745
G1 X181.213 Y48.781 E338.02846
G1 X181.234 Y48.26 E338.04581
G1 X181.335 Y47.868 E338.05927
G1 X181.599 Y47.407 E338.07694
G1 X181.852 Y47.145 E338.08905
G1 X182.335 Y46.806 E338.10868
G1 X182.944 Y46.671 E338.12943
G1 X183.499 Y46.707 E338.14793
G1 X184.061 Y46.886 E338.16754
G1 X184.59 Y47.375 E338.1915
G1 X184.84 Y47.778 E338.20728
G1 X185.003 Y48.349 E338.22703
G1 X184.987 Y48.891 E338.24506
G1 X184.872 Y49.281 E338.25859
G1 X184.701 Y49.61 E338.27092
G1 X184.338 Y50.022 E338.28918
G1 X183.94 Y50.28 E338.30496
G1 X183.627 Y50.398 E338.31608
G1 X183.021 Y50.471 E338.33638
G1 X182.609 Y50.404 E338.35027
G1 X182.119 Y50.221 E338.36766
M204 S2000
G0 F9000 X182.325 Y49.872
M204 S500
;TYPE:WALL-OUTER
G1 F1800 X181.947 Y49.517 E338.38491
G1 X181.753 Y49.221 E338.39668
G1 X181.615 Y48.708 E338.41435
G1 X181.634 Y48.297 E338.42804
G1 X181.724 Y47.993 E338.43858
G1 X181.936 Y47.633 E338.45248
G1 X182.102 Y47.457 E338.46052
G1 X182.502 Y47.178 E338.47674
G1 X182.956 Y47.075 E338.49223
G1 X183.42 Y47.1 E338.50768
G1 X183.854 Y47.24 E338.52285
G1 X184.268 Y47.616 E338.54145
G1 X184.467 Y47.928 E338.55376
G1 X184.602 Y48.407 E338.57031
G1 X184.59 Y48.812 E338.58379
G1 X184.504 Y49.123 E338.59452
G1 X184.348 Y49.414 E338.6055
G1 X184.08 Y49.715 E338.61891
G1 X183.777 Y49.913 E338.63094
G1 X183.529 Y50.01 E338.6398
G1 X183.021 Y50.066 E338.6568
G1 X182.746 Y50.026 E338.66604
G1 X182.325 Y49.872 E338.68095
M204 S2000
G1 F2400 E337.88095
G0 F9000 X182.083 Y50.528
G0 X180.255 Y48.784
G0 X180.417 Y47.501
G0 X169.586 Y44.701
G0 X169.102 Y42.435
G0 X167.308 Y39.869
G0 X165.064 Y38.405
G0 X162.808 Y40.685
G0 X166.327 Y42.013
G0 X165.749 Y45.468
G0 X163.339 Y45.556
G0 X163.581 Y44.901
M204 S500
G1 F2400 E338.68095
G1 F1800 X163.083 Y44.717 E338.69861
G1 X162.73 Y44.455 E338.71323
G1 X162.421 Y44.003 E338.73144
G1 X162.274 Y43.542 E338.74754
G1 X162.336 Y43.015 E338.76519
G1 X162.532 Y42.573 E338.78127
G1 X162.767 Y42.294 E338.7934
G1 X162.96 Y42.144 E338.80153
G1 X163.39 Y41.943 E338.81732
G1 X163.876 Y41.896 E338.83356
G1 X164.142 Y41.934 E338.84249
G1 X164.454 Y42.046 E338.85352
G1 X164.852 Y42.331 E338.8698
G1 X165.138 Y42.701 E338.88535
G1 X165.268 Y43.133 E338.90036
G1 X165.276 Y43.6 E338.91589
G1 X165.135 Y44.059 E338.93187
G1 X164.914 Y44.392 E338.94516
G1 X164.497 Y44.717 E338.96274
G1 X164.06 Y44.87 E338.97814
G1 X163.581 Y44.901 E338.99411
M204 S2000
G1 F2400 E338.19411
G0 F9000 X163.339 Y45.556
G0 X161.337 Y42.931
G0 X161.262 Y42.101
G0 X158.442 Y44.666
G0 X159.706 Y46.487
G0 X156.154 Y52.061
G0 X156.154 Y52.443
M204 S500
G1 F2400 E338.99411
G1 F1800 X160.297 Y48.299 E339.189
G1 X160.507 Y48.316 E339.19601
G1 X162.516 Y50.318 E339.29034
G1 X163.05 Y49.87 E339.31353
G1 X163.514 Y49.541 E339.33245
G1 X163.769 Y49.382 E339.34244
G1 X164.278 Y49.109 E339.36165
G1 X164.826 Y48.871 E339.38152
G1 X165.358 Y48.692 E339.40019
G1 X165.929 Y48.547 E339.41979
G1 X166.512 Y48.453 E339.43943
G1 X167.085 Y48.408 E339.45854
G1 X167.674 Y48.41 E339.47814
G1 X168.263 Y48.462 E339.4978
G1 X168.538 Y48.504 E339.50705
G1 X169.101 Y48.625 E339.52621
G1 X181.167 Y51.859 E339.94169
G1 X181.587 Y52.049 E339.95702
G1 X181.848 Y52.153 E339.96637
G1 X182.29 Y52.286 E339.98172
G1 X182.88 Y52.37 E340.00154
G1 X183.265 Y52.367 E340.01434
G1 X183.554 Y52.343 E340.02399
G1 X183.888 Y52.288 E340.03525
G1 X184.256 Y52.196 E340.04787
G1 X184.642 Y52.046 E340.06164
G1 X184.905 Y51.917 E340.07138
G1 X185.185 Y51.752 E340.08219
G1 X185.448 Y51.564 E340.09294
G1 X185.675 Y51.373 E340.10281
G1 X185.888 Y51.161 E340.11281
G1 X186.16 Y50.841 E340.12677
G1 X186.382 Y50.5 E340.14031
G1 X186.529 Y50.227 E340.15062
G1 X186.656 Y49.933 E340.16127
G1 X186.755 Y49.639 E340.17159
G1 X186.849 Y49.264 E340.18445
G1 X186.91 Y48.747 E340.20176
G1 X186.905 Y48.377 E340.21407
G1 X186.877 Y48.086 E340.22379
G1 X186.82 Y47.756 E340.23493
G1 X186.744 Y47.463 E340.245
G1 X186.633 Y47.148 E340.25611
G1 X186.504 Y46.862 E340.26654
G1 X186.366 Y46.612 E340.27604
G1 X186.181 Y46.333 E340.28718
G1 X185.994 Y46.097 E340.29719
G1 X185.776 Y45.863 E340.30783
G1 X185.535 Y45.646 E340.31861
G1 X185.284 Y45.454 E340.32913
G1 X185.009 Y45.279 E340.33997
G1 X184.728 Y45.132 E340.35051
G1 X184.453 Y45.016 E340.36044
G1 X184.071 Y44.89 E340.37382
G1 X183.612 Y44.798 E340.38939
G1 X183.199 Y44.771 E340.40316
G1 X182.885 Y44.776 E340.4136
G1 X182.506 Y44.814 E340.42627
G1 X182.109 Y44.903 E340.4398
G1 X181.828 Y44.992 E340.44961
G1 X181.521 Y45.118 E340.46064
G1 X181.249 Y45.254 E340.47076
G1 X180.918 Y45.46 E340.48372
G1 X180.6 Y45.715 E340.49728
G1 X180.411 Y45.889 E340.50583
G1 X180.038 Y46.162 E340.5212
G1 X179.543 Y46.363 E340.53897
G1 X178.927 Y46.441 E340.55962
G1 X178.462 Y46.37 E340.57527
G1 X171.487 Y44.501 E340.81544
G1 X171.126 Y44.333 E340.82868
G1 X170.922 Y44.181 E340.83714
G1 X170.617 Y43.807 E340.8532
G1 X170.482 Y43.494 E340.86453
G1 X170.418 Y43.123 E340.87706
G1 X170.454 Y42.632 E340.89343
G1 X170.642 Y42.253 E340.9075
G1 X170.732 Y42.135 E340.91244
G1 X168.702 Y40.103 E341.00797
G1 X168.682 Y39.99 E341.01179
G1 X168.728 Y39.87 E341.01606
G1 X172.84 Y35.756 E341.20952
G1 X171.427 Y34.343 E341.27599
G1 X167.282 Y38.487 E341.47093
G1 X167.153 Y38.5 E341.47524
G1 X167.067 Y38.465 E341.47833
G1 X165.064 Y36.464 E341.5725
G1 X156.862 Y44.666 E341.9583
G1 X158.856 Y46.661 E342.05211
G1 X158.897 Y46.755 E342.05552
G1 X158.884 Y46.886 E342.0599
G1 X154.741 Y51.03 E342.2548
G1 X156.154 Y52.443 E342.32126
M204 S2000
G0 F9000 X156.154 Y52.061
G0 X160.396 Y47.878
G0 X161.095 Y48.568
G0 X162.79 Y48.467
G0 X162.652 Y48.247
M204 S500
;TYPE:SKIN
G1 F1800 X161.562 Y47.155 E342.37258
G1 X161.132 Y46.882 E342.38952
G1 X160.695 Y46.749 E342.40471
G1 X160.453 Y46.73 E342.41279
G1 X160.433 Y46.403 E342.42368
G1 X160.239 Y45.904 E342.44149
G1 X159.947 Y45.544 E342.45691
G1 X159.07 Y44.666 E342.49818
G1 X160.769 Y42.966 E342.57812
G1 X160.728 Y43.353 E342.59106
G1 X160.797 Y44.05 E342.61436
G1 X160.92 Y44.443 E342.62806
G1 X161.062 Y44.784 E342.64034
G1 X161.443 Y45.344 E342.66287
G1 X161.685 Y45.63 E342.67533
G1 X162.339 Y46.101 E342.70214
G1 X163.045 Y46.366 E342.72722
G1 X163.456 Y46.454 E342.7412
G1 X163.742 Y46.457 E342.75071
G1 X164.4 Y46.407 E342.77266
G1 X165.123 Y46.153 E342.79815
G1 X165.405 Y45.995 E342.8089
G1 X165.893 Y45.606 E342.82966
G1 X166.154 Y45.341 E342.84203
G1 X166.558 Y44.727 E342.86647
G1 X166.804 Y43.914 E342.89472
G1 X166.843 Y43.574 E342.90611
G1 X166.822 Y42.996 E342.92534
G1 X166.762 Y42.67 E342.93637
G1 X166.652 Y42.297 E342.9493
G1 X166.495 Y41.906 E342.96332
G1 X166.09 Y41.38 E342.9854
G1 X165.864 Y41.144 E342.99626
G1 X165.231 Y40.68 E343.02237
G1 X164.731 Y40.484 E343.04023
G1 X164.365 Y40.39 E343.0528
G1 X164.094 Y40.351 E343.06191
G1 X163.652 Y40.344 E343.07661
G1 X163.359 Y40.376 E343.08641
G1 X165.063 Y38.673 E343.16654
G1 X165.934 Y39.545 E343.20753
G1 X166.157 Y39.733 E343.21723
G1 X166.413 Y39.887 E343.22717
G1 X166.81 Y40.04 E343.24132
G1 X167.128 Y40.053 E343.25191
G1 X167.144 Y40.287 E343.25971
G1 X167.269 Y40.707 E343.27428
G1 X167.488 Y41.096 E343.28913
G1 X168.9 Y42.51 E343.35559
G1 X168.848 Y43.202 E343.37867
G1 X168.972 Y43.915 E343.40274
G1 X169.261 Y44.586 E343.42704
G1 X169.418 Y44.811 E343.43617
G1 X169.821 Y45.287 E343.45691
G1 X170.108 Y45.536 E343.46955
G1 X170.492 Y45.761 E343.48435
G1 X170.807 Y45.911 E343.49596
G1 X171.071 Y46.006 E343.50529
G1 X178.146 Y47.9 E343.74889
G1 X178.796 Y47.996 E343.77074
G1 X179.126 Y47.994 E343.78172
G1 X179.911 Y47.895 E343.80804
G1 X180.151 Y47.8 E343.81662
G1 X180.076 Y48.09 E343.82658
G1 X180.059 Y48.818 E343.8508
G1 X180.114 Y49.153 E343.86209
G1 X180.244 Y49.617 E343.87812
G1 X180.438 Y50.046 E343.89378
G1 X169.494 Y47.115 E344.27061
G1 X168.792 Y46.965 E344.29448
G1 X168.506 Y46.92 E344.30411
G1 X167.806 Y46.855 E344.3275
G1 X167.419 Y46.843 E344.34037
G1 X166.949 Y46.852 E344.35601
G1 X166.368 Y46.899 E344.3754
G1 X165.551 Y47.032 E344.40293
G1 X164.887 Y47.203 E344.42573
G1 X164.206 Y47.438 E344.44969
G1 X163.636 Y47.686 E344.47037
G1 X163.033 Y48.005 E344.49306
G1 X162.652 Y48.247 E344.50807
M204 S2000
G0 F9000 X162.791 Y48.467
G0 X160.273 Y46.911
G0 X160.178 Y46.459
G0 X160.613 Y46.345
M204 S500
G1 F1800 X160.856 Y46.588 E344.5195
M204 S2000
G0 F9000 X160.721 Y47.029
G0 X160.273 Y46.911
G0 X158.802 Y44.666
G0 X161.081 Y42.412
G0 X162.456 Y45.867
G0 X162.249 Y46.284
M204 S500
G1 F1800 X163.497 Y47.531 E344.57818
M204 S2000
G0 F9000 X163.128 Y47.728
M204 S500
G1 F1800 X159.709 Y44.309 E344.739
M204 S2000
G0 F9000 X159.426 Y44.592
M204 S500
G1 F1800 X162.758 Y47.924 E344.89573
M204 S2000
G0 F9000 X163.012 Y48.326
G0 X164.071 Y47.78
G0 X163.888 Y47.357
M204 S500
G1 F1800 X163.119 Y46.588 E344.9319
M204 S2000
G0 F9000 X163.754 Y46.657
M204 S500
G1 F1800 X163.95 Y46.853 E344.94112
G1 X163.951 Y46.854
G1 X164.292 Y47.195 E344.95716
M204 S2000
G0 F9000 X164.714 Y47.051
M204 S500
G1 F1800 X164.279 Y46.617 E344.97759
M204 S2000
G0 F9000 X164.731 Y46.502
M204 S500
G1 F1800 X165.154 Y46.926 E344.99751
M204 S2000
G0 F9000 X165.614 Y46.82
M204 S500
G1 F1800 X165.149 Y46.355 E345.01939
M204 S2000
G0 F9000 X165.518 Y46.159
M204 S500
G1 F1800 X166.099 Y46.739 E345.04669
M204 S2000
G0 F9000 X166.604 Y46.679
M204 S500
G1 F1800 X165.833 Y45.908 E345.08296
M204 S2000
G0 F9000 X166.135 Y45.644
M204 S500
G1 F1800 X167.139 Y46.648 E345.13018
M204 S2000
G0 F9000 X167.708 Y46.652
M204 S500
G1 F1800 X166.392 Y45.336 E345.19208
M204 S2000
G0 F9000 X166.618 Y44.996
M204 S500
G1 F1800 X168.324 Y46.702 E345.27233
M204 S2000
G0 F9000 X168.99 Y46.802
M204 S500
G1 F1800 X166.803 Y44.615 E345.3752
M204 S2000
G0 F9000 X166.934 Y44.18
M204 S500
G1 F1800 X169.722 Y46.968 E345.50634
M204 S2000
G0 F9000 X170.494 Y47.175
M204 S500
G1 F1800 X167.025 Y43.706 E345.66951
M204 S2000
G0 F9000 X167.026 Y43.141
M204 S500
G1 F1800 X171.267 Y47.382 E345.86899
M204 S2000
G0 F9000 X172.04 Y47.589
M204 S500
G1 F1800 X170.378 Y45.927 E345.94717
M204 S2000
G0 F9000 X171.288 Y46.272
M204 S500
G1 F1800 X172.812 Y47.796 E346.01885
M204 S2000
G0 F9000 X173.585 Y48.003
M204 S500
G1 F1800 X172.061 Y46.478 E346.09056
M204 S2000
G0 F9000 X172.833 Y46.685
M204 S500
G1 F1800 X174.358 Y48.21 E346.16229
M204 S2000
G0 F9000 X175.13 Y48.417
M204 S500
G1 F1800 X173.605 Y46.891 E346.23404
M204 S2000
G0 F9000 X174.377 Y47.098
M204 S500
G1 F1800 X175.903 Y48.624 E346.30582
M204 S2000
G0 F9000 X176.676 Y48.831
M204 S500
G1 F1800 X175.149 Y47.304 E346.37765
M204 S2000
G0 F9000 X175.921 Y47.511
M204 S500
G1 F1800 X177.448 Y49.037 E346.44945
M204 S2000
G0 F9000 X178.221 Y49.245
M204 S500
G1 F1800 X176.693 Y47.717 E346.52132
M204 S2000
G0 F9000 X177.466 Y47.924
M204 S500
G1 F1800 X178.994 Y49.452 E346.59319
M204 S2000
G0 F9000 X179.766 Y49.658
M204 S500
G1 F1800 X178.223 Y48.115 E346.66577
M204 S2000
G0 F9000 X178.868 Y48.194
M204 S500
G1 F1800 X179.924 Y49.251 E346.71547
M204 S2000
G0 F9000 X179.861 Y48.622
M204 S500
G1 F1800 X179.4 Y48.161 E346.73715
M204 S2000
G0 F9000 X179.344 Y47.703
G0 X172.062 Y45.359
G0 X169.468 Y44.411
G0 X169.046 Y44.595
M204 S500
G1 F1800 X166.905 Y42.454 E346.83786
M204 S2000
G0 F9000 X166.465 Y42.583
G0 X163.278 Y40.587
G0 X162.808 Y40.685
G0 X165.064 Y38.405
G0 X167.308 Y39.869
G0 X167.666 Y40.895
G0 X167.261 Y41.114
M204 S500
G1 F1800 X166.043 Y39.895 E346.89517
M204 S2000
G0 F9000 X166.306 Y39.519
G0 X165.064 Y38.405
G0 X162.808 Y40.685
G0 X164.617 Y40.721
G0 X164.729 Y40.278
M204 S500
G1 F1800 X164.303 Y39.852 E346.91521
G1 X164.302 Y39.851
G1 X164.234 Y39.783 E346.91841
M204 S2000
G0 F9000 X164.517 Y39.501
M204 S500
G1 F1800 X168.732 Y43.716 E347.11667
M204 S2000
G0 F9000 X168.651 Y43.069
M204 S500
G1 F1800 X164.8 Y39.218 E347.29781
M204 S2000
G0 F9000 X164.476 Y38.893
G0 X163.627 Y39.741
G0 X163.951 Y40.066
M204 S500
G1 F1800 X164.035 Y40.15 E347.30176
M204 S2000
G0 F9000 X164.028 Y40.609
G0 X161.081 Y42.412
G0 X159.95 Y43.418
G0 X160.274 Y43.743
M204 S500
G1 F1800 X160.589 Y44.058 E347.31658
M204 S2000
G0 F9000 X159.992 Y44.026
M204 S500
G1 F1800 X160.962 Y44.997 E347.36222
M204 S2000
G0 F9000 X161.595 Y44.568
G1 F2400 E346.56222
;MESH:part_3.stl
G0 F9000 X161.081 Y42.412
G0 X158.802 Y44.666
G0 X160.273 Y46.911
G0 X162.625 Y48.491
G0 X165.88 Y48.334
G0 X166.095 Y49.398
G0 X165.867 Y53.475
G0 X165.865 Y54.56
G0 X170.399 Y55.613
M204 S500
;TYPE:WALL-INNER
G1 F2400 E347.36222
G1 F1387.3 X170.651 Y55.603 E347.37311
G1 F1406.2 X171.052 Y55.612 E347.39018
M204 S2000
G0 F9000 X169.289 Y56.805
G0 X168.979 Y57.184
G0 X168.06 Y59.235
G0 X169.499 Y60.958
G0 X165.772 Y61.538
M204 S500
G1 F1800 X175.769 Y61.563 E347.72269
G1 X175.775 Y59.473 E347.7922
G1 X175.853 Y59.176 E347.80241
G1 X176.101 Y58.825 E347.81671
G1 X176.361 Y58.654 E347.82706
G1 X176.78 Y58.566 E347.8413
G1 F1804.5 X181.778 Y58.576 E348.00712
G1 X181.779 Y58.177 E348.02036
G1 X176.78 Y58.166 E348.18621
G1 F1800 X176.362 Y58.075 E348.20044
G1 X176.104 Y57.902 E348.21077
G1 X175.972 Y57.752 E348.21741
G1 X175.835 Y57.487 E348.22734
G1 X175.786 Y57.249 E348.23542
G1 X175.786 Y55.165 E348.30473
G1 X165.788 Y55.14 E348.63727
G1 X165.78 Y57.228 E348.70671
G1 X165.736 Y57.445 E348.71408
G1 X165.59 Y57.729 E348.7247
G1 X165.457 Y57.877 E348.73132
G1 X165.197 Y58.048 E348.74167
G1 F1791 X164.867 Y58.136 E348.75308
G1 X159.78 Y58.126 E348.92313
G1 F1800 X159.779 Y58.525 E348.9364
G1 F1791 X164.865 Y58.538 E349.1064
G1 X165.196 Y58.627 E349.11786
G1 F1800 X165.454 Y58.8 E349.12819
G1 X165.695 Y59.144 E349.14216
G1 X165.776 Y59.461 E349.15304
G1 X165.772 Y61.538 E349.22213
M204 S2000
G0 F9000 X165.371 Y61.938
M204 S500
G1 F1800 X176.169 Y61.964 E349.58127
G1 X176.179 Y59.489 E349.66359
G1 X176.222 Y59.332 E349.669
G1 X176.37 Y59.121 E349.67758
G1 X176.526 Y59.019 E349.68378
G1 X176.779 Y58.966 E349.69237
G1 X182.176 Y58.976 E349.87188
G1 X182.18 Y57.778 E349.91172
G1 X176.781 Y57.766 E350.0913
G1 X176.53 Y57.711 E350.09984
G1 X176.375 Y57.608 E350.10603
G1 X176.233 Y57.408 E350.11419
G1 X176.184 Y57.216 E350.12078
G1 X176.187 Y54.765 E350.2023
G1 X165.389 Y54.739 E350.56145
G1 X165.381 Y57.192 E350.64303
G1 X165.352 Y57.331 E350.64776
G1 X165.188 Y57.581 E350.6577
G1 X165.032 Y57.684 E350.66392
G1 X164.833 Y57.736 E350.67076
G1 X159.381 Y57.725 E350.85209
G1 X159.377 Y58.924 E350.89197
G1 X164.829 Y58.938 E351.07331
G1 X165.028 Y58.991 E351.08016
G1 X165.262 Y59.185 E351.09027
G1 X165.376 Y59.432 E351.09931
G1 X165.371 Y61.938 E351.18266
M204 S2000
G0 F9000 X165.642 Y61.67
G0 X166.173 Y61.139
M204 S500
G1 F1786.6 X169.804 Y61.148 E351.30434
G1 F1481.5 X170.2 Y61.066 E351.32068
G1 F1469.4 X169.884 Y60.906 E351.33511
G1 F1769 X169.687 Y60.82 E351.34239
G1 F1800 X169.429 Y60.685 E351.35207
G1 X169.16 Y60.507 E351.3628
G1 X168.9 Y60.285 E351.37417
G1 X168.683 Y60.048 E351.38486
G1 X168.448 Y59.696 E351.39894
G1 X168.211 Y59.179 E351.41785
G1 X168.133 Y58.854 E351.42897
G1 X168.072 Y58.253 E351.44906
G1 X168.176 Y57.588 E351.47145
G1 X168.425 Y57.039 E351.4915
G1 X168.615 Y56.74 E351.50328
G1 X168.783 Y56.536 E351.51207
G1 X169.074 Y56.271 E351.52516
G1 X169.473 Y56 E351.5412
G1 X169.902 Y55.804 E351.55689
G1 F1548.4 X170.399 Y55.613 E351.57748
G1 X169.87 Y55.551 E351.59807
G1 F1800 X166.187 Y55.541 E351.72057
G1 X166.178 Y57.264 E351.77788
G1 X166.11 Y57.588 E351.78889
G1 X165.913 Y57.965 E351.80303
G1 X165.726 Y58.173 E351.81234
G1 X165.474 Y58.339 E351.82237
G1 X165.725 Y58.506 E351.8324
G1 X165.91 Y58.716 E351.84171
G1 X166.124 Y59.095 E351.85619
G1 X166.176 Y59.54 E351.87109
G1 X166.173 Y61.139 E351.92427
M204 S2000
G0 F9000 X169.499 Y60.958
G0 X170.13 Y60.569
M204 S500
G1 F1800 X169.649 Y60.352 E351.94182
G1 X169.278 Y60.105 E351.95665
G1 X168.978 Y59.778 E351.9714
G1 X168.81 Y59.527 E351.98145
G1 X168.547 Y58.955 E352.00239
G1 X168.471 Y58.24 E352.02631
G1 X168.574 Y57.674 E352.04544
G1 X168.788 Y57.209 E352.06246
G1 X168.923 Y56.995 E352.07088
G1 X169.091 Y56.792 E352.07964
G1 X169.299 Y56.602 E352.08901
G1 X169.698 Y56.331 E352.10506
G1 X170.005 Y56.191 E352.11628
G1 X170.546 Y56.053 E352.13485
G1 X171.036 Y56.07 E352.15116
G1 X171.307 Y56.118 E352.16031
G1 X171.785 Y56.273 E352.17702
G1 X172.205 Y56.538 E352.19354
G1 X172.555 Y56.88 E352.20982
G1 X172.842 Y57.322 E352.22734
G1 X172.995 Y57.736 E352.24202
G1 X173.085 Y58.283 E352.26046
G1 X173.02 Y58.9 E352.2811
G1 X172.811 Y59.448 E352.3006
G1 X172.593 Y59.778 E352.31376
G1 X172.301 Y60.072 E352.32754
G1 X172.08 Y60.24 E352.33677
G1 X171.714 Y60.446 E352.35074
G1 X171.409 Y60.556 E352.36153
G1 X170.823 Y60.665 E352.38135
G1 X170.13 Y60.569 E352.40462
M204 S2000
G0 F9000 X170.24 Y60.181
M204 S500
G1 F1800 X169.87 Y60.018 E352.41807
G1 X169.54 Y59.8 E352.43122
G1 X169.21 Y59.439 E352.44749
G1 X168.937 Y58.851 E352.46905
G1 X168.875 Y58.263 E352.48872
G1 X168.953 Y57.804 E352.5042
G1 X169.182 Y57.31 E352.52231
G1 X169.454 Y56.981 E352.53651
G1 X170.01 Y56.603 E352.55887
G1 X170.585 Y56.455 E352.57862
G1 X171.107 Y56.473 E352.59599
G1 X171.612 Y56.637 E352.61365
G1 X171.953 Y56.851 E352.62704
G1 X172.248 Y57.14 E352.64078
G1 X172.495 Y57.531 E352.65616
G1 X172.61 Y57.828 E352.66675
G1 X172.682 Y58.302 E352.6827
G1 X172.627 Y58.811 E352.69973
G1 X172.44 Y59.298 E352.71708
G1 X172.309 Y59.496 E352.72498
G1 X171.956 Y59.851 E352.74163
G1 X171.431 Y60.145 E352.76164
G1 X170.836 Y60.256 E352.78177
G1 X170.24 Y60.181 E352.80175
M204 S2000
G0 F9000 X170.2 Y61.066
M204 S500
G1 F1345.8 X170.798 Y61.103 E352.8284
G1 F1400.8 X171.071 Y61.089 E352.84009
G1 F1558.4 X171.501 Y61.153 E352.85679
G1 F1800 X175.37 Y61.162 E352.98547
G1 X175.375 Y59.443 E353.04265
G1 X175.485 Y59.02 E353.05718
G1 X175.645 Y58.737 E353.068
G1 X175.832 Y58.529 E353.0773
G1 X176.084 Y58.363 E353.08733
G1 X175.833 Y58.196 E353.09736
G1 X175.648 Y57.987 E353.10665
G1 X175.456 Y57.615 E353.12057
G1 X175.387 Y57.283 E353.13185
G1 X175.385 Y55.564 E353.18902
G1 X171.459 Y55.554 E353.3196
G1 F1572.1 X171.052 Y55.612 E353.33526
G1 X171.788 Y55.853 E353.36475
G1 F1800 X172.101 Y56 E353.37625
G1 X172.327 Y56.142 E353.38513
G1 X172.562 Y56.327 E353.39508
G1 X172.755 Y56.516 E353.40406
G1 X172.949 Y56.753 E353.41425
G1 X173.194 Y57.13 E353.4292
G1 X173.388 Y57.616 E353.44661
G1 X173.485 Y58.289 E353.46922
G1 X173.415 Y58.982 E353.49239
G1 X173.182 Y59.597 E353.51426
G1 X172.877 Y60.06 E353.5327
G1 X172.585 Y60.354 E353.54649
G1 X172.275 Y60.589 E353.55942
G1 X171.91 Y60.795 E353.57336
G1 F1558.4 X171.071 Y61.089 E353.60752
M204 S2000
G1 F2400 E352.80752
G0 F9000 X169.872 Y60.353
G0 X170.128 Y59.704
M204 S500
;TYPE:WALL-OUTER
G1 F2400 E353.60752
G1 F1800 X169.785 Y59.475 E353.62123
G1 X169.547 Y59.215 E353.63296
G1 X169.337 Y58.764 E353.6495
G1 X169.276 Y58.285 E353.66556
G1 X169.344 Y57.908 E353.67831
G1 X169.539 Y57.505 E353.6932
G1 X169.725 Y57.28 E353.70291
G1 X170.177 Y56.973 E353.72108
G1 X170.613 Y56.859 E353.73607
G1 X171.036 Y56.871 E353.75014
G1 X171.463 Y57.016 E353.76514
G1 X171.689 Y57.158 E353.77402
G1 X171.943 Y57.407 E353.78585
G1 X172.14 Y57.718 E353.79809
G1 X172.223 Y57.951 E353.80632
G1 X172.279 Y58.329 E353.81903
G1 X172.232 Y58.727 E353.83236
G1 X172.055 Y59.184 E353.84866
G1 X171.712 Y59.529 E353.86484
G1 X171.295 Y59.763 E353.88074
G1 X170.807 Y59.854 E353.89725
G1 X170.374 Y59.795 E353.91179
G1 X170.128 Y59.704 E353.92051
M204 S2000
G1 F2400 E353.12051
G0 F9000 X169.872 Y60.353
G0 X169.843 Y61.062
G0 X165.241 Y62.069
G0 X164.97 Y62.337
M204 S500
G1 F2400 E353.92051
G1 F1800 X176.568 Y62.365 E354.30627
G1 X176.576 Y59.54 E354.40023
G1 X176.64 Y59.417 E354.40484
G1 X176.778 Y59.366 E354.40973
G1 X182.575 Y59.378 E354.60254
G1 X182.582 Y57.379 E354.66903
G1 X176.72 Y57.366 E354.864
G1 X176.62 Y57.284 E354.8683
G1 X176.583 Y57.183 E354.87188
G1 X176.588 Y54.366 E354.96557
G1 X164.989 Y54.338 E355.35136
G1 X164.983 Y57.156 E355.44508
G1 X164.945 Y57.256 E355.44864
G1 X164.845 Y57.337 E355.45292
G1 X158.983 Y57.324 E355.64789
G1 X158.976 Y59.323 E355.71438
G1 X164.838 Y59.337 E355.90935
G1 X164.976 Y59.502 E355.91651
G1 X164.97 Y62.337 E356.0108
M204 S2000
G0 F9000 X165.241 Y62.069
G0 X166.275 Y60.778
G0 X166.535 Y60.779
M204 S500
;TYPE:SKIN
G1 F1800 X166.532 Y59.255 E356.06149
G1 X166.399 Y58.862 E356.07529
G1 X166.211 Y58.52 E356.08827
G1 X166.058 Y58.342 E356.09607
G1 X166.275 Y58.102 E356.10684
G1 X166.452 Y57.701 E356.12142
G1 X166.535 Y57.32 E356.13438
G1 X166.546 Y55.902 E356.18155
G1 X168.938 Y55.91 E356.26111
G1 X168.504 Y56.308 E356.28069
G1 X168.337 Y56.51 E356.28941
G1 X168.096 Y56.887 E356.30429
G1 X167.843 Y57.455 E356.32497
G1 X167.739 Y58.018 E356.34402
G1 X167.718 Y58.343 E356.35485
G1 X167.773 Y58.891 E356.37317
G1 X167.866 Y59.285 E356.38663
G1 X168.116 Y59.844 E356.407
G1 X168.415 Y60.289 E356.42483
G1 X168.652 Y60.546 E356.43646
G1 X168.934 Y60.786 E356.44877
G1 X166.535 Y60.779 E356.52856
M204 S2000
G0 F9000 X166.926 Y60.577
M204 S500
G1 F1800 X166.734 Y60.385 E356.5376
M204 S2000
G0 F9000 X166.734 Y59.819
M204 S500
G1 F1800 X167.494 Y60.579 E356.57334
M204 S2000
G0 F9000 X168.062 Y60.582
M204 S500
G1 F1800 X166.734 Y59.254 E356.63581
M204 S2000
G0 F9000 X167.589 Y58.977
M204 S500
G1 F1800 X166.56 Y57.948 E356.68421
M204 S2000
G0 F9000 X166.352 Y58.306
M204 S500
G1 F1800 X167.906 Y59.86 E356.75731
M204 S2000
G0 F9000 X168.325 Y59.67
G0 X167.978 Y58.325
G0 X167.519 Y58.341
M204 S500
G1 F1800 X166.696 Y57.519 E356.79599
M204 S2000
G0 F9000 X166.737 Y56.994
M204 S500
G1 F1800 X167.571 Y57.828 E356.83522
M204 S2000
G0 F9000 X167.669 Y57.36
M204 S500
G1 F1800 X166.742 Y56.434 E356.8788
M204 S2000
G0 F9000 X166.979 Y56.104
M204 S500
G1 F1800 X167.844 Y56.97 E356.91951
M204 S2000
G0 F9000 X168.038 Y56.598
M204 S500
G1 F1800 X167.546 Y56.106 E356.94265
M204 S2000
G0 F9000 X168.113 Y56.107
M204 S500
G1 F1800 X168.276 Y56.27 E356.95032
M204 S2000
G0 F9000 X168.63 Y56.563
G0 X168.633 Y58.271
G0 X168.707 Y58.924
G0 X169.01 Y59.573
G0 X169.384 Y59.981
G0 X169.812 Y60.265
G0 X170.188 Y60.413
G0 X172.442 Y60.587
G0 X172.599 Y60.794
M204 S500
G1 F1800 X172.826 Y60.621 E356.95981
G1 X173.131 Y60.318 E356.97411
G1 X173.517 Y59.73 E356.99751
G1 X173.737 Y59.172 E357.01746
G1 X173.789 Y58.883 E357.02722
G1 X173.844 Y58.313 E357.04627
G1 X173.736 Y57.513 E357.07312
G1 X173.525 Y56.989 E357.09191
G1 X173.252 Y56.558 E357.10888
G1 X173.018 Y56.268 E357.12127
G1 X172.658 Y55.917 E357.13799
G1 X175.024 Y55.924 E357.21669
G1 X175.031 Y57.336 E357.26365
G1 X175.113 Y57.723 E357.27681
G1 X175.282 Y58.117 E357.29107
G1 X175.5 Y58.364 E357.30203
G1 X175.371 Y58.503 E357.30833
G1 X175.101 Y58.967 E357.32619
G1 X175.015 Y59.406 E357.34107
G1 X175.01 Y60.801 E357.38746
G1 X172.599 Y60.794 E357.46766
M204 S2000
G0 F9000 X173.406 Y60.269
M204 S500
G1 F1800 X173.647 Y60.509 E357.47897
G1 X173.647 Y60.51
G1 X173.733 Y60.596 E357.48301
M204 S2000
G0 F9000 X174.3 Y60.597
M204 S500
G1 F1800 X173.631 Y59.928 E357.51448
M204 S2000
G0 F9000 X173.806 Y59.537
M204 S500
G1 F1800 X174.81 Y60.542 E357.56173
M204 S2000
G0 F9000 X174.813 Y59.978
M204 S500
G1 F1800 X173.948 Y59.114 E357.60239
M204 S2000
G0 F9000 X174.014 Y58.614
M204 S500
G1 F1800 X174.815 Y59.415 E357.64007
M204 S2000
G0 F9000 X174.902 Y58.936
M204 S500
G1 F1800 X174.015 Y58.049 E357.68179
M204 S2000
G0 F9000 X173.888 Y57.357
M204 S500
G1 F1800 X175.098 Y58.566 E357.73868
M204 S2000
G0 F9000 X174.952 Y57.855
M204 S500
G1 F1800 X173.533 Y56.436 E357.80543
G1 X173.532 Y56.435
G1 X173.217 Y56.12 E357.82024
M204 S2000
G0 F9000 X173.784 Y56.121
M204 S500
G1 F1800 X174.827 Y57.164 E357.8693
M204 S2000
G0 F9000 X174.825 Y56.596
M204 S500
G1 F1800 X174.35 Y56.122 E357.89162
M204 S2000
G0 F9000 X174.352 Y55.361
G1 F2400 E357.09162
;MESH:part_1.stl
G0 F9000 X176.373 Y54.578
G0 X176.375 Y53.498
G0 X183.673 Y53.2
G0 X184.522 Y53.021
G0 X185.655 Y52.478
G0 X186.534 Y51.738
G0 X187.125 Y50.943
G0 X187.587 Y49.879
G0 X187.776 Y48.793
G0 X187.668 Y47.578
G0 X187.285 Y46.489
G0 X186.65 Y45.531
G0 X180.195 Y39.549
G0 X180.304 Y38.271
M204 S500
;TYPE:WALL-INNER
G1 F2400 E357.89162
G1 F1865.3 X180.47 Y38.32 E357.89718
G1 F1747.6 X180.757 Y38.354 E357.90708
G1 F1618 X181.033 Y38.362 E357.9173
G1 F1493.8 X181.34 Y38.337 E357.92964
M204 S2000
G0 F9000 X182.194 Y38.162
G0 X183.53 Y37.59
M204 S500
G1 F1800 X195.096 Y37.591 E358.31433
G1 X194.908 Y37.193 E358.32897
G1 X194.754 Y36.748 E358.34463
G1 X194.674 Y36.276 E358.36055
G1 X194.674 Y35.762 E358.37765
G1 X194.721 Y35.401 E358.38976
G1 X194.818 Y35.033 E358.40241
G1 X194.905 Y34.797 E358.41078
G1 X195.092 Y34.396 E358.4255
G1 X183.528 Y34.396 E358.81012
G1 X183.678 Y34.687 E358.821
G1 X183.867 Y35.186 E358.83875
G1 X183.957 Y35.669 E358.85509
G1 X183.962 Y36.243 E358.87419
G1 X183.898 Y36.677 E358.88878
G1 X183.734 Y37.198 E358.90694
G1 X183.53 Y37.59 E358.92164
M204 S2000
G0 F9000 X182.704 Y37.989
M204 S500
G1 F1800 X195.947 Y37.992 E359.3621
G1 X195.636 Y37.681 E359.37673
G1 X195.321 Y37.163 E359.3969
G1 X195.143 Y36.651 E359.41493
G1 X195.074 Y36.238 E359.42885
G1 X195.074 Y35.762 E359.44469
G1 X195.107 Y35.504 E359.45334
G1 X195.228 Y35.051 E359.46893
G1 X195.429 Y34.621 E359.48472
G1 X195.658 Y34.292 E359.49805
G1 X195.938 Y33.996 E359.5116
G1 X182.704 Y33.996 E359.95177
G1 X183.008 Y34.32 E359.96654
G1 X183.269 Y34.735 E359.98285
G1 X183.493 Y35.328 E360.00393
G1 X183.557 Y35.673 E360.0156
G1 X183.562 Y36.247 E360.0347
G1 X183.516 Y36.557 E360.04512
G1 X183.364 Y37.044 E360.06209
G1 X183.146 Y37.461 E360.07774
G1 X182.999 Y37.673 E360.08632
G1 X182.704 Y37.989 E360.1007
M204 S2000
G0 F9000 X182.194 Y38.162
G0 X181.34 Y38.337
M204 S500
G1 F1589.4 X181.891 Y38.391 E360.12155
G1 F1800 X196.926 Y38.391 E360.62162
G1 F1643.8 X197.423 Y38.353 E360.63977
G1 F1575.5 X196.837 Y38.146 E360.66339
G1 F1682.2 X196.372 Y37.853 E360.68295
G1 F1739.1 X195.948 Y37.426 E360.70366
G1 F1782.2 X195.685 Y36.989 E360.7208
G1 F1800 X195.534 Y36.555 E360.73608
G1 X195.474 Y36.202 E360.74799
G1 X195.474 Y35.682 E360.76528
G1 X195.606 Y35.188 E360.78229
G1 X195.779 Y34.817 E360.79591
G1 X196.02 Y34.471 E360.80993
G1 X196.381 Y34.126 E360.82654
G1 F1726.6 X196.91 Y33.804 E360.84801
G1 F1592.9 X197.491 Y33.631 E360.8708
G1 F1655.2 X197.013 Y33.595 E360.88813
G1 F1795.5 X181.474 Y33.596 E361.40626
G1 F1662.8 X181.09 Y33.628 E361.42013
G1 F1666.7 X181.601 Y33.779 E361.43927
G1 F1800 X182.073 Y34.001 E361.45662
G1 X182.404 Y34.255 E361.47049
G1 X182.691 Y34.567 E361.48459
G1 X182.91 Y34.915 E361.49827
G1 X183.119 Y35.469 E361.51796
G1 X183.157 Y35.676 E361.52496
G1 X183.163 Y36.349 E361.54735
G1 X182.992 Y36.891 E361.56625
G1 X182.756 Y37.345 E361.58327
G1 X182.399 Y37.738 E361.60093
G1 X181.974 Y38.037 E361.61821
G1 F1589.4 X181.34 Y38.337 E361.64463
M204 S2000
G0 F9000 X182.194 Y38.162
G0 X182.842 Y36.83
G0 X183.002 Y36.32
G0 X182.995 Y35.602
G0 X182.765 Y34.987
G0 X182.298 Y34.377
G0 X181.09 Y33.628
M204 S500
G1 F1568.6 X180.87 Y33.622 E361.65303
G1 F1674.4 X180.525 Y33.657 E361.66543
G1 F1804.5 X180.319 Y33.71 E361.67249
M204 S2000
G0 F9000 X197.491 Y33.631
M204 S500
G1 F1558.4 X197.766 Y33.623 E361.68306
G1 F1666.7 X198.072 Y33.652 E361.6941
G1 F1818.2 X198.39 Y33.729 E361.70487
G1 F1945.9 X198.528 Y33.773 E361.70933
M204 S2000
G0 F9000 X199.298 Y34.377
G0 X199.765 Y34.987
G0 X199.995 Y35.602
G0 X200.002 Y36.32
G0 X199.842 Y36.83
G0 X199.622 Y37.253
G0 X199.434 Y37.458
G0 X198.46 Y38.232
M204 S500
G1 F1884.8 X198.072 Y38.341 E361.72213
G1 F1698.1 X197.547 Y38.363 E361.74065
G1 F1545.1 X197.423 Y38.353 E361.74547
M204 S2000
G0 F9000 X197.027 Y37.793
M204 S500
;TYPE:WALL-OUTER
G1 F1800 X196.609 Y37.523 E361.76202
G1 X196.256 Y37.161 E361.77884
G1 X196.059 Y36.836 E361.79148
G1 X195.919 Y36.438 E361.80551
G1 X195.876 Y36.183 E361.81412
G1 X195.88 Y35.71 E361.82985
G1 X195.978 Y35.342 E361.84251
G1 X196.12 Y35.032 E361.85386
G1 X196.314 Y34.749 E361.86527
G1 X196.647 Y34.432 E361.88056
G1 X197.086 Y34.166 E361.89763
G1 X197.593 Y34.054 E361.9149
G1 X198.017 Y34.053 E361.929
G1 X198.409 Y34.133 E361.94231
G1 F1739.1 X198.437 Y34.128 E361.94329
G1 F1469.4 X198.819 Y34.218 E361.95928
G1 F1326 X199.189 Y34.511 E361.98059
G1 F1366.2 X199.424 Y34.78 E361.99624
G1 F1395.3 X199.597 Y35.066 E362.01058
G1 F1437.1 X199.81 Y35.667 E362.03714
G1 F1469.4 X199.805 Y36.304 E362.0631
G1 F1442.9 X199.669 Y36.761 E362.08288
G1 F1398.1 X199.462 Y37.168 E362.10244
G1 F1345.8 X199.156 Y37.51 E362.12285
G1 F1299.6 X198.737 Y37.806 E362.14648
G1 F1500 X197.979 Y37.937 E362.17719
G1 F1800 X197.575 Y37.936 E362.19062
G1 X197.027 Y37.793 E362.20946
M204 S2000
G1 F2400 E361.40946
G0 F9000 X196.441 Y38.165
G0 X180.33 Y38.376
G0 X180.229 Y38.673
M204 S500
G1 F2400 E362.20946
G1 F1800 X180.701 Y38.767 E362.22547
G1 X181.018 Y38.791 E362.23604
G1 X197.719 Y38.791 E362.79152
G1 X198.192 Y38.729 E362.80738
G1 F1786.6 X198.633 Y38.581 E362.82297
G1 F1484.5 X198.977 Y38.313 E362.84056
G1 F1281.1 X199.124 Y38.223 E362.84861
G1 F1302 X199.511 Y37.921 E362.87118
G1 F1340.8 X199.812 Y37.568 E362.8919
G1 F1376.7 X200.001 Y37.256 E362.90776
G1 F1406.2 X200.187 Y36.843 E362.92705
G1 F1425.7 X200.314 Y36.284 E362.95112
G1 F1428.6 X200.313 Y35.764 E362.97291
G1 F1431.4 X200.247 Y35.381 E362.98916
G1 F1414.5 X200.147 Y35.06 E363.00339
G1 F1400.8 X200.051 Y34.828 E363.01412
G1 F1392.6 X199.875 Y34.517 E363.02949
G1 F1358.5 X199.663 Y34.23 E363.04521
G1 F1326 X199.417 Y33.988 E363.06079
G1 F1299.6 X199.121 Y33.76 E363.078
G1 F1390 X198.867 Y33.549 E363.09223
G1 F1647.6 X198.619 Y33.389 E363.10295
G1 F1800 X198.186 Y33.263 E363.11795
G1 X197.802 Y33.196 E363.13091
G1 X180.834 Y33.195 E363.69527
G1 X180.25 Y33.295 E363.71498
G1 F1500 X179.407 Y33.83 E363.75483
G1 F1306.7 X179.134 Y34.069 E363.77145
G1 F1350.8 X178.825 Y34.422 E363.79224
G1 F1379.3 X178.57 Y34.832 E363.8132
G1 F1411.8 X178.381 Y35.382 E363.83786
G1 F1442.9 X178.327 Y35.761 E363.85375
G1 F1445.8 X178.328 Y36.223 E363.87288
G1 F1431.4 X178.383 Y36.607 E363.8891
G1 F1417.3 X178.526 Y37.028 E363.90788
G1 F1400.8 X178.65 Y37.278 E363.91981
G1 F1382 X178.82 Y37.555 E363.93389
G1 F1355.9 X178.98 Y37.751 E363.94506
G1 F1326 X179.311 Y38.074 E363.96594
G1 F1302 X179.516 Y38.225 E363.97765
G1 F1503.1 X180.229 Y38.673 E364.01119
M204 S2000
G0 F9000 X179.994 Y37.873
M204 S500
G1 F1311.5 X179.605 Y37.612 E364.03257
G1 F1345.8 X179.229 Y37.23 E364.05642
G1 F1390 X179.012 Y36.865 E364.07471
G1 F1414.5 X178.874 Y36.477 E364.09214
G1 F1431.4 X178.827 Y36.191 E364.10426
G1 F1448.7 X178.828 Y35.729 E364.12335
G1 F1440 X178.932 Y35.314 E364.14114
G1 F1411.8 X179.082 Y34.983 E364.15655
G1 F1382 X179.296 Y34.673 E364.17287
G1 F1340.8 X179.609 Y34.37 E364.19232
G1 F1398.1 X180.044 Y34.098 E364.21429
G1 F1629 X180.403 Y34.097 E364.22748
G1 F1800 X180.593 Y34.054 E364.23396
G1 X181.007 Y34.052 E364.24773
G1 X181.431 Y34.141 E364.26214
G1 X181.879 Y34.357 E364.27868
G1 X182.146 Y34.565 E364.28994
G1 X182.379 Y34.823 E364.3015
G1 X182.556 Y35.111 E364.31275
G1 X182.757 Y35.642 E364.33163
G1 X182.762 Y36.288 E364.35312
G1 X182.626 Y36.72 E364.36818
G1 X182.424 Y37.115 E364.38294
G1 X182.145 Y37.422 E364.39674
G1 X181.744 Y37.709 E364.41314
G1 X181.266 Y37.89 E364.43014
G1 X180.989 Y37.936 E364.43948
G1 X180.583 Y37.936 E364.45298
G1 X180.405 Y37.895 E364.45905
G1 F1509.4 X179.994 Y37.873 E364.47538
M204 S2000
G0 F9000 X179.939 Y38.078
G0 X180.531 Y38.175
G0 X181.191 Y38.13
G0 X184.098 Y37.49
G0 X184.099 Y37.23
M204 S500
;TYPE:SKIN
G1 F1800 X184.241 Y36.787 E364.49085
G1 X184.32 Y36.268 E364.50831
G1 X184.314 Y35.629 E364.52957
G1 X184.213 Y35.09 E364.54781
G1 X184.088 Y34.756 E364.55967
G1 X194.518 Y34.756 E364.90657
G1 X194.372 Y35.309 E364.92559
G1 X194.315 Y35.739 E364.94002
G1 X194.314 Y36.165 E364.95419
G1 X194.345 Y36.558 E364.9673
G1 X194.451 Y36.977 E364.98168
G1 X194.539 Y37.231 E364.99062
G1 X184.099 Y37.23 E365.33785
M204 S2000
G0 F9000 X184.444 Y36.8
M204 S500
G1 F1800 X184.671 Y37.027 E365.34853
M204 S2000
G0 F9000 X185.237 Y37.027
M204 S500
G1 F1800 X184.515 Y36.306 E365.38247
M204 S2000
G0 F9000 X184.511 Y35.736
M204 S500
G1 F1800 X185.802 Y37.027 E365.44319
M204 S2000
G0 F9000 X186.368 Y37.027
M204 S500
G1 F1800 X184.412 Y35.071 E365.5352
M204 S2000
G0 F9000 X184.863 Y34.956
M204 S500
G1 F1800 X186.934 Y37.028 E365.63263
M204 S2000
G0 F9000 X187.5 Y37.028
M204 S500
G1 F1800 X185.428 Y34.956 E365.73009
M204 S2000
G0 F9000 X185.994 Y34.956
M204 S500
G1 F1800 X188.066 Y37.028 E365.82755
M204 S2000
G0 F9000 X188.632 Y37.028
M204 S500
G1 F1800 X186.56 Y34.956 E365.92502
M204 S2000
G0 F9000 X187.125 Y34.956
M204 S500
G1 F1800 X189.197 Y37.028 E366.02248
M204 S2000
G0 F9000 X189.764 Y37.029
M204 S500
G1 F1800 X187.691 Y34.956 E366.11998
M204 S2000
G0 F9000 X188.257 Y34.956
M204 S500
G1 F1800 X190.329 Y37.029 E366.21747
M204 S2000
G0 F9000 X190.895 Y37.029
M204 S500
G1 F1800 X188.822 Y34.956 E366.31498
M204 S2000
G0 F9000 X189.388 Y34.956
M204 S500
G1 F1800 X191.461 Y37.029 E366.41248
M204 S2000
G0 F9000 X192.027 Y37.029
M204 S500
G1 F1800 X189.954 Y34.956 E366.50999
M204 S2000
G0 F9000 X190.52 Y34.956
M204 S500
G1 F1800 X192.593 Y37.029 E366.6075
M204 S2000
G0 F9000 X193.158 Y37.029
M204 S500
G1 F1800 X191.085 Y34.956 E366.70501
M204 S2000
G0 F9000 X191.651 Y34.956
M204 S500
G1 F1800 X193.724 Y37.029 E366.80251
M204 S2000
G0 F9000 X194.169 Y36.908
M204 S500
G1 F1800 X192.217 Y34.956 E366.89433
M204 S2000
G0 F9000 X192.782 Y34.956
M204 S500
G1 F1800 X194.123 Y36.297 E366.95741
M204 S2000
G0 F9000 X194.114 Y35.723
M204 S500
G1 F1800 X193.348 Y34.956 E366.99346
M204 S2000
G0 F9000 X193.914 Y34.956
M204 S500
G1 F1800 X194.177 Y35.219 E367.00583
M204 S2000
G0 F9000 X194.632 Y35.34
G0 X194.67 Y36.78
G0 X194.17 Y36.909
M204 S500
G1 F1800 X194.247 Y36.986 E367.00945
M204 S2000
G0 F9000 X194.983 Y36.796
G1 F2400 E366.20945
;MESH:NONMESH
G0 F300 X194.983 Y36.796 Z1.6
G0 F9000 X194.797 Y37.414
G0 X183.825 Y37.412
G0 X182.765 Y34.987
G0 X182.298 Y34.377
G0 X181.987 Y34.138
G0 X181.481 Y33.902
G0 X181.01 Y33.81
G0 X180.581 Y33.813
G0 X179.997 Y33.942
G0 X179.483 Y34.254
G0 X179.29 Y34.438
G0 X178.574 Y35.332
G0 X177.515 Y35.098
G0 X171.427 Y33.135
G0 X162.753 Y33.454
G0 X162.124 Y32.571
G0 X158.202 Y32.615
G0 X158.287 Y32.329
;TIME_ELAPSED:669.815897
;LAYER:7
M204 S500
;TYPE:WALL-INNER
;MESH:part_2.stl
G1 F2400 E367.00945
G1 F1800 X158.015 Y32.248 E367.01889
G1 X157.656 Y32.107 E367.03172
G1 X157.394 Y31.979 E367.04142
G1 X157.093 Y31.802 E367.05303
G1 X156.787 Y31.582 E367.06557
G1 X156.511 Y31.345 E367.07767
G1 X156.279 Y31.111 E367.08863
G1 X156.05 Y30.834 E367.10058
G1 X155.757 Y30.396 E367.11811
G1 X155.531 Y29.951 E367.13471
G1 X155.414 Y29.64 E367.14576
G1 X155.321 Y29.325 E367.15668
G1 X155.254 Y29.002 E367.16765
G1 X155.196 Y28.44 E367.18645
G1 X155.215 Y27.928 E367.20349
G1 X155.259 Y27.595 E367.21466
G1 X155.336 Y27.25 E367.22642
G1 X155.435 Y26.929 E367.23759
G1 X155.621 Y26.489 E367.25348
G1 X155.796 Y26.167 E367.26567
G1 X155.97 Y25.904 E367.27615
G1 X156.189 Y25.622 E367.28803
G1 X156.592 Y25.206 E367.30729
G1 X156.948 Y24.929 E367.3223
G1 X157.266 Y24.724 E367.33488
G1 X157.713 Y24.498 E367.35154
G1 X158.012 Y24.385 E367.36217
G1 X158.354 Y24.285 E367.37402
G1 X158.659 Y24.221 E367.38439
G1 X159.084 Y24.174 E367.39861
G1 X159.554 Y24.17 E367.41424
G1 X159.892 Y24.197 E367.42552
G1 X160.225 Y24.256 E367.43677
G1 X160.533 Y24.336 E367.44735
G1 X160.887 Y24.459 E367.45982
G1 X161.187 Y24.589 E367.47069
G1 X161.634 Y24.851 E367.48792
G1 X161.913 Y25.049 E367.4993
G1 X162.184 Y25.284 E367.51123
G1 X162.389 Y25.488 E367.52085
G1 X162.63 Y25.773 E367.53327
G1 X162.836 Y26.065 E367.54515
G1 X163.023 Y26.386 E367.55751
G1 X163.23 Y26.831 E367.57383
G1 X163.373 Y27.297 E367.59005
G1 X163.44 Y27.614 E367.60082
G1 X163.502 Y28.168 E367.61936
G1 X163.485 Y28.671 E367.6361
G1 X163.447 Y28.981 E367.64649
G1 X163.362 Y29.377 E367.65996
G1 X163.285 Y29.637 E367.66898
G1 X163.09 Y30.111 E367.68603
G1 X162.891 Y30.478 E367.69991
G1 X162.642 Y30.84 E367.71453
G1 X162.379 Y31.151 E367.72807
G1 X162.143 Y31.386 E367.73915
G1 X161.88 Y31.605 E367.75053
G1 X161.527 Y31.856 E367.76494
G1 X161.167 Y32.05 E367.77854
G1 X160.844 Y32.192 E367.79028
G1 X160.531 Y32.296 E367.80125
G1 X160.19 Y32.383 E367.81295
G1 X159.778 Y32.444 E367.8268
G1 X159.35 Y32.465 E367.84106
G1 X159 Y32.453 E367.8527
G1 X158.683 Y32.414 E367.86333
G1 X158.287 Y32.329 E367.8768
M204 S2000
G0 F9000 X158.202 Y32.615
G0 X159.351 Y32.707
G0 X160.232 Y32.617
G0 X161.163 Y32.3
G0 X162.664 Y31.435
M204 S500
G1 F1909.8 X162.147 Y31.872 E367.89802
G1 F2099.1 X161.717 Y32.173 E367.91299
G1 F2117.6 X161.33 Y32.384 E367.92545
G1 F2111.4 X160.979 Y32.537 E367.93631
G1 F2105.3 X160.637 Y32.653 E367.94658
G1 F2093 X160.267 Y32.747 E367.9575
G1 F2087 X159.823 Y32.814 E367.97038
G1 F2069 X159.35 Y32.84 E367.98409
G1 X158.978 Y32.825 E367.99486
G1 F2057.1 X158.5 Y32.762 E368.00889
G1 F2051.3 X158.218 Y32.697 E368.01734
G1 F2069 X157.872 Y32.594 E368.02778
G1 X157.528 Y32.459 E368.03848
G1 F2045.5 X157.267 Y32.336 E368.04692
G1 X156.863 Y32.098 E368.06064
G1 F2069 X156.555 Y31.875 E368.07165
G1 X156.27 Y31.631 E368.0825
G1 X156.003 Y31.363 E368.09345
G1 F2051.3 X155.739 Y31.046 E368.10549
G1 X155.439 Y30.594 E368.12132
G1 F2045.5 X155.226 Y30.195 E368.13456
G1 F2028.2 X155.055 Y29.753 E368.14855
G1 F2057.1 X154.961 Y29.42 E368.15862
G1 F2063 X154.868 Y28.939 E368.17284
G1 F2069 X154.824 Y28.444 E368.18722
G1 F2093 X154.83 Y27.993 E368.20012
G1 F2080.9 X154.891 Y27.535 E368.21341
G1 F2063 X154.948 Y27.263 E368.22148
G1 X155.077 Y26.818 E368.23492
G1 F2069 X155.284 Y26.328 E368.25031
G1 F2074.9 X155.457 Y26.008 E368.26081
G1 X155.663 Y25.691 E368.27172
G1 F2069 X155.91 Y25.374 E368.28335
G1 F2033.9 X156.14 Y25.127 E368.29328
G1 F2045.5 X156.345 Y24.929 E368.30162
G1 F2057.1 X156.563 Y24.749 E368.30985
G1 F2028.2 X157.027 Y24.428 E368.32651
G1 F2057.1 X157.55 Y24.163 E368.34357
G1 F2074.9 X157.897 Y24.03 E368.35429
G1 F2080.9 X158.27 Y23.923 E368.36545
G1 F2074.9 X158.59 Y23.853 E368.37491
G1 F2063 X159.044 Y23.802 E368.38816
G1 F2074.9 X159.562 Y23.797 E368.40311
G1 F2099.1 X159.943 Y23.829 E368.41402
G1 F2111.4 X160.308 Y23.894 E368.42453
G1 F2074.9 X160.637 Y23.975 E368.4343
G1 F2033.9 X161.24 Y24.197 E368.45322
G1 X161.746 Y24.473 E368.47018
G1 F2074.9 X162.144 Y24.757 E368.48429
G1 F1935.5 X162.675 Y25.209 E368.50586
M204 S2000
G0 F9000 X163.474 Y26.793
G0 X163.682 Y27.611
G0 X163.744 Y28.183
G0 X163.602 Y29.405
G0 X163.295 Y30.242
G0 X162.815 Y31.009
G0 X162.043 Y31.782
G0 X161.266 Y32.265
G0 X160.335 Y32.582
G0 X158.482 Y32.839
G0 X158.43 Y33.133
M204 S500
G1 F1800 X158.947 Y33.197 E368.52319
G1 X159.366 Y33.215 E368.53714
G1 X159.77 Y33.196 E368.55059
G1 X160.19 Y33.143 E368.56467
G1 X160.561 Y33.063 E368.57729
G1 X160.943 Y32.948 E368.59056
G1 X161.335 Y32.794 E368.60457
G1 X161.669 Y32.631 E368.61693
G1 X162.032 Y32.413 E368.63101
G1 X162.37 Y32.173 E368.6448
G1 X162.691 Y31.911 E368.65858
G1 F1804.5 X163.079 Y31.634 E368.6744
G1 X163.459 Y31.404 E368.68913
G1 F1800 X163.886 Y31.194 E368.70496
G1 X164.357 Y31.009 E368.72179
G1 X164.802 Y30.88 E368.7372
G1 X165.262 Y30.786 E368.75282
G1 X165.683 Y30.734 E368.76693
G1 X166.156 Y30.715 E368.78267
G1 F1773.4 X180.579 Y30.708 E369.26958
G1 F1636.4 X180.903 Y30.679 E369.28148
G1 F1568.6 X181.433 Y30.69 E369.30171
G1 F1603.6 X181.725 Y30.66 E369.31267
G1 F1592.9 X182.113 Y30.559 E369.32774
G1 F1596.5 X182.474 Y30.405 E369.34246
G1 F1592.9 X182.8 Y30.187 E369.3572
G1 F1589.4 X183.098 Y29.92 E369.37227
G1 F1592.9 X183.273 Y29.7 E369.38283
G1 F1603.6 X183.486 Y29.356 E369.39794
G1 F1629 X183.592 Y29.102 E369.40805
G1 X183.722 Y28.561 E369.4285
G1 F1607.1 X183.704 Y28.033 E369.44818
G1 X183.628 Y27.644 E369.46295
G1 X183.475 Y27.263 E369.47824
G1 F1610.7 X183.345 Y27.015 E369.48865
G1 F1603.6 X183.091 Y26.698 E369.50382
G1 F1596.5 X182.721 Y26.38 E369.52211
G1 F1585.9 X182.387 Y26.178 E369.53685
G1 F1582.4 X181.931 Y26.015 E369.55517
G1 F1592.9 X181.527 Y25.943 E369.57059
G1 F1568.6 X181.019 Y25.947 E369.58998
G1 F1670.5 X180.548 Y25.917 E369.60689
G1 F1800 X166.131 Y25.916 E370.08641
G1 X165.673 Y25.897 E370.10165
G1 X165.245 Y25.844 E370.116
G1 X164.732 Y25.734 E370.13345
G1 X164.174 Y25.561 E370.15288
G1 X163.693 Y25.348 E370.17037
G1 X163.267 Y25.119 E370.18646
G1 X162.881 Y24.866 E370.20181
G1 X162.275 Y24.387 E370.2275
G1 X161.858 Y24.102 E370.2443
G1 X161.313 Y23.821 E370.2647
G1 X160.744 Y23.614 E370.28483
G1 X160.228 Y23.495 E370.30245
G1 X159.852 Y23.443 E370.31507
G1 X159.409 Y23.418 E370.32983
G1 X159.02 Y23.428 E370.34277
G1 X158.527 Y23.483 E370.35927
G1 X158.017 Y23.601 E370.37668
G1 X157.621 Y23.73 E370.39053
G1 X157.246 Y23.89 E370.40409
G1 X156.833 Y24.105 E370.41958
G1 X156.33 Y24.451 E370.43989
G1 X155.871 Y24.858 E370.46029
G1 X155.497 Y25.28 E370.47904
G1 X155.221 Y25.679 E370.49518
G1 X155.003 Y26.055 E370.50964
G1 X154.835 Y26.406 E370.52258
G1 X154.698 Y26.772 E370.53558
G1 X154.583 Y27.176 E370.54955
G1 X154.505 Y27.592 E370.56363
G1 X154.452 Y28.068 E370.57955
G1 X154.457 Y28.603 E370.59735
G1 X154.498 Y29.005 E370.61079
G1 X154.57 Y29.388 E370.62375
G1 X154.697 Y29.872 E370.64039
G1 X154.923 Y30.431 E370.66045
G1 X155.173 Y30.877 E370.67745
G1 X155.449 Y31.289 E370.69395
G1 X155.796 Y31.688 E370.71154
G1 X156.027 Y31.915 E370.72231
G1 X156.324 Y32.169 E370.73531
G1 X156.657 Y32.41 E370.74898
G1 X157.093 Y32.672 E370.7659
G1 X157.563 Y32.879 E370.78298
G1 X157.933 Y33.006 E370.79599
G1 X158.43 Y33.133 E370.81305
M204 S2000
G0 F9000 X158.482 Y32.839
G0 X160.59 Y32.528
G0 X161.669 Y32.05
G0 X163.86 Y30.343
M204 S500
G1 F1800 X164.131 Y30.241 E370.82268
G1 X164.602 Y30.105 E370.83899
G1 X165.164 Y29.992 E370.85805
G1 X165.609 Y29.937 E370.87297
G1 X166.156 Y29.915 E370.89117
G1 X167.577 Y29.916 E370.93844
G1 X167.322 Y29.596 E370.95205
G1 X167.167 Y29.309 E370.96289
G1 X166.987 Y28.793 E370.98107
G1 X166.956 Y27.998 E371.00753
G1 X167.095 Y27.505 E371.02457
G1 X167.329 Y27.043 E371.04179
G1 X167.58 Y26.717 E371.05548
G1 X166.098 Y26.715 E371.10477
G1 X165.613 Y26.695 E371.12091
G1 X165.049 Y26.623 E371.13983
G1 X164.501 Y26.5 E371.15851
G1 X163.869 Y26.31 E371.18046
G1 X164.03 Y26.693 E371.19427
G1 X164.141 Y27.073 E371.20744
G1 X164.224 Y27.454 E371.22041
G1 X164.3 Y28.116 E371.24257
G1 X164.286 Y28.682 E371.2614
G1 X164.241 Y29.081 E371.27476
G1 X164.14 Y29.569 E371.29133
G1 X164.053 Y29.865 E371.30159
G1 X163.86 Y30.343 E371.31874
M204 S2000
G0 F9000 X162.664 Y31.435
M204 S500
G1 F1786.6 X162.915 Y31.262 E371.32896
G1 F1800 X163.254 Y31.06 E371.34208
G1 X163.71 Y30.834 E371.35901
G1 X164.244 Y30.625 E371.37808
G1 X164.694 Y30.494 E371.39367
G1 X165.132 Y30.402 E371.40855
G1 X165.646 Y30.335 E371.4258
G1 X166.156 Y30.315 E371.44277
G1 X168.38 Y30.315 E371.51674
G1 F1686.2 X168.889 Y30.287 E371.53484
G1 F1636.4 X168.528 Y30.15 E371.54897
G1 F1743.3 X168.193 Y29.941 E371.56253
G1 F1800 X167.954 Y29.74 E371.57291
G1 X167.776 Y29.547 E371.58165
G1 X167.539 Y29.162 E371.59668
G1 X167.386 Y28.732 E371.61186
G1 X167.356 Y28.038 E371.63497
G1 X167.479 Y27.617 E371.64956
G1 X167.646 Y27.287 E371.66186
G1 X167.918 Y26.933 E371.6767
G1 X168.247 Y26.63 E371.69158
G1 X168.632 Y26.458 E371.70561
G1 F1760.4 X169.105 Y26.324 E371.72233
G1 X166.114 Y26.316 E371.82404
G1 F1800 X165.643 Y26.296 E371.83972
G1 X165.127 Y26.23 E371.85703
G1 X164.617 Y26.117 E371.8744
G1 X164.012 Y25.927 E371.89549
G1 X163.531 Y25.714 E371.91299
G1 X163.028 Y25.442 E371.93201
G1 X162.675 Y25.209 E371.94608
G1 X162.947 Y25.529 E371.96004
G1 X163.18 Y25.86 E371.97351
G1 X163.339 Y26.127 E371.98384
G1 X163.623 Y26.726 E372.00589
G1 X163.757 Y27.185 E372.0218
G1 X163.832 Y27.534 E372.03367
G1 X163.901 Y28.142 E372.05402
G1 X163.884 Y28.699 E372.07255
G1 X163.844 Y29.031 E372.08368
G1 X163.753 Y29.465 E372.09843
G1 X163.632 Y29.853 E372.11194
G1 X163.416 Y30.357 E372.13018
G1 X163.221 Y30.705 E372.14345
G1 X162.972 Y31.067 E372.15806
G1 F1786.6 X162.664 Y31.435 E372.17414
M204 S2000
G0 F9000 X164.723 Y30.652
G0 X168.402 Y29.966
G0 X168.522 Y29.695
M204 S500
G1 F1800 X168.141 Y29.376 E372.19067
G1 X167.911 Y29.015 E372.20491
G1 X167.788 Y28.669 E372.21712
G1 X167.757 Y28.103 E372.23597
G1 X167.863 Y27.729 E372.2489
G1 X167.963 Y27.531 E372.25628
G1 X168.312 Y27.079 E372.27527
G1 X168.738 Y26.844 E372.29146
G1 X169.205 Y26.718 E372.30754
G1 F1804.5 X174.516 Y26.719 E372.48375
G1 X174.993 Y26.841 E372.50008
G1 X175.41 Y27.103 E372.51642
G1 X175.737 Y27.538 E372.53448
G1 F1800 X175.841 Y27.753 E372.54242
G1 X175.953 Y28.2 E372.55775
G1 X175.914 Y28.68 E372.57376
G1 X175.712 Y29.139 E372.59044
G1 X175.574 Y29.334 E372.59839
G1 X175.207 Y29.68 E372.61517
G1 X174.801 Y29.845 E372.62974
G1 X174.423 Y29.916 E372.64253
G1 X169.302 Y29.916 E372.81286
G1 X168.96 Y29.866 E372.82435
G1 X168.522 Y29.695 E372.83999
M204 S2000
G0 F9000 X168.889 Y30.287
M204 S500
G1 F1690.1 X169.302 Y30.315 E372.85466
G1 F1809 X174.362 Y30.315 E373.02211
G1 F1777.8 X174.535 Y30.308 E373.02794
M204 S2000
G0 F9000 X176.121 Y29.915
M204 S500
G1 F1800 X179.191 Y29.914 E373.13005
G1 X179.058 Y29.732 E373.13755
G1 X178.864 Y29.359 E373.15153
G1 X178.691 Y28.851 E373.16938
G1 X178.64 Y28.285 E373.18828
G1 X178.71 Y27.718 E373.20728
G1 X178.895 Y27.176 E373.22633
G1 X179.169 Y26.717 E373.24411
G1 X176.121 Y26.718 E373.34549
G1 X176.376 Y27.056 E373.35957
G1 X176.617 Y27.558 E373.37809
G1 X176.714 Y27.947 E373.39143
G1 X176.749 Y28.244 E373.40137
G1 X176.708 Y28.752 E373.41832
G1 X176.608 Y29.09 E373.43005
G1 X176.444 Y29.461 E373.44354
G1 X176.121 Y29.915 E373.46207
M204 S2000
G0 F9000 X174.535 Y30.308
M204 S500
G1 F1773.4 X180.228 Y30.314 E373.65426
G1 F1800 X179.972 Y30.156 E373.66427
G1 X179.62 Y29.824 E373.68036
G1 X179.381 Y29.497 E373.69383
G1 X179.243 Y29.23 E373.70383
G1 X179.085 Y28.766 E373.72013
G1 X179.042 Y28.293 E373.73593
G1 X179.107 Y27.767 E373.75356
G1 X179.239 Y27.38 E373.76716
G1 X179.462 Y27.006 E373.78164
G1 X179.793 Y26.605 E373.79893
G1 X180.23 Y26.317 E373.81634
G1 F1791 X175.01 Y26.319 E373.99083
G1 F1722.5 X174.683 Y26.333 E374.0022
G1 X174.997 Y26.427 E374.01359
G1 F1791 X175.284 Y26.551 E374.02404
G1 F1800 X175.529 Y26.705 E374.03367
G1 X175.795 Y26.95 E374.0457
G1 X176.057 Y27.297 E374.06016
G1 X176.229 Y27.656 E374.0734
G1 X176.356 Y28.163 E374.09078
G1 X176.314 Y28.687 E374.10827
G1 X176.242 Y28.928 E374.11663
G1 X176.078 Y29.3 E374.13015
G1 X175.848 Y29.625 E374.1434
G1 X175.558 Y29.898 E374.15664
G1 X175.227 Y30.124 E374.16997
G1 X174.874 Y30.239 E374.18232
G1 F1773.4 X174.535 Y30.308 E374.194
M204 S2000
G0 F9000 X175.355 Y29.867
G0 X175.86 Y29.393
G0 X176.152 Y28.73
G0 X176.193 Y28.188
G0 X176.031 Y27.532
G0 X175.618 Y26.985
G0 X174.683 Y26.333
M204 S500
G1 F1726.6 X174.434 Y26.318 E374.20265
G1 F1791 X169.279 Y26.317 E374.37496
G1 F1756.1 X169.105 Y26.324 E374.3809
M204 S2000
G0 F9000 X174.54 Y26.48
G0 X175.084 Y26.62
G0 X175.572 Y26.924
G0 X176.031 Y27.532
G0 X176.47 Y29.732
G0 X180.86 Y30.468
G0 X180.887 Y30.207
M204 S500
G1 F1726.6 X180.341 Y29.923 E374.40224
G1 F1800 X179.997 Y29.662 E374.4166
G1 X179.651 Y29.188 E374.43612
G1 X179.477 Y28.679 E374.45401
G1 X179.445 Y28.295 E374.46683
G1 X179.504 Y27.817 E374.48285
G1 X179.583 Y27.584 E374.49103
G1 X179.806 Y27.21 E374.50551
G1 F1769 X180.062 Y26.908 E374.51891
G1 F1702.1 X180.533 Y26.595 E374.5388
G1 F1610.7 X181.059 Y26.406 E374.55958
G1 F1578.9 X181.501 Y26.397 E374.57634
G1 F1610.7 X181.891 Y26.463 E374.59104
G1 F1589.4 X182.185 Y26.594 E374.60316
G1 F1585.9 X182.462 Y26.745 E374.61507
G1 F1596.5 X182.77 Y27.021 E374.63058
G1 F1607.1 X182.981 Y27.27 E374.64274
G1 F1625.3 X183.24 Y27.865 E374.66664
G1 F1618 X183.271 Y28.477 E374.68932
G1 F1629 X183.176 Y28.961 E374.70745
G1 F1632.7 X183.1 Y29.139 E374.71454
G1 F1607.1 X182.767 Y29.625 E374.73649
G1 F1585.9 X182.521 Y29.824 E374.74843
G1 F1589.4 X182.239 Y30.031 E374.76161
G1 F1607.1 X181.735 Y30.2 E374.78141
G1 F1610.7 X181.409 Y30.241 E374.79363
G1 F1632.7 X180.887 Y30.207 E374.81281
M204 S2000
G0 F9000 X180.938 Y29.775
M204 S500
;TYPE:WALL-OUTER
G1 F1800 X180.483 Y29.54 E374.82984
G1 X180.267 Y29.353 E374.83934
G1 X180.009 Y28.998 E374.85394
G1 X179.868 Y28.566 E374.86905
G1 X179.849 Y28.285 E374.87842
G1 X179.906 Y27.822 E374.89394
G1 X180.174 Y27.381 E374.9111
G1 X180.318 Y27.225 E374.91816
G1 X180.724 Y26.949 E374.93449
G1 X181.133 Y26.831 E374.94865
G1 X181.475 Y26.821 E374.96003
G1 X181.788 Y26.879 E374.97062
G1 X182.213 Y27.088 E374.98637
G1 X182.592 Y27.443 E375.00364
G1 X182.821 Y27.966 E375.02263
G1 X182.844 Y28.455 E375.03891
G1 X182.759 Y28.883 E375.05342
G1 X182.44 Y29.345 E375.0721
G1 X182.048 Y29.645 E375.08852
G1 X181.631 Y29.79 E375.1032
G1 X181.349 Y29.817 E375.11262
G1 X180.938 Y29.775 E375.12636
M204 S2000
G1 F2400 E374.32636
G0 F9000 X180.868 Y30.469
G0 X169.235 Y30.154
G0 X168.446 Y29.985
G0 X168.728 Y29.345
M204 S500
G1 F2400 E375.12636
G1 F1800 X168.447 Y29.11 E375.13855
G1 X168.283 Y28.867 E375.1483
G1 X168.182 Y28.601 E375.15776
G1 X168.159 Y28.164 E375.17232
G1 X168.256 Y27.807 E375.18462
G1 X168.577 Y27.389 E375.20215
G1 X168.844 Y27.23 E375.21249
G1 X169.244 Y27.12 E375.22628
G1 X174.484 Y27.124 E375.40057
G1 X174.836 Y27.215 E375.41266
G1 X175.133 Y27.402 E375.42433
G1 X175.444 Y27.814 E375.4415
G1 X175.549 Y28.256 E375.45661
G1 X175.524 Y28.557 E375.46666
G1 X175.331 Y29.013 E375.48313
G1 X174.986 Y29.338 E375.49889
G1 X174.728 Y29.452 E375.50827
G1 X174.397 Y29.514 E375.51947
G1 X169.268 Y29.513 E375.69006
G1 X169.028 Y29.472 E375.69816
G1 X168.728 Y29.345 E375.709
M204 S2000
G1 F2400 E374.909
G0 F9000 X168.446 Y29.985
G0 X164.723 Y30.652
G0 X162.251 Y31.575
G0 X161.669 Y32.05
G0 X160.59 Y32.528
G0 X159.781 Y32.685
G0 X159.118 Y32.662
G0 X158.201 Y32.615
G0 X158.401 Y31.945
M204 S500
G1 F2400 E375.709
G1 F1800 X158.114 Y31.859 E375.71896
G1 X157.848 Y31.755 E375.72846
G1 X157.557 Y31.612 E375.73925
G1 X157.298 Y31.458 E375.74927
G1 X157.03 Y31.264 E375.76027
G1 X156.793 Y31.061 E375.77065
G1 X156.585 Y30.853 E375.78043
G1 X156.381 Y30.609 E375.79101
G1 X156.124 Y30.232 E375.80619
G1 X155.905 Y29.809 E375.82203
G1 X155.799 Y29.53 E375.83196
G1 X155.705 Y29.212 E375.84299
G1 X155.646 Y28.915 E375.85306
G1 X155.596 Y28.436 E375.86908
G1 X155.612 Y27.978 E375.88432
G1 X155.651 Y27.679 E375.89435
G1 X155.72 Y27.364 E375.90507
G1 X155.804 Y27.084 E375.9148
G1 X155.982 Y26.661 E375.93006
G1 X156.13 Y26.387 E375.94042
G1 X156.304 Y26.125 E375.95088
G1 X156.494 Y25.882 E375.96114
G1 X156.858 Y25.505 E375.97857
G1 X157.178 Y25.257 E375.99203
G1 X157.449 Y25.08 E376.0028
G1 X157.856 Y24.872 E376.018
G1 X158.141 Y24.765 E376.02813
G1 X158.451 Y24.674 E376.03887
G1 X158.733 Y24.615 E376.04845
G1 X159.147 Y24.571 E376.0623
G1 X159.521 Y24.569 E376.07474
G1 X159.842 Y24.596 E376.08546
G1 X160.139 Y24.648 E376.09548
G1 X160.423 Y24.721 E376.10524
G1 X160.717 Y24.822 E376.11558
G1 X161.003 Y24.946 E376.12594
G1 X161.402 Y25.177 E376.14128
G1 X161.67 Y25.368 E376.15222
G1 X161.902 Y25.568 E376.16241
G1 X162.102 Y25.767 E376.1718
G1 X162.317 Y26.023 E376.18292
G1 X162.492 Y26.27 E376.19298
G1 X162.651 Y26.537 E376.20332
G1 X162.878 Y27.029 E376.22134
G1 X162.989 Y27.409 E376.23451
G1 X163.05 Y27.713 E376.24482
G1 X163.102 Y28.194 E376.26091
G1 X163.085 Y28.654 E376.27622
G1 X163.05 Y28.931 E376.28551
G1 X162.978 Y29.263 E376.29681
G1 X162.894 Y29.544 E376.30656
G1 X162.721 Y29.957 E376.32146
G1 X162.572 Y30.233 E376.33189
G1 X162.3 Y30.629 E376.34787
G1 X162.095 Y30.869 E376.35836
G1 X161.885 Y31.08 E376.36827
G1 X161.648 Y31.279 E376.37856
G1 X161.321 Y31.511 E376.39189
G1 X160.991 Y31.689 E376.40436
G1 X160.698 Y31.818 E376.41501
G1 X160.407 Y31.915 E376.42521
G1 X160.107 Y31.991 E376.43551
G1 X159.729 Y32.046 E376.44821
G1 X159.34 Y32.065 E376.46117
G1 X159.01 Y32.052 E376.47215
G1 X158.716 Y32.014 E376.48201
G1 X158.401 Y31.945 E376.49274
M204 S2000
G1 F2400 E375.69274
G0 F9000 X158.201 Y32.615
G0 X158.482 Y32.839
G0 X158.356 Y33.527
M204 S500
G1 F2400 E376.49274
G1 F1800 X158.913 Y33.596 E376.5114
G1 X159.35 Y33.615 E376.52595
G1 X159.789 Y33.596 E376.54057
G1 X160.24 Y33.541 E376.55568
G1 X160.675 Y33.447 E376.57048
G1 X161.059 Y33.332 E376.58381
G1 X161.482 Y33.167 E376.59891
G1 X161.859 Y32.983 E376.61287
G1 X162.239 Y32.757 E376.62757
G1 X162.603 Y32.498 E376.64243
G1 X162.955 Y32.213 E376.65749
G1 X163.325 Y31.95 E376.67259
G1 X163.679 Y31.74 E376.68628
G1 X164.075 Y31.547 E376.70093
G1 X164.453 Y31.398 E376.71445
G1 X164.884 Y31.272 E376.72938
G1 X165.312 Y31.183 E376.74392
G1 X165.719 Y31.132 E376.75757
G1 X166.156 Y31.115 E376.77211
G1 X181.454 Y31.114 E377.28093
G1 X181.799 Y31.079 E377.29246
G1 X182.252 Y30.965 E377.308
G1 X182.676 Y30.78 E377.32338
G1 X183.063 Y30.527 E377.33876
G1 X183.407 Y30.212 E377.35427
G1 X183.623 Y29.946 E377.36567
G1 X183.864 Y29.546 E377.3812
G1 X183.992 Y29.234 E377.39242
G1 X184.107 Y28.783 E377.4079
G1 X184.143 Y28.491 E377.41768
G1 X184.144 Y28.063 E377.43192
G1 X184.034 Y27.524 E377.45022
G1 X183.862 Y27.084 E377.46593
G1 X183.699 Y26.783 E377.47731
G1 X183.401 Y26.401 E377.49343
G1 X182.972 Y26.037 E377.51214
G1 X182.574 Y25.787 E377.52777
G1 X182.037 Y25.602 E377.54666
G1 X181.652 Y25.534 E377.55967
G1 X181.392 Y25.518 E377.56833
G1 X166.147 Y25.516 E378.07538
G1 X165.693 Y25.497 E378.0905
G1 X165.279 Y25.444 E378.10438
G1 X164.848 Y25.351 E378.11904
G1 X164.336 Y25.195 E378.13685
G1 X163.841 Y24.975 E378.15486
G1 X163.468 Y24.773 E378.16897
G1 X163.11 Y24.538 E378.18321
G1 X162.513 Y24.065 E378.20855
G1 X162.064 Y23.758 E378.22664
G1 X161.474 Y23.454 E378.24871
G1 X160.858 Y23.23 E378.27051
G1 X160.301 Y23.101 E378.28953
G1 X159.892 Y23.044 E378.30327
G1 X159.43 Y23.017 E378.31866
G1 X158.994 Y23.028 E378.33316
G1 X158.459 Y23.087 E378.35107
G1 X157.909 Y23.215 E378.36985
G1 X157.496 Y23.349 E378.38429
G1 X157.089 Y23.521 E378.39898
G1 X156.627 Y23.761 E378.4163
G1 X156.082 Y24.135 E378.43829
G1 X155.587 Y24.575 E378.46031
G1 X155.182 Y25.032 E378.48062
G1 X154.891 Y25.45 E378.49756
G1 X154.656 Y25.853 E378.51308
G1 X154.467 Y26.248 E378.52764
G1 X154.322 Y26.632 E378.5413
G1 X154.194 Y27.083 E378.55689
G1 X154.11 Y27.517 E378.57159
G1 X154.051 Y28.048 E378.58936
G1 X154.056 Y28.609 E378.60802
G1 X154.104 Y29.076 E378.62363
G1 X154.175 Y29.461 E378.63666
G1 X154.317 Y29.998 E378.65513
G1 X154.561 Y30.603 E378.67683
G1 X154.84 Y31.1 E378.69578
G1 X155.13 Y31.533 E378.71312
G1 X155.494 Y31.952 E378.73158
G1 X155.746 Y32.201 E378.74336
G1 X156.076 Y32.484 E378.75782
G1 X156.437 Y32.744 E378.77262
G1 X156.909 Y33.028 E378.79094
G1 X157.417 Y33.252 E378.8094
G1 X157.819 Y33.39 E378.82354
G1 X158.356 Y33.527 E378.84197
M204 S2000
G0 F9000 X158.482 Y32.839
G0 X160.59 Y32.528
G0 X161.561 Y32.098
G0 X164.538 Y30.019
G0 X164.466 Y29.766
M204 S500
;TYPE:SKIN
G1 F1800 X164.576 Y29.264 E378.85907
G1 X164.642 Y28.767 E378.87574
G1 X164.659 Y28.091 E378.89823
G1 X164.594 Y27.483 E378.91857
G1 X164.465 Y26.863 E378.93963
G1 X164.973 Y26.976 E378.95694
G1 X165.57 Y27.053 E378.97696
G1 X166.089 Y27.075 E378.99424
G1 X166.908 Y27.08 E379.02148
G1 X166.76 Y27.371 E379.03234
G1 X166.636 Y27.813 E379.04761
G1 X166.594 Y28.12 E379.05791
G1 X166.639 Y28.879 E379.0832
G1 X166.793 Y29.372 E379.10038
G1 X166.889 Y29.553 E379.1072
G1 X166.162 Y29.554 E379.13138
G1 X165.566 Y29.579 E379.15122
G1 X164.989 Y29.655 E379.17057
G1 X164.466 Y29.766 E379.18836
M204 S2000
G0 F9000 X164.538 Y30.019
G0 X167.19 Y29.732
G0 X166.969 Y29.068
G0 X166.526 Y29.2
M204 S500
G1 F1800 X166.452 Y29.274 E379.19184
G1 X166.382 Y29.344 E379.19513
M204 S2000
G0 F9000 X165.792 Y29.368
M204 S500
G1 F1800 X166.425 Y28.736 E379.22488
M204 S2000
G0 F9000 X166.398 Y28.197
M204 S500
G1 F1800 X165.166 Y29.429 E379.28283
M204 S2000
G0 F9000 X164.777 Y29.252
M204 S500
G1 F1800 X166.472 Y27.557 E379.36256
M204 S2000
G0 F9000 X166.184 Y27.28
M204 S500
G1 F1800 X164.845 Y28.618 E379.42552
M204 S2000
G0 F9000 X164.854 Y28.043
M204 S500
G1 F1800 X165.642 Y27.256 E379.46256
M204 S2000
G0 F9000 X165.133 Y27.199
M204 S500
G1 F1800 X164.799 Y27.533 E379.47827
M204 S2000
G0 F9000 X164.344 Y27.581
G0 X164.193 Y26.615
G0 X167.202 Y26.9
G0 X167.548 Y28.745
G0 X167.726 Y29.193
G0 X167.97 Y29.543
G0 X168.386 Y29.893
G0 X168.819 Y30.084
G0 X169.235 Y30.154
G0 X174.44 Y30.155
G0 X174.95 Y30.063
G0 X176.756 Y28.939
G0 X177.407 Y29.133
M204 S500
G1 F1640.1 X177.972 Y29.132 E379.49889
G1 X177.913 Y28.871 E379.50866
G1 F1739.1 X177.887 Y28.324 E379.52751
G1 F1786.6 X177.924 Y27.629 E379.55083
G1 F1670.5 X177.961 Y27.5 E379.55564
G1 F1618 X177.411 Y27.5 E379.57599
G1 X177.479 Y27.77 E379.5863
G1 F1722.5 X177.505 Y28.213 E379.60172
G1 F1734.9 X177.48 Y28.878 E379.62468
G1 F1640.1 X177.407 Y29.133 E379.63437
M204 S2000
G0 F9000 X176.797 Y29.553
M204 S500
G1 F1800 X178.549 Y29.553 E379.69264
G1 X178.4 Y29.119 E379.7079
G1 X178.327 Y28.809 E379.71849
G1 X178.282 Y28.312 E379.73509
G1 X178.36 Y27.638 E379.75766
G1 X178.552 Y27.078 E379.77735
G1 X176.779 Y27.078 E379.83632
G1 X176.969 Y27.477 E379.85102
G1 X177.065 Y27.86 E379.86415
G1 X177.11 Y28.24 E379.87688
G1 X177.066 Y28.802 E379.89563
G1 X176.938 Y29.235 E379.91064
G1 X176.797 Y29.553 E379.92221
M204 S2000
G0 F9000 X176.285 Y29.327
G1 F2400 E379.12221
;MESH:part_4.stl
G0 F9000 X174.761 Y29.673
G0 X166.141 Y30.897
G0 X166.174 Y31.98
G0 X165.826 Y36.003
G0 X165.063 Y36.766
G0 X162.022 Y41.283
M204 S500
;TYPE:WALL-INNER
G1 F2400 E379.92221
G1 F1417.3 X161.774 Y41.522 E379.93676
G1 F1398.1 X161.603 Y41.708 E379.94758
M204 S2000
G0 F9000 X158.802 Y44.666
G0 X159.87 Y46.787
G0 X156.154 Y51.312
M204 S500
G1 F1804.5 X159.689 Y47.777 E380.11344
G1 X160.048 Y47.546 E380.1276
G1 F1800 X160.352 Y47.484 E380.13792
G1 X160.552 Y47.495 E380.14458
G1 X160.854 Y47.594 E380.15516
G1 X161.044 Y47.721 E380.16276
G1 X162.565 Y49.236 E380.23416
G1 X163.04 Y48.895 E380.25361
G1 X163.389 Y48.678 E380.26728
G1 X163.958 Y48.375 E380.28872
G1 X164.491 Y48.143 E380.30805
G1 X165.161 Y47.916 E380.33158
G1 X165.801 Y47.757 E380.35351
G1 X166.448 Y47.655 E380.3753
G1 X167.009 Y47.61 E380.39402
G1 X167.429 Y47.603 E380.40799
G1 X167.754 Y47.614 E380.4188
G1 X168.336 Y47.665 E380.43824
G1 X168.646 Y47.71 E380.44865
G1 X169.26 Y47.84 E380.46953
G1 X180.887 Y50.952 E380.86986
G1 F1662.8 X181.352 Y51.043 E380.88692
G1 F1406.2 X181.531 Y51.06 E380.89457
G1 F1302 X181.913 Y51.238 E380.91395
G1 F1309.1 X182.149 Y51.329 E380.92552
G1 F1306.7 X182.505 Y51.436 E380.94255
G1 X182.923 Y51.486 E380.96184
G1 F1313.9 X183.195 Y51.496 E380.97424
G1 F1326 X183.475 Y51.473 E380.98692
G1 F1316.3 X183.721 Y51.427 E380.99831
G1 F1299.6 X183.989 Y51.357 E381.01107
G1 F1302 X184.386 Y51.209 E381.03055
G1 F1309.1 X184.839 Y50.935 E381.05476
G1 X185.193 Y50.631 E381.0761
G1 F1306.7 X185.454 Y50.318 E381.09477
G1 F1304.3 X185.715 Y49.916 E381.11677
G1 F1309.1 X185.9 Y49.436 E381.1403
G1 F1311.5 X185.976 Y49.136 E381.15442
G1 F1313.9 X186.045 Y48.569 E381.18045
G1 F1318.7 X186.011 Y48.191 E381.19768
G1 F1313.9 X185.96 Y47.93 E381.2098
G1 F1304.3 X185.82 Y47.473 E381.23174
G1 F1309.1 X185.685 Y47.172 E381.24682
G1 X185.465 Y46.839 E381.26508
G1 F1304.3 X185.151 Y46.481 E381.28693
G1 X184.782 Y46.171 E381.30905
G1 F1311.5 X184.547 Y46.026 E381.32166
G1 X184.137 Y45.832 E381.34236
G1 F1309.1 X183.847 Y45.739 E381.35629
G1 F1306.7 X183.496 Y45.668 E381.3727
G1 F1304.3 X183.167 Y45.649 E381.38782
G1 F1309.1 X182.9 Y45.653 E381.40004
G1 F1323.5 X182.645 Y45.676 E381.41162
G1 X182.337 Y45.747 E381.42591
G1 F1311.5 X181.79 Y45.949 E381.45253
G1 F1297.3 X181.427 Y46.177 E381.47232
G1 F1299.6 X181.208 Y46.347 E381.48509
G1 F1292.6 X180.967 Y46.564 E381.50011
G1 F1496.9 X180.683 Y46.689 E381.51252
G1 F1800 X180.356 Y46.892 E381.52532
G1 X179.77 Y47.12 E381.54623
G1 X179.249 Y47.233 E381.56396
G1 X178.458 Y47.198 E381.5903
G1 X171.281 Y45.275 E381.83743
G1 X170.858 Y45.113 E381.85249
G1 X170.361 Y44.76 E381.87277
G1 X169.987 Y44.324 E381.89187
G1 X169.706 Y43.712 E381.91427
G1 X169.61 Y43.113 E381.93445
G1 X169.66 Y42.636 E381.9504
G1 X169.751 Y42.284 E381.96249
G1 X168.116 Y40.648 E382.03942
G1 X167.942 Y40.344 E382.05107
G1 X167.882 Y39.956 E382.06413
G1 X167.944 Y39.651 E382.07448
G1 F1791 X168.115 Y39.353 E382.08597
G1 X171.709 Y35.756 E382.25593
G1 F1804.5 X171.427 Y35.474 E382.26916
G1 F1791 X167.83 Y39.068 E382.43913
G1 X167.533 Y39.24 E382.4506
G1 F1800 X167.228 Y39.302 E382.46096
G1 X167.028 Y39.29 E382.46762
G1 X166.754 Y39.205 E382.47716
G1 X166.559 Y39.091 E382.48467
G1 X165.064 Y37.596 E382.55499
G1 X157.994 Y44.666 E382.88755
G1 X159.407 Y46.079 E382.95401
G1 X159.599 Y46.346 E382.96495
G1 X159.688 Y46.631 E382.97488
G1 X159.699 Y46.831 E382.98154
G1 X159.637 Y47.135 E382.99186
G1 F1804.5 X159.407 Y47.495 E383.00603
G1 X155.872 Y51.03 E383.17189
G1 X156.154 Y51.312 E383.18512
M204 S2000
G0 F9000 X156.154 Y51.877
M204 S500
G1 F1800 X159.971 Y48.059 E383.36469
G1 X160.187 Y47.921 E383.37321
G1 X160.369 Y47.884 E383.37939
G1 X160.565 Y47.908 E383.38596
G1 X160.77 Y48.013 E383.39362
G1 X162.54 Y49.776 E383.47671
G1 X162.818 Y49.544 E383.48875
G1 X163.272 Y49.221 E383.50728
G1 X163.579 Y49.03 E383.51931
G1 X164.118 Y48.742 E383.53963
G1 X164.651 Y48.51 E383.55897
G1 X165.246 Y48.307 E383.57988
G1 X165.865 Y48.152 E383.6011
G1 X166.48 Y48.054 E383.62182
G1 X167.064 Y48.008 E383.6413
G1 X167.419 Y48.003 E383.65311
G1 X167.72 Y48.013 E383.66312
G1 X168.323 Y48.066 E383.68326
G1 X168.586 Y48.106 E383.69211
G1 X169.176 Y48.231 E383.71216
G1 F1804.5 X181.261 Y51.468 E384.12724
G1 X181.736 Y51.678 E384.14447
G1 F1800 X181.98 Y51.775 E384.15321
G1 X182.436 Y51.908 E384.169
G1 X182.893 Y51.962 E384.18431
G1 X183.251 Y51.966 E384.19622
G1 X183.506 Y51.946 E384.20473
G1 X183.806 Y51.896 E384.21484
G1 X184.134 Y51.813 E384.22609
G1 X184.482 Y51.679 E384.2385
G1 X184.716 Y51.565 E384.24715
G1 X184.967 Y51.416 E384.25686
G1 X185.203 Y51.248 E384.2665
G1 X185.405 Y51.077 E384.2753
G1 X185.594 Y50.889 E384.28417
G1 X185.838 Y50.602 E384.2967
G1 X186.037 Y50.296 E384.30884
G1 X186.169 Y50.052 E384.31806
G1 X186.325 Y49.694 E384.33105
G1 X186.439 Y49.245 E384.34646
G1 X186.486 Y48.958 E384.35613
G1 X186.507 Y48.703 E384.36464
G1 X186.505 Y48.395 E384.37489
G1 X186.48 Y48.139 E384.38344
G1 X186.428 Y47.84 E384.39354
G1 X186.361 Y47.58 E384.40247
G1 X186.261 Y47.296 E384.41248
G1 X186.146 Y47.041 E384.42178
G1 X186.024 Y46.82 E384.43018
G1 X185.857 Y46.569 E384.44021
G1 X185.69 Y46.358 E384.44916
G1 X185.495 Y46.149 E384.45867
G1 X185.279 Y45.953 E384.46837
G1 X185.054 Y45.782 E384.47777
G1 X184.809 Y45.626 E384.48743
G1 X184.557 Y45.494 E384.49689
G1 X184.313 Y45.391 E384.5057
G1 X183.969 Y45.278 E384.51774
G1 X183.559 Y45.196 E384.53165
G1 X183.189 Y45.171 E384.54398
G1 X182.909 Y45.176 E384.5533
G1 X182.57 Y45.21 E384.56463
G1 X182.214 Y45.29 E384.57676
G1 X181.964 Y45.368 E384.58547
G1 X181.687 Y45.482 E384.59544
G1 X181.445 Y45.604 E384.60445
G1 X181.15 Y45.787 E384.616
G1 X180.911 Y45.977 E384.62615
G1 X180.471 Y46.35 E384.64534
G1 X180.181 Y46.53 E384.65669
G1 X179.671 Y46.732 E384.67493
G1 X179.179 Y46.832 E384.69163
G1 X178.515 Y46.8 E384.71374
G1 X171.385 Y44.888 E384.95927
G1 X171.046 Y44.756 E384.97137
G1 X170.616 Y44.45 E384.98892
G1 X170.324 Y44.099 E385.00411
G1 X170.091 Y43.596 E385.02254
G1 X170.018 Y43.118 E385.03863
G1 X170.066 Y42.592 E385.05619
G1 X170.232 Y42.2 E385.07035
G1 X168.411 Y40.372 E385.15617
G1 X168.306 Y40.169 E385.16377
G1 X168.282 Y39.973 E385.17034
G1 X168.319 Y39.79 E385.17655
G1 X168.422 Y39.612 E385.18339
G1 X172.274 Y35.756 E385.36467
G1 X171.427 Y34.909 E385.40451
G1 X167.571 Y38.761 E385.58579
G1 X167.394 Y38.865 E385.59262
G1 X167.211 Y38.902 E385.59883
G1 X166.926 Y38.844 E385.6085
G1 X166.809 Y38.776 E385.613
G1 X165.064 Y37.03 E385.69511
G1 X157.428 Y44.666 E386.05428
G1 X159.124 Y46.362 E386.13405
G1 X159.239 Y46.522 E386.14061
G1 X159.299 Y46.814 E386.15052
G1 X159.262 Y46.996 E386.1567
G1 X159.124 Y47.212 E386.16523
G1 X155.307 Y51.03 E386.34479
G1 X156.154 Y51.877 E386.38463
M204 S2000
G0 F9000 X156.154 Y51.495
G0 X160.396 Y47.313
G0 X162.595 Y48.701
M204 S500
G1 F1800 X163.2 Y48.325 E386.40832
G1 X163.799 Y48.009 E386.43085
G1 X164.441 Y47.734 E386.45408
G1 X165.062 Y47.528 E386.47584
G1 X165.737 Y47.362 E386.49896
G1 X166.416 Y47.256 E386.52181
G1 X167.064 Y47.208 E386.54343
G1 X167.439 Y47.203 E386.5559
G1 X167.789 Y47.216 E386.56755
G1 X168.378 Y47.267 E386.58721
G1 X168.789 Y47.33 E386.60104
G1 X169.344 Y47.449 E386.61992
G1 X181.434 Y50.685 E387.03619
G1 X181.095 Y50.374 E387.05149
G1 X180.77 Y49.925 E387.06993
G1 X180.596 Y49.544 E387.08386
G1 X180.47 Y49.175 E387.09683
G1 X180.421 Y48.798 E387.10947
G1 X180.419 Y48.391 E387.12301
G1 X180.445 Y48.131 E387.1317
G1 X180.579 Y47.549 E387.15156
G1 X180.732 Y47.261 E387.16241
G1 X180.925 Y47.006 E387.17305
G1 X180.554 Y47.241 E387.18765
G1 X179.94 Y47.492 E387.20972
G1 X179.426 Y47.604 E387.22721
G1 X179.172 Y47.637 E387.23573
G1 X178.384 Y47.593 E387.26198
G1 X171.178 Y45.661 E387.51012
G1 X170.806 Y45.521 E387.52334
G1 X170.523 Y45.366 E387.53407
G1 X170.094 Y45.061 E387.55158
G1 X169.743 Y44.653 E387.56948
G1 X169.603 Y44.443 E387.57787
G1 X169.321 Y43.83 E387.60032
G1 X169.208 Y43.128 E387.62396
G1 X169.262 Y42.593 E387.64185
G1 X169.31 Y42.409 E387.64817
G1 X167.807 Y40.904 E387.71892
G1 X167.651 Y40.667 E387.72835
G1 X167.505 Y40.315 E387.74103
G1 X167.482 Y39.938 E387.75359
G1 X167.542 Y39.642 E387.76364
G1 X167.246 Y39.702 E387.77368
G1 X166.966 Y39.685 E387.78301
G1 X166.582 Y39.567 E387.79637
G1 X166.308 Y39.406 E387.80694
G1 X165.064 Y38.161 E387.86548
G1 X162.265 Y40.96 E387.99714
G1 F1578.9 X162.022 Y41.283 E388.01246
G1 X162.723 Y40.921 E388.04238
G1 F1800 X163.135 Y40.783 E388.05683
G1 X163.56 Y40.711 E388.07117
G1 X163.975 Y40.703 E388.08497
G1 X164.29 Y40.744 E388.09554
G1 X164.592 Y40.818 E388.10588
G1 X165.038 Y40.985 E388.12172
G1 X165.362 Y41.183 E388.13435
G1 X165.936 Y41.717 E388.16042
G1 X166.107 Y41.977 E388.17077
G1 X166.352 Y42.527 E388.1908
G1 X166.463 Y42.988 E388.20657
G1 X166.493 Y43.597 E388.22685
G1 X166.362 Y44.258 E388.24926
G1 X166.224 Y44.589 E388.26119
G1 X165.843 Y45.144 E388.28358
G1 X165.633 Y45.366 E388.29374
G1 X165.125 Y45.739 E388.31471
G1 X164.883 Y45.86 E388.32371
G1 X164.452 Y46.023 E388.33903
G1 X164.162 Y46.096 E388.34898
G1 X163.402 Y46.07 E388.37427
G1 X163.012 Y45.976 E388.38761
G1 X162.735 Y45.872 E388.39745
G1 X162.277 Y45.642 E388.4145
G1 X161.821 Y45.253 E388.43444
G1 X161.425 Y44.695 E388.45719
G1 X161.305 Y44.431 E388.46684
G1 X161.184 Y44.073 E388.47941
G1 X161.096 Y43.671 E388.49309
G1 X161.099 Y43.251 E388.50706
G1 X161.139 Y42.904 E388.51868
G1 X161.231 Y42.509 E388.53217
G1 F1555.1 X161.603 Y41.708 E388.56617
G1 X161.24 Y41.985 E388.58375
G1 F1800 X158.56 Y44.666 E388.70983
G1 X159.772 Y45.887 E388.76705
G1 X159.958 Y46.169 E388.77829
G1 X160.083 Y46.569 E388.79223
G1 X160.099 Y46.849 E388.80156
G1 X160.039 Y47.144 E388.81157
G1 X160.334 Y47.084 E388.82158
G1 X160.708 Y47.105 E388.83404
G1 X161.065 Y47.254 E388.84691
G1 X161.299 Y47.406 E388.85619
G1 X162.595 Y48.701 E388.91712
M204 S2000
G0 F9000 X160.273 Y46.911
G0 X158.802 Y44.666
G0 X161.052 Y42.44
G0 X162.072 Y45.193
G0 X163.028 Y45.571
M204 S500
G1 F1800 X162.505 Y45.31 E388.93657
G1 X162.12 Y44.984 E388.95334
G1 X161.727 Y44.432 E388.97588
G1 X161.519 Y43.814 E388.99757
G1 X161.496 Y43.298 E389.01475
G1 X161.537 Y42.951 E389.02637
G1 X161.681 Y42.448 E389.04377
G1 X162.027 Y41.902 E389.06527
G1 X162.333 Y41.616 E389.0792
G1 X162.555 Y41.459 E389.08825
G1 X162.907 Y41.276 E389.10144
G1 X163.201 Y41.177 E389.11176
G1 X163.626 Y41.105 E389.1261
G1 X163.923 Y41.1 E389.13598
G1 X164.351 Y41.156 E389.15033
G1 X164.877 Y41.351 E389.16899
G1 X165.109 Y41.493 E389.17804
G1 X165.562 Y41.916 E389.19865
G1 X165.756 Y42.168 E389.20923
G1 X165.985 Y42.686 E389.22807
G1 X166.064 Y43.016 E389.23935
G1 X166.091 Y43.569 E389.25777
G1 X165.995 Y44.078 E389.275
G1 X165.878 Y44.389 E389.28605
G1 X165.453 Y45.004 E389.31091
G1 X164.856 Y45.442 E389.33554
G1 X164.186 Y45.698 E389.35939
G1 X163.498 Y45.672 E389.38229
G1 X163.028 Y45.571 E389.39828
M204 S2000
G0 F9000 X163.158 Y45.19
M204 S500
G1 F1800 X162.722 Y44.97 E389.41453
G1 X162.446 Y44.737 E389.42654
G1 X162.09 Y44.257 E389.44642
G1 X161.916 Y43.74 E389.46456
G1 X161.893 Y43.345 E389.47772
G1 X161.934 Y42.998 E389.48934
G1 X162.05 Y42.614 E389.50268
G1 X162.336 Y42.162 E389.52047
G1 X162.664 Y41.854 E389.53544
G1 X163.175 Y41.588 E389.5546
G1 X163.78 Y41.485 E389.57501
G1 X164.255 Y41.546 E389.59094
G1 X164.808 Y41.758 E389.61064
G1 X165.372 Y42.286 E389.63633
G1 X165.617 Y42.845 E389.65663
G1 X165.665 Y43.043 E389.66341
G1 X165.689 Y43.545 E389.68012
G1 X165.576 Y44.125 E389.69978
G1 X165.161 Y44.724 E389.72402
G1 X164.665 Y45.087 E389.74446
G1 X164.121 Y45.294 E389.76382
G1 X163.527 Y45.273 E389.78359
G1 X163.158 Y45.19 E389.79617
M204 S2000
G1 F2400 E388.99617
G0 F9000 X163.083 Y45.477
G0 X161.032 Y44.127
G0 X161.052 Y42.44
G0 X158.802 Y44.666
G0 X160.273 Y46.911
G0 X162.625 Y48.491
G0 X168.094 Y47.519
G0 X181.834 Y50.615
M204 S500
G1 F2400 E389.79617
G1 F1414.5 X181.692 Y50.425 E389.80621
G1 F1662.8 X181.366 Y50.08 E389.82329
G1 F1800 X181.134 Y49.759 E389.83647
G1 X180.908 Y49.265 E389.85454
G1 X180.821 Y48.784 E389.87079
G1 X180.818 Y48.287 E389.88732
G1 X180.96 Y47.681 E389.90803
G1 X181.217 Y47.281 E389.92384
G1 F1496.9 X181.374 Y46.949 E389.93853
G1 F1295 X181.55 Y46.773 E389.95003
G1 F1311.5 X182.02 Y46.449 E389.97609
G1 F1316.3 X182.502 Y46.266 E389.99954
G1 F1321.1 X182.826 Y46.194 E390.01458
G1 X183.487 Y46.218 E390.04456
G1 F1316.3 X183.923 Y46.332 E390.06506
G1 F1313.9 X184.299 Y46.515 E390.08411
G1 F1311.5 X184.516 Y46.651 E390.0958
G1 F1313.9 X184.968 Y47.075 E390.12404
G1 X185.259 Y47.542 E390.14911
G1 F1304.3 X185.372 Y47.878 E390.16538
G1 X185.488 Y48.302 E390.18556
G1 F1309.1 X185.482 Y48.644 E390.2012
G1 F1306.7 X185.419 Y49.171 E390.22552
G1 F1311.5 X185.226 Y49.65 E390.24909
G1 F1316.3 X184.953 Y50.077 E390.27215
G1 F1313.9 X184.612 Y50.417 E390.29409
G1 F1309.1 X184.215 Y50.669 E390.31559
G1 F1313.9 X183.976 Y50.787 E390.32774
G1 F1326 X183.389 Y50.939 E390.35512
G1 F1323.5 X183.12 Y50.956 E390.36731
G1 F1316.3 X182.489 Y50.871 E390.39627
G1 F1309.1 X181.834 Y50.615 E390.42843
M204 S2000
G0 F9000 X182.12 Y50.222
M204 S500
G1 F1800 X181.637 Y49.785 E390.45009
G1 X181.498 Y49.593 E390.45798
G1 X181.294 Y49.145 E390.47435
G1 X181.221 Y48.77 E390.48706
G1 X181.219 Y48.334 E390.50156
G1 X181.351 Y47.764 E390.52102
G1 X181.805 Y47.177 E390.5457
G1 X182.237 Y46.874 E390.56325
G1 X182.765 Y46.672 E390.58205
G1 X183.448 Y46.697 E390.60478
G1 X183.723 Y46.767 E390.61422
G1 X184.175 Y46.989 E390.63097
G1 X184.579 Y47.355 E390.6491
G1 X184.84 Y47.778 E390.66563
G1 X185.027 Y48.399 E390.6872
G1 X184.952 Y49.044 E390.7088
G1 X184.807 Y49.425 E390.72236
G1 X184.558 Y49.803 E390.73742
G1 X184.341 Y50.02 E390.74762
G1 X183.887 Y50.31 E390.76554
G1 X183.269 Y50.486 E390.78691
G1 X182.655 Y50.416 E390.80747
G1 X182.12 Y50.222 E390.82639
M204 S2000
G0 F9000 X182.313 Y49.861
M204 S500
;TYPE:WALL-OUTER
G1 F1800 X181.879 Y49.464 E390.84596
G1 X181.674 Y49.007 E390.86262
G1 X181.625 Y48.793 E390.86992
G1 X181.622 Y48.363 E390.88422
G1 X181.723 Y47.944 E390.89856
G1 X182.088 Y47.466 E390.91856
G1 X182.415 Y47.238 E390.93182
G1 X182.84 Y47.071 E390.94701
G1 X183.349 Y47.088 E390.96395
G1 X183.597 Y47.148 E390.97243
G1 X183.944 Y47.321 E390.98533
G1 X184.271 Y47.618 E391.00002
G1 X184.467 Y47.928 E391.01222
G1 X184.622 Y48.442 E391.03007
G1 X184.564 Y48.945 E391.04692
G1 X184.454 Y49.236 E391.05726
G1 X184.241 Y49.556 E391.07005
G1 X184.083 Y49.714 E391.07748
G1 X183.738 Y49.933 E391.09107
G1 X183.237 Y50.082 E391.10846
G1 X182.735 Y50.024 E391.12526
G1 X182.313 Y49.861 E391.14031
M204 S2000
G1 F2400 E390.34031
G0 F9000 X181.839 Y50.375
G0 X180.26 Y48.803
G0 X180.405 Y47.498
G0 X169.618 Y44.755
G0 X169.112 Y42.444
G0 X167.308 Y39.876
G0 X165.064 Y38.404
G0 X162.798 Y40.698
G0 X166.248 Y41.9
G0 X165.737 Y45.49
G0 X163.136 Y45.491
G0 X163.312 Y44.814
M204 S500
G1 F2400 E391.14031
G1 F1800 X162.946 Y44.634 E391.15388
G1 X162.729 Y44.454 E391.16325
G1 X162.459 Y44.086 E391.17843
G1 X162.311 Y43.646 E391.19387
G1 X162.291 Y43.392 E391.20235
G1 X162.341 Y43.003 E391.21539
G1 X162.43 Y42.762 E391.22394
G1 X162.637 Y42.434 E391.23684
G1 X162.898 Y42.182 E391.2489
G1 X163.305 Y41.971 E391.26415
G1 X163.791 Y41.889 E391.28055
G1 X164.178 Y41.945 E391.29355
G1 X164.573 Y42.092 E391.30757
G1 X165.04 Y42.529 E391.32884
G1 X165.264 Y43.036 E391.34728
G1 X165.287 Y43.51 E391.36306
G1 X165.201 Y43.965 E391.37846
G1 X164.855 Y44.452 E391.39833
G1 X164.472 Y44.731 E391.41409
G1 X164.052 Y44.889 E391.42902
G1 X163.557 Y44.874 E391.44549
G1 X163.312 Y44.814 E391.45388
M204 S2000
G1 F2400 E390.65388
G0 F9000 X163.136 Y45.491
G0 X161.226 Y42.125
G0 X158.442 Y44.666
G0 X159.706 Y46.487
G0 X156.154 Y52.061
G0 X156.154 Y52.443
M204 S500
G1 F2400 E391.45388
G1 F1800 X160.254 Y48.342 E391.64675
G1 X160.387 Y48.284 E391.65158
G1 X160.508 Y48.317 E391.65575
G1 X162.516 Y50.318 E391.75004
G1 X163.05 Y49.87 E391.77322
G1 X163.514 Y49.541 E391.79214
G1 X163.769 Y49.382 E391.80213
G1 X164.278 Y49.109 E391.82134
G1 X164.826 Y48.871 E391.84121
G1 X165.358 Y48.692 E391.85988
G1 X165.929 Y48.547 E391.87948
G1 X166.512 Y48.453 E391.89912
G1 X167.085 Y48.408 E391.91824
G1 X167.409 Y48.403 E391.92901
G1 X167.685 Y48.411 E391.9382
G1 X168.263 Y48.462 E391.9575
G1 X168.537 Y48.504 E391.96672
G1 X169.101 Y48.625 E391.9859
G1 X181.167 Y51.859 E392.40138
G1 X181.563 Y52.04 E392.41586
G1 X181.848 Y52.153 E392.42606
G1 X182.171 Y52.251 E392.43729
G1 X182.463 Y52.315 E392.44723
G1 X182.867 Y52.362 E392.46076
G1 X183.265 Y52.366 E392.474
G1 X183.554 Y52.343 E392.48364
G1 X183.888 Y52.288 E392.4949
G1 X184.256 Y52.195 E392.50752
G1 X184.642 Y52.046 E392.52128
G1 X184.906 Y51.917 E392.53106
G1 X185.185 Y51.752 E392.54184
G1 X185.448 Y51.564 E392.55259
G1 X185.675 Y51.373 E392.56246
G1 X185.888 Y51.161 E392.57245
G1 X186.16 Y50.841 E392.58642
G1 X186.382 Y50.5 E392.59996
G1 X186.529 Y50.226 E392.6103
G1 X186.705 Y49.823 E392.62492
G1 X186.831 Y49.327 E392.64194
G1 X186.884 Y49.006 E392.65277
G1 X186.907 Y48.718 E392.66237
G1 X186.905 Y48.375 E392.67378
G1 X186.877 Y48.086 E392.68344
G1 X186.82 Y47.756 E392.69458
G1 X186.744 Y47.463 E392.70465
G1 X186.633 Y47.148 E392.71576
G1 X186.504 Y46.862 E392.72619
G1 X186.366 Y46.612 E392.73569
G1 X186.181 Y46.333 E392.74682
G1 X185.994 Y46.097 E392.75684
G1 X185.776 Y45.863 E392.76747
G1 X185.535 Y45.645 E392.77828
G1 X185.284 Y45.454 E392.78877
G1 X185.009 Y45.279 E392.79961
G1 X184.728 Y45.132 E392.81016
G1 X184.453 Y45.016 E392.82009
G1 X184.071 Y44.89 E392.83347
G1 X183.612 Y44.798 E392.84904
G1 X183.199 Y44.771 E392.8628
G1 X182.885 Y44.776 E392.87325
G1 X182.506 Y44.814 E392.88592
G1 X182.11 Y44.903 E392.89942
G1 X181.828 Y44.992 E392.90925
G1 X181.521 Y45.118 E392.92029
G1 X181.249 Y45.254 E392.9304
G1 X180.918 Y45.46 E392.94337
G1 X180.584 Y45.729 E392.95764
G1 X180.259 Y46.01 E392.97193
G1 X179.985 Y46.178 E392.98261
G1 X179.564 Y46.346 E392.99769
G1 X179.151 Y46.432 E393.01172
G1 X178.594 Y46.404 E393.03027
G1 X171.465 Y44.494 E393.27575
G1 X171.219 Y44.388 E393.28465
G1 X170.886 Y44.148 E393.29831
G1 X170.657 Y43.869 E393.31031
G1 X170.475 Y43.467 E393.32499
G1 X170.418 Y43.099 E393.33738
G1 X170.459 Y42.69 E393.35105
G1 X170.639 Y42.263 E393.36646
G1 X170.732 Y42.135 E393.37172
G1 X168.711 Y40.105 E393.467
G1 X168.684 Y40.031 E393.46961
G1 X168.728 Y39.87 E393.47517
G1 X172.84 Y35.756 E393.66863
G1 X171.427 Y34.343 E393.73509
G1 X167.282 Y38.487 E393.93004
G1 X167.153 Y38.5 E393.93435
G1 X167.043 Y38.444 E393.93845
G1 X165.064 Y36.464 E394.03156
G1 X156.862 Y44.666 E394.41736
G1 X158.853 Y46.658 E394.51104
G1 X158.897 Y46.755 E394.51458
G1 X158.884 Y46.886 E394.51896
G1 X154.741 Y51.03 E394.71385
G1 X156.154 Y52.443 E394.78032
M204 S2000
G0 F9000 X156.154 Y52.061
G0 X160.396 Y47.878
G0 X161.095 Y48.568
G0 X162.79 Y48.467
G0 X162.652 Y48.247
M204 S500
;TYPE:SKIN
G1 F1800 X161.53 Y47.129 E394.833
G1 X161.204 Y46.92 E394.84588
G1 X160.782 Y46.75 E394.86101
G1 X160.453 Y46.73 E394.87197
G1 X160.434 Y46.41 E394.88263
G1 X160.246 Y45.91 E394.9004
G1 X159.939 Y45.534 E394.91655
G1 X159.07 Y44.666 E394.9574
G1 X160.769 Y42.968 E395.03729
G1 X160.74 Y43.211 E395.04543
G1 X160.741 Y43.732 E395.06276
G1 X160.835 Y44.162 E395.0774
G1 X160.962 Y44.546 E395.09085
G1 X161.111 Y44.872 E395.10277
G1 X161.566 Y45.509 E395.12881
G1 X161.963 Y45.848 E395.14617
G1 X162.2 Y46.005 E395.15563
G1 X162.573 Y46.194 E395.16953
G1 X162.902 Y46.319 E395.18124
G1 X163.368 Y46.427 E395.19715
G1 X163.981 Y46.449 E395.21755
G1 X164.394 Y46.429 E395.2313
G1 X165.015 Y46.194 E395.25339
G1 X165.334 Y46.034 E395.26526
G1 X165.856 Y45.651 E395.28679
G1 X166.13 Y45.362 E395.30004
G1 X166.543 Y44.756 E395.32443
G1 X166.714 Y44.341 E395.33936
G1 X166.855 Y43.611 E395.36409
G1 X166.818 Y42.932 E395.3867
G1 X166.693 Y42.417 E395.40433
G1 X166.419 Y41.796 E395.42691
G1 X166.218 Y41.492 E395.43903
G1 X165.533 Y40.848 E395.4703
G1 X165.194 Y40.659 E395.48321
G1 X164.704 Y40.476 E395.5006
G1 X164.354 Y40.391 E395.51258
G1 X164.025 Y40.346 E395.52363
G1 X163.377 Y40.358 E395.54518
G1 X165.063 Y38.672 E395.62449
G1 X165.924 Y39.534 E395.66501
G1 X166.153 Y39.728 E395.67499
G1 X166.448 Y39.902 E395.68638
G1 X166.799 Y40.035 E395.69887
G1 X167.128 Y40.056 E395.70983
G1 X167.14 Y40.255 E395.71646
G1 X167.259 Y40.728 E395.73269
G1 X167.524 Y41.128 E395.74865
G1 X168.908 Y42.519 E395.81391
G1 X168.847 Y43.142 E395.83473
G1 X168.973 Y43.935 E395.86144
G1 X169.285 Y44.614 E395.88629
G1 X169.463 Y44.883 E395.89702
G1 X169.777 Y45.245 E395.91296
G1 X169.997 Y45.433 E395.92258
G1 X170.333 Y45.673 E395.93631
G1 X170.648 Y45.847 E395.94828
G1 X171.086 Y46.009 E395.96382
G1 X178.181 Y47.911 E396.20813
G1 X178.434 Y47.956 E396.21668
G1 X179.187 Y47.997 E396.24176
G1 X179.524 Y47.953 E396.25306
G1 X180.148 Y47.812 E396.27434
G1 X180.088 Y48.077 E396.28338
G1 X180.059 Y48.369 E396.29314
G1 X180.062 Y48.829 E396.30844
G1 X180.114 Y49.236 E396.32208
G1 X180.268 Y49.697 E396.33825
G1 X180.425 Y50.041 E396.35083
G1 X169.427 Y47.097 E396.7295
G1 X168.778 Y46.961 E396.75155
G1 X168.42 Y46.909 E396.76359
G1 X167.814 Y46.855 E396.78382
G1 X167.448 Y46.843 E396.796
G1 X166.961 Y46.852 E396.8122
G1 X166.267 Y46.91 E396.83537
G1 X165.549 Y47.033 E396.85959
G1 X164.934 Y47.191 E396.88071
G1 X164.314 Y47.398 E396.90245
G1 X163.654 Y47.678 E396.9263
G1 X163.033 Y48.004 E396.94963
G1 X162.652 Y48.247 E396.96466
M204 S2000
G0 F9000 X162.791 Y48.467
G0 X160.273 Y46.911
G0 X158.802 Y44.666
G0 X161.052 Y42.44
G0 X165.064 Y38.404
G0 X165.486 Y38.726
G0 X165.159 Y39.052
M204 S500
G1 F1800 X164.314 Y39.897 E397.0044
G1 X164.313 Y39.898
G1 X164.062 Y40.15 E397.01623
M204 S2000
G0 F9000 X164.545 Y40.232
M204 S500
G1 F1800 X165.442 Y39.335 E397.05842
M204 S2000
G0 F9000 X165.725 Y39.618
M204 S500
G1 F1800 X164.979 Y40.364 E397.09351
M204 S2000
G0 F9000 X165.373 Y40.535
M204 S500
G1 F1800 X166.026 Y39.882 E397.12423
M204 S2000
G0 F9000 X166.385 Y40.089
M204 S500
G1 F1800 X165.722 Y40.752 E397.15541
M204 S2000
G0 F9000 X166.015 Y41.025
M204 S500
G1 F1800 X166.809 Y40.231 E397.19276
M204 S2000
G0 F9000 X167.015 Y40.591
M204 S500
G1 F1800 X166.307 Y41.298 E397.22604
M204 S2000
G0 F9000 X166.546 Y41.625
M204 S500
G1 F1800 X167.187 Y40.984 E397.25619
M204 S2000
G0 F9000 X167.425 Y41.312
M204 S500
G1 F1800 X166.731 Y42.006 E397.28884
M204 S2000
G0 F9000 X166.895 Y42.408
M204 S500
G1 F1800 X167.708 Y41.595 E397.32708
M204 S2000
G0 F9000 X167.989 Y41.879
M204 S500
G1 F1800 X167.002 Y42.866 E397.3735
M204 S2000
G0 F9000 X167.043 Y43.391
M204 S500
G1 F1800 X168.271 Y42.163 E397.43126
M204 S2000
G0 F9000 X168.553 Y42.447
M204 S500
G1 F1800 X166.977 Y44.023 E397.50539
M204 S2000
G0 F9000 X166.721 Y44.844
M204 S500
G1 F1800 X168.67 Y42.895 E397.59707
M204 S2000
G0 F9000 X168.69 Y43.441
M204 S500
G1 F1800 X165.552 Y46.579 E397.74467
G1 X165.551 Y46.58
G1 X165.22 Y46.911 E397.76024
M204 S2000
G0 F9000 X165.287 Y46.278
M204 S500
G1 F1800 X164.412 Y47.153 E397.8014
M204 S2000
G0 F9000 X164.026 Y46.974
M204 S500
G1 F1800 X164.37 Y46.63 E397.81758
M204 S2000
G0 F9000 X164.025 Y46.975
M204 S500
G1 F1800 X163.432 Y47.567 E397.84545
M204 S2000
G0 F9000 X162.56 Y47.874
M204 S500
G1 F1800 X163.791 Y46.643 E397.90335
M204 S2000
G0 F9000 X163.262 Y46.606
M204 S500
G1 F1800 X162.276 Y47.592 E397.94973
M204 S2000
G0 F9000 X161.993 Y47.31
M204 S500
G1 F1800 X162.805 Y46.497 E397.98795
M204 S2000
G0 F9000 X162.404 Y46.333
M204 S500
G1 F1800 X161.709 Y47.028 E398.02064
M204 S2000
G0 F9000 X161.378 Y46.794
M204 S500
G1 F1800 X162.034 Y46.138 E398.05149
M204 S2000
G0 F9000 X161.711 Y45.895
M204 S500
G1 F1800 X160.987 Y46.619 E398.08555
M204 S2000
G0 F9000 X160.642 Y46.398
M204 S500
G1 F1800 X161.405 Y45.635 E398.12144
M204 S2000
G0 F9000 X161.17 Y45.304
M204 S500
G1 F1800 X160.488 Y45.986 E398.15352
M204 S2000
G0 F9000 X160.279 Y45.63
M204 S500
G1 F1800 X160.938 Y44.971 E398.18451
M204 S2000
G0 F9000 X160.762 Y44.58
M204 S500
G1 F1800 X160.014 Y45.329 E398.21972
M204 S2000
G0 F9000 X159.731 Y45.046
M204 S500
G1 F1800 X160.621 Y44.156 E398.26158
M204 S2000
G0 F9000 X160.479 Y43.733
M204 S500
G1 F1800 X159.449 Y44.763 E398.31003
M204 S2000
G0 F9000 X159.124 Y45.087
G0 X158.802 Y44.666
G0 X161.052 Y42.44
G0 X160.996 Y43.681
G0 X160.48 Y43.732
M204 S500
G1 F1800 X160.541 Y43.67 E398.31292
M204 S2000
G0 F9000 X160.997 Y43.673
G0 X161.052 Y42.44
G0 X158.802 Y44.666
G0 X160.273 Y46.911
G0 X162.625 Y48.491
G0 X166.009 Y47.219
G0 X165.933 Y46.764
M204 S500
G1 F1800 X168.768 Y43.929 E398.44627
M204 S2000
G0 F9000 X168.933 Y44.329
M204 S500
G1 F1800 X166.579 Y46.683 E398.557
M204 S2000
G0 F9000 X167.181 Y46.647
M204 S500
G1 F1800 X169.112 Y44.716 E398.64783
M204 S2000
G0 F9000 X169.342 Y45.051
M204 S500
G1 F1800 X167.741 Y46.652 E398.72313
M204 S2000
G0 F9000 X168.265 Y46.694
M204 S500
G1 F1800 X169.608 Y45.352 E398.78628
M204 S2000
G0 F9000 X169.907 Y45.618
M204 S500
G1 F1800 X168.768 Y46.757 E398.83985
M204 S2000
G0 F9000 X169.238 Y46.853
M204 S500
G1 F1800 X170.242 Y45.849 E398.88708
M204 S2000
G0 F9000 X170.611 Y46.046
M204 S500
G1 F1800 X169.695 Y46.961 E398.93014
M204 S2000
G0 F9000 X170.141 Y47.081
M204 S500
G1 F1800 X171.024 Y46.198 E398.97168
M204 S2000
G0 F9000 X171.47 Y46.318
M204 S500
G1 F1800 X170.588 Y47.2 E399.01316
M204 S2000
G0 F9000 X171.034 Y47.32
M204 S500
G1 F1800 X171.916 Y46.437 E399.05467
M204 S2000
G0 F9000 X172.363 Y46.556
M204 S500
G1 F1800 X171.48 Y47.439 E399.09621
M204 S2000
G0 F9000 X171.926 Y47.559
M204 S500
G1 F1800 X172.809 Y46.676 E399.13774
M204 S2000
G0 F9000 X173.256 Y46.795
M204 S500
G1 F1800 X172.372 Y47.678 E399.1793
M204 S2000
G0 F9000 X172.819 Y47.798
M204 S500
G1 F1800 X173.702 Y46.915 E399.22083
M204 S2000
G0 F9000 X174.147 Y47.035
M204 S500
G1 F1800 X173.265 Y47.917 E399.26232
M204 S2000
G0 F9000 X173.712 Y48.036
M204 S500
G1 F1800 X174.593 Y47.154 E399.30378
M204 S2000
G0 F9000 X175.04 Y47.274
M204 S500
G1 F1800 X174.158 Y48.156 E399.34527
M204 S2000
G0 F9000 X174.604 Y48.275
M204 S500
G1 F1800 X175.486 Y47.393 E399.38675
M204 S2000
G0 F9000 X175.932 Y47.513
M204 S500
G1 F1800 X175.05 Y48.395 E399.42824
M204 S2000
G0 F9000 X175.496 Y48.514
M204 S500
G1 F1800 X176.378 Y47.632 E399.46973
M204 S2000
G0 F9000 X176.824 Y47.752
M204 S500
G1 F1800 X175.943 Y48.634 E399.51119
M204 S2000
G0 F9000 X176.389 Y48.753
M204 S500
G1 F1800 X177.27 Y47.871 E399.55265
M204 S2000
G0 F9000 X177.716 Y47.992
M204 S500
G1 F1800 X176.835 Y48.873 E399.59409
M204 S2000
G0 F9000 X177.281 Y48.992
M204 S500
G1 F1800 X178.162 Y48.111 E399.63553
M204 S2000
G0 F9000 X178.671 Y48.168
M204 S500
G1 F1800 X177.727 Y49.112 E399.67993
M204 S2000
G0 F9000 X178.173 Y49.231
M204 S500
G1 F1800 X179.209 Y48.195 E399.72866
M204 S2000
G0 F9000 X179.857 Y48.113
M204 S500
G1 F1800 X178.62 Y49.351 E399.78687
M204 S2000
G0 F9000 X179.066 Y49.47
M204 S500
G1 F1800 X179.861 Y48.675 E399.82427
M204 S2000
G0 F9000 X179.905 Y49.196
M204 S500
G1 F1800 X179.512 Y49.59 E399.84278
M204 S2000
G0 F9000 X179.969 Y49.699
M204 S500
G1 F1800 X180.033 Y49.634 E399.84581
M204 S2000
G0 F9000 X180.747 Y49.391
G1 F2400 E399.04581
;MESH:part_3.stl
G0 F9000 X180.839 Y50.332
G0 X173.115 Y49.473
G0 X172.835 Y50.521
G0 X173.104 Y53.491
G0 X173.102 Y54.576
G0 X171.459 Y55.648
M204 S500
;TYPE:WALL-INNER
G1 F2400 E399.84581
G1 F1302 X170.992 Y55.611 E399.86735
G1 F1384.6 X170.539 Y55.611 E399.88694
G1 F1350.8 X170.295 Y55.621 E399.89776
M204 S2000
G0 F9000 X169.004 Y57.148
G0 X168.052 Y59.194
G0 X169.536 Y60.956
G0 X165.772 Y61.539
M204 S500
G1 F1800 X175.769 Y61.563 E400.23026
G1 X175.78 Y59.455 E400.30038
G1 X175.852 Y59.18 E400.30983
G1 X176.101 Y58.825 E400.32425
G1 X176.361 Y58.654 E400.3346
G1 X176.78 Y58.566 E400.34884
G1 F1804.5 X181.778 Y58.576 E400.51466
G1 X181.779 Y58.177 E400.5279
G1 X176.78 Y58.166 E400.69375
G1 F1800 X176.362 Y58.075 E400.70798
G1 X176.104 Y57.902 E400.71831
G1 X175.903 Y57.643 E400.72922
G1 X175.787 Y57.258 E400.74259
G1 X175.786 Y55.164 E400.81224
G1 X165.788 Y55.14 E401.14477
G1 X165.784 Y57.225 E401.21412
G1 X165.66 Y57.62 E401.22789
G1 X165.457 Y57.877 E401.23878
G1 X165.197 Y58.048 E401.24913
G1 F1791 X164.867 Y58.136 E401.26055
G1 X159.78 Y58.126 E401.43059
G1 F1800 X159.779 Y58.525 E401.44386
G1 F1791 X164.865 Y58.538 E401.61387
G1 X165.196 Y58.627 E401.62533
G1 F1800 X165.454 Y58.8 E401.63566
G1 X165.655 Y59.06 E401.64659
G1 X165.745 Y59.29 E401.6548
G1 X165.776 Y59.524 E401.66265
G1 X165.772 Y61.539 E401.72967
M204 S2000
G0 F9000 X165.371 Y61.938
M204 S500
G1 F1800 X176.169 Y61.964 E402.08882
G1 X176.176 Y59.515 E402.17027
G1 X176.221 Y59.334 E402.17647
G1 X176.37 Y59.121 E402.18512
G1 X176.526 Y59.019 E402.19132
G1 X176.779 Y58.966 E402.19992
G1 X182.176 Y58.976 E402.37942
G1 X182.18 Y57.778 E402.41927
G1 X176.781 Y57.766 E402.59884
G1 X176.53 Y57.711 E402.60739
G1 X176.375 Y57.608 E402.61358
G1 X176.185 Y57.308 E402.62539
G1 X176.187 Y54.765 E402.70997
G1 X165.389 Y54.739 E403.06911
G1 X165.384 Y57.236 E403.15216
G1 X165.309 Y57.427 E403.15899
G1 X165.188 Y57.581 E403.1655
G1 X165.032 Y57.684 E403.17172
G1 X164.833 Y57.736 E403.17856
G1 X159.381 Y57.725 E403.35989
G1 X159.377 Y58.924 E403.39977
G1 X164.829 Y58.938 E403.58111
G1 X165.028 Y58.991 E403.58796
G1 X165.183 Y59.095 E403.59417
G1 X165.303 Y59.251 E403.60071
G1 X165.376 Y59.529 E403.61027
G1 X165.371 Y61.938 E403.6904
M204 S2000
G0 F9000 X165.642 Y61.67
G0 X166.173 Y61.14
M204 S500
G1 F1800 X169.442 Y61.147 E403.79912
G1 F1760.4 X169.78 Y61.139 E403.81062
G1 F1454.5 X170.133 Y61.064 E403.82548
G1 X169.82 Y60.884 E403.84034
G1 F1760.4 X169.548 Y60.752 E403.85062
G1 F1800 X169.314 Y60.616 E403.85962
G1 X169.086 Y60.451 E403.86898
G1 X168.886 Y60.274 E403.87786
G1 X168.683 Y60.049 E403.88794
G1 X168.507 Y59.806 E403.89792
G1 X168.359 Y59.546 E403.90787
G1 X168.145 Y58.987 E403.92778
G1 X168.074 Y58.425 E403.94662
G1 X168.112 Y57.877 E403.96489
G1 X168.291 Y57.281 E403.98559
G1 X168.464 Y56.963 E403.99763
G1 X168.649 Y56.701 E404.0083
G1 X168.899 Y56.421 E404.02078
G1 X169.198 Y56.168 E404.03381
G1 X169.492 Y55.983 E404.04536
G1 F1651.4 X170.317 Y55.611 E404.07817
G1 X169.772 Y55.55 E404.09805
G1 F1800 X166.187 Y55.541 E404.21729
G1 X166.184 Y57.267 E404.2747
G1 X166.103 Y57.605 E404.28626
G1 X165.913 Y57.965 E404.2998
G1 X165.726 Y58.173 E404.3091
G1 X165.474 Y58.339 E404.31914
G1 X165.725 Y58.506 E404.32917
G1 X165.977 Y58.792 E404.34184
G1 X166.133 Y59.191 E404.35609
G1 X166.176 Y59.519 E404.3671
G1 X166.173 Y61.14 E404.42101
M204 S2000
G0 F9000 X169.536 Y60.956
G0 X169.84 Y60.459
M204 S500
G1 F1800 X169.429 Y60.22 E404.43682
G1 X169.073 Y59.905 E404.45263
G1 X168.754 Y59.464 E404.47074
G1 X168.541 Y58.883 E404.49132
G1 X168.475 Y58.412 E404.50714
G1 X168.513 Y57.951 E404.52252
G1 X168.659 Y57.443 E404.5401
G1 X168.868 Y57.057 E404.5547
G1 X169.197 Y56.687 E404.57117
G1 X169.411 Y56.507 E404.58047
G1 X169.705 Y56.322 E404.59202
G1 X169.936 Y56.214 E404.6005
G1 X170.421 Y56.073 E404.6173
G1 X170.993 Y56.07 E404.63633
G1 X171.307 Y56.118 E404.64689
G1 X171.79 Y56.276 E404.6638
G1 X172.163 Y56.511 E404.67846
G1 X172.391 Y56.709 E404.6885
G1 X172.693 Y57.064 E404.704
G1 X172.847 Y57.31 E404.71366
G1 X173.041 Y57.922 E404.73501
G1 X173.087 Y58.345 E404.74916
G1 X172.992 Y59.063 E404.77325
G1 X172.701 Y59.628 E404.79439
G1 X172.464 Y59.927 E404.80708
G1 X172.158 Y60.19 E404.8205
G1 X171.947 Y60.329 E404.8289
G1 X171.533 Y60.534 E404.84427
G1 X171.078 Y60.636 E404.85978
G1 X170.585 Y60.649 E404.87618
G1 X170.281 Y60.602 E404.88641
G1 X169.84 Y60.459 E404.90183
M204 S2000
G0 F9000 X170.501 Y60.252
M204 S500
G1 F1800 X170.004 Y60.091 E404.91921
G1 X169.66 Y59.892 E404.93243
G1 X169.369 Y59.632 E404.94541
G1 X169.111 Y59.276 E404.96003
G1 X168.93 Y58.787 E404.97737
G1 X168.875 Y58.384 E404.9909
G1 X168.906 Y58.024 E405.00292
G1 X169.033 Y57.593 E405.01786
G1 X169.196 Y57.29 E405.0293
G1 X169.554 Y56.889 E405.04718
G1 X169.989 Y56.616 E405.06427
G1 X170.469 Y56.472 E405.08093
G1 X171.097 Y56.47 E405.10182
G1 F1804.5 X171.609 Y56.636 E405.11968
G1 X172.026 Y56.898 E405.13602
G1 X172.461 Y57.409 E405.15828
G1 F1800 X172.649 Y58.001 E405.17894
G1 X172.683 Y58.334 E405.19007
G1 X172.607 Y58.939 E405.21035
G1 X172.345 Y59.444 E405.22928
G1 X172.204 Y59.624 E405.23688
G1 X171.84 Y59.936 E405.25283
G1 X171.406 Y60.15 E405.26892
G1 X171.062 Y60.23 E405.28067
G1 X170.501 Y60.252 E405.29934
M204 S2000
G0 F9000 X170.133 Y61.064
M204 S500
G1 F1335.8 X170.584 Y61.102 E405.31963
G1 F1411.8 X171.003 Y61.095 E405.3374
G1 F1350.8 X171.295 Y61.076 E405.35036
G1 F1425.7 X171.538 Y61.124 E405.36077
G1 F1678.3 X171.885 Y61.154 E405.37319
G1 F1800 X175.37 Y61.162 E405.4891
G1 X175.379 Y59.448 E405.54611
G1 X175.482 Y59.026 E405.56056
G1 X175.645 Y58.737 E405.57159
G1 X175.832 Y58.529 E405.5809
G1 X176.084 Y58.363 E405.59093
G1 X175.833 Y58.196 E405.60096
G1 X175.648 Y57.987 E405.61024
G1 X175.489 Y57.703 E405.62107
G1 X175.388 Y57.372 E405.63258
G1 X175.385 Y55.563 E405.69275
G1 F1782.2 X171.835 Y55.559 E405.812
G1 F1445.8 X171.459 Y55.648 E405.828
G1 X171.79 Y55.849 E405.84404
G1 F1782.2 X172.103 Y56 E405.85571
G1 F1800 X172.376 Y56.173 E405.86646
G1 X172.696 Y56.45 E405.88054
G1 X172.998 Y56.805 E405.89604
G1 X173.231 Y57.177 E405.91064
G1 X173.446 Y57.856 E405.93433
G1 X173.483 Y58.401 E405.9525
G1 X173.377 Y59.189 E405.97894
G1 X173.056 Y59.812 E406.00225
G1 X172.725 Y60.231 E406.02001
G1 X172.419 Y60.494 E406.03343
G1 X172.123 Y60.689 E406.04522
G1 X171.813 Y60.841 E406.0567
G1 F1512.6 X171.295 Y61.076 E406.07922
M204 S2000
G0 F9000 X170.342 Y60.514
G0 X170.557 Y59.85
M204 S500
;TYPE:WALL-OUTER
G1 F1800 X170.19 Y59.732 E406.09204
G1 X169.884 Y59.555 E406.1038
G1 X169.655 Y59.345 E406.11413
G1 X169.458 Y59.065 E406.12552
G1 X169.318 Y58.691 E406.1388
G1 X169.279 Y58.353 E406.15012
G1 X169.298 Y58.11 E406.15822
G1 X169.399 Y57.765 E406.17018
G1 X169.544 Y57.5 E406.18023
G1 X169.813 Y57.198 E406.19368
G1 X170.177 Y56.978 E406.20782
G1 X170.511 Y56.874 E406.21946
G1 X171.033 Y56.87 E406.23682
G1 X171.463 Y57.016 E406.25193
G1 X171.762 Y57.204 E406.26367
G1 X172.109 Y57.612 E406.28149
G1 X172.257 Y58.08 E406.29781
G1 X172.279 Y58.309 E406.30546
G1 X172.222 Y58.802 E406.32197
G1 X171.972 Y59.296 E406.34039
G1 X171.595 Y59.611 E406.35673
G1 X171.242 Y59.778 E406.36971
G1 X170.994 Y59.836 E406.37819
G1 X170.557 Y59.85 E406.39273
M204 S2000
G1 F2400 E405.59273
G0 F9000 X170.342 Y60.514
G0 X169.885 Y61.045
G0 X165.241 Y62.069
G0 X164.97 Y62.337
M204 S500
G1 F2400 E406.39273
G1 F1800 X176.568 Y62.365 E406.77848
G1 X176.579 Y59.522 E406.87304
G1 X176.64 Y59.417 E406.87708
G1 X176.778 Y59.366 E406.88197
G1 X182.575 Y59.378 E407.07478
G1 X182.582 Y57.379 E407.14127
G1 X176.717 Y57.366 E407.33634
G1 X176.583 Y57.239 E407.34248
G1 X176.588 Y54.366 E407.43804
G1 X164.989 Y54.338 E407.82382
G1 X164.982 Y57.162 E407.91775
G1 X164.945 Y57.256 E407.92111
G1 X164.845 Y57.337 E407.92539
G1 X158.983 Y57.324 E408.12036
G1 X158.976 Y59.323 E408.18685
G1 X164.793 Y59.337 E408.38032
G1 X164.911 Y59.389 E408.38461
G1 X164.976 Y59.487 E408.38852
G1 X164.97 Y62.337 E408.48331
M204 S2000
G0 F9000 X165.241 Y62.069
G0 X166.274 Y60.778
G0 X166.533 Y60.779
M204 S500
;TYPE:SKIN
G1 F1800 X166.535 Y59.364 E408.53038
G1 X166.428 Y58.934 E408.54512
G1 X166.215 Y58.525 E408.56045
G1 X166.058 Y58.341 E408.5685
G1 X166.259 Y58.118 E408.57848
G1 X166.437 Y57.746 E408.5922
G1 X166.542 Y57.319 E408.60682
G1 X166.548 Y55.902 E408.65395
G1 X168.948 Y55.909 E408.73378
G1 X168.624 Y56.185 E408.74794
G1 X168.365 Y56.48 E408.76099
G1 X168.157 Y56.775 E408.773
G1 X168.011 Y57.044 E408.78318
G1 X167.902 Y57.321 E408.79308
G1 X167.81 Y57.624 E408.80361
G1 X167.747 Y57.925 E408.81384
G1 X167.713 Y58.405 E408.82984
G1 X167.796 Y59.087 E408.85269
G1 X168.027 Y59.688 E408.87411
G1 X168.209 Y60.009 E408.88638
G1 X168.383 Y60.249 E408.89624
G1 X168.631 Y60.527 E408.90863
G1 X168.919 Y60.786 E408.92152
G1 X166.533 Y60.779 E409.00087
M204 S2000
G0 F9000 X166.274 Y60.778
G0 X169.536 Y60.956
G0 X168.576 Y60.072
G0 X168.176 Y60.36
M204 S500
G1 F1800 X167.954 Y60.582 E409.01132
M204 S2000
G0 F9000 X167.389 Y60.581
M204 S500
G1 F1800 X167.972 Y59.998 E409.03874
M204 S2000
G0 F9000 X167.785 Y59.619
M204 S500
G1 F1800 X166.825 Y60.579 E409.08389
M204 S2000
G0 F9000 X166.732 Y60.107
M204 S500
G1 F1800 X167.628 Y59.211 E409.12604
M204 S2000
G0 F9000 X167.547 Y58.726
M204 S500
G1 F1800 X166.732 Y59.541 E409.16437
M204 S2000
G0 F9000 X166.661 Y59.046
M204 S500
G1 F1800 X167.527 Y58.181 E409.20508
M204 S2000
G0 F9000 X167.635 Y57.507
M204 S500
G1 F1800 X166.503 Y58.638 E409.25831
M204 S2000
G0 F9000 X166.507 Y58.069
M204 S500
G1 F1800 X168.081 Y56.495 E409.33234
G1 X168.082 Y56.495
G1 X168.172 Y56.404 E409.3366
M204 S2000
G0 F9000 X167.903 Y56.107
M204 S500
G1 F1800 X166.739 Y57.272 E409.39137
M204 S2000
G0 F9000 X166.743 Y56.702
M204 S500
G1 F1800 X167.341 Y56.104 E409.4195
M204 S2000
G0 F9000 X167.342 Y55.645
G0 X169.528 Y55.739
G0 X168.667 Y57.978
G0 X168.636 Y58.389
G0 X168.69 Y58.839
G0 X168.898 Y59.389
G0 X169.192 Y59.792
G0 X169.524 Y60.09
G0 X169.909 Y60.311
G0 X170.361 Y60.457
G0 X172.473 Y60.576
G0 X172.615 Y60.793
M204 S500
G1 F1800 X172.958 Y60.508 E409.43434
G1 X173.355 Y60.01 E409.45552
G1 X173.66 Y59.431 E409.47728
G1 X173.744 Y59.155 E409.48688
G1 X173.843 Y58.433 E409.51112
G1 X173.804 Y57.801 E409.53218
G1 X173.56 Y57.028 E409.55914
G1 X173.289 Y56.595 E409.57613
G1 X172.948 Y56.193 E409.59366
G1 X172.628 Y55.918 E409.6077
G1 X175.024 Y55.924 E409.68739
G1 X175.033 Y57.441 E409.73784
G1 X175.149 Y57.823 E409.75112
G1 X175.344 Y58.182 E409.76471
G1 X175.501 Y58.364 E409.7727
G1 X175.345 Y58.539 E409.7805
G1 X175.156 Y58.874 E409.79329
G1 X175.016 Y59.31 E409.80853
G1 X175.01 Y60.801 E409.85812
G1 X172.615 Y60.793 E409.93778
M204 S2000
G0 F9000 X172.473 Y60.576
G0 X172.042 Y60.965
G0 X174.724 Y61.059
G0 X174.725 Y60.599
M204 S500
G1 F1800 X174.809 Y60.515 E409.94173
M204 S2000
G0 F9000 X174.813 Y59.946
M204 S500
G1 F1800 X174.161 Y60.597 E409.97237
M204 S2000
G0 F9000 X173.598 Y60.594
M204 S500
G1 F1800 X174.816 Y59.377 E410.02964
M204 S2000
G0 F9000 X173.953 Y59.108
M204 S500
G1 F1800 X175.03 Y58.032 E410.08027
M204 S2000
G0 F9000 X174.878 Y57.618
M204 S500
G1 F1800 X174.04 Y58.455 E410.11967
M204 S2000
G0 F9000 X174.011 Y57.919
M204 S500
G1 F1800 X174.827 Y57.103 E410.15805
M204 S2000
G0 F9000 X174.825 Y56.54
M204 S500
G1 F1800 X173.903 Y57.461 E410.20139
M204 S2000
G0 F9000 X173.768 Y57.03
M204 S500
G1 F1800 X174.677 Y56.122 E410.24413
M204 S2000
G0 F9000 X174.112 Y56.121
M204 S500
G1 F1800 X173.567 Y56.666 E410.26976
M204 S2000
G0 F9000 X173.333 Y56.335
M204 S500
G1 F1800 X173.548 Y56.12 E410.27987
M204 S2000
G0 F9000 X173.549 Y55.66
G0 X175.213 Y55.735
G0 X175.757 Y58.367
G0 X175.549 Y58.707
G0 X175.147 Y58.48
M204 S500
G1 F1800 X173.544 Y60.083 E410.35527
M204 S2000
G0 F9000 X172.897 Y59.685
G1 F2400 E409.55527
;MESH:part_1.stl
G0 F9000 X172.054 Y55.745
G0 X176.373 Y54.578
G0 X176.375 Y53.498
G0 X183.673 Y53.2
G0 X184.522 Y53.021
G0 X185.655 Y52.478
G0 X186.534 Y51.738
G0 X187.125 Y50.943
G0 X187.564 Y49.957
G0 X187.741 Y49.121
G0 X187.734 Y47.96
G0 X187.442 Y46.841
G0 X186.889 Y45.833
G0 X186.243 Y45.144
G0 X180.194 Y39.549
G0 X180.14 Y38.222
M204 S500
;TYPE:WALL-INNER
G1 F2400 E410.35527
G1 F1889.8 X180.469 Y38.32 E410.36615
G1 F1659 X180.899 Y38.37 E410.38177
G1 F1469.4 X181.338 Y38.335 E410.39972
M204 S2000
G0 F9000 X182.199 Y38.157
G0 X183.532 Y37.586
M204 S500
G1 F1800 X195.098 Y37.591 E410.7844
G1 X194.865 Y37.098 E410.80254
G1 X194.75 Y36.726 E410.81549
G1 X194.67 Y36.211 E410.83282
G1 X194.675 Y35.743 E410.84839
G1 X194.721 Y35.399 E410.85993
G1 X194.818 Y35.034 E410.87249
G1 X194.905 Y34.797 E410.88089
G1 X195.091 Y34.398 E410.89553
G1 X183.53 Y34.396 E411.28005
G1 X183.665 Y34.647 E411.28953
G1 X183.829 Y35.044 E411.30382
G1 X183.933 Y35.488 E411.31899
G1 X183.973 Y36.131 E411.34041
G1 X183.898 Y36.68 E411.35884
G1 X183.732 Y37.202 E411.37706
G1 X183.532 Y37.586 E411.39146
M204 S2000
G0 F9000 X182.706 Y37.986
M204 S500
G1 F1800 X195.945 Y37.99 E411.83179
G1 X195.65 Y37.693 E411.84572
G1 X195.452 Y37.411 E411.85718
G1 X195.227 Y36.929 E411.87487
G1 X195.146 Y36.663 E411.88412
G1 X195.07 Y36.185 E411.90022
G1 X195.076 Y35.621 E411.91898
G1 X195.228 Y35.051 E411.9386
G1 X195.428 Y34.622 E411.95434
G1 X195.658 Y34.291 E411.96775
G1 X195.937 Y33.998 E411.9812
G1 X182.705 Y33.996 E412.4213
G1 X183.003 Y34.315 E412.43582
G1 X183.264 Y34.723 E412.45193
G1 X183.46 Y35.197 E412.46899
G1 X183.533 Y35.514 E412.47981
G1 X183.571 Y36.111 E412.4997
G1 X183.508 Y36.588 E412.51571
G1 X183.363 Y37.044 E412.53162
G1 X183.146 Y37.462 E412.54729
G1 X182.998 Y37.673 E412.55586
G1 X182.706 Y37.986 E412.5701
M204 S2000
G0 F9000 X182.199 Y38.157
G0 X181.338 Y38.335
M204 S500
G1 F1592.9 X181.889 Y38.386 E412.59089
G1 F1800 X196.926 Y38.39 E413.09103
G1 F1640.1 X197.421 Y38.353 E413.10915
G1 F1572.1 X196.84 Y38.149 E413.1326
G1 F1678.3 X196.372 Y37.852 E413.15237
G1 F1760.4 X195.933 Y37.411 E413.17353
G1 F1800 X195.815 Y37.241 E413.18041
G1 X195.554 Y36.682 E413.20093
G1 X195.47 Y36.156 E413.21865
G1 X195.476 Y35.671 E413.23478
G1 X195.606 Y35.188 E413.25142
G1 X195.758 Y34.862 E413.26338
G1 X196.014 Y34.477 E413.27876
G1 X196.387 Y34.122 E413.29589
G1 X196.767 Y33.891 E413.31068
G1 F1596.5 X197.3 Y33.649 E413.33263
G1 X196.84 Y33.599 E413.34998
G1 F1800 X181.638 Y33.596 E413.8556
G1 F1643.8 X181.186 Y33.634 E413.87212
G1 F1610.7 X181.476 Y33.727 E413.88344
G1 F1760.4 X182.071 Y33.998 E413.90567
G1 F1800 X182.408 Y34.259 E413.91985
G1 X182.683 Y34.559 E413.93339
G1 X182.906 Y34.905 E413.94708
G1 X183.128 Y35.441 E413.96637
G1 X183.167 Y36.054 E413.9868
G1 X183.117 Y36.494 E414.00153
G1 X182.993 Y36.889 E414.0153
G1 X182.756 Y37.345 E414.0324
G1 X182.396 Y37.741 E414.0502
G1 F1690.1 X181.935 Y38.063 E414.07011
G1 F1506.3 X181.338 Y38.335 E414.09619
M204 S2000
G0 F9000 X182.199 Y38.157
G0 X182.842 Y36.83
G0 X183.007 Y36.083
G0 X182.967 Y35.478
G0 X182.761 Y34.98
G0 X182.298 Y34.377
G0 X181.186 Y33.634
M204 S500
G1 F1585.9 X180.802 Y33.622 E414.11069
G1 F1710.2 X180.442 Y33.674 E414.12343
G1 F1855.7 X180.206 Y33.742 E414.13135
M204 S2000
G0 F9000 X196.443 Y33.824
G0 X197.3 Y33.649
M204 S500
G1 F1512.6 X197.699 Y33.622 E414.14718
G1 F1678.3 X198.153 Y33.663 E414.16344
G1 F1879.9 X198.542 Y33.777 E414.17635
M204 S2000
G0 F9000 X199.298 Y34.377
G0 X199.761 Y34.98
G0 X199.967 Y35.478
G0 X200.007 Y36.083
G0 X199.842 Y36.83
G0 X199.622 Y37.253
G0 X199.434 Y37.458
G0 X198.46 Y38.233
M204 S500
G1 F1889.8 X198.066 Y38.341 E414.18929
G1 F1694.1 X197.547 Y38.363 E414.20765
G1 F1538.5 X197.421 Y38.353 E414.21257
M204 S2000
G0 F9000 X197.026 Y37.793
M204 S500
;TYPE:WALL-OUTER
G1 F1800 X196.609 Y37.523 E414.22909
G1 X196.192 Y37.104 E414.24875
G1 X195.941 Y36.565 E414.26853
G1 X195.873 Y36.141 E414.28281
G1 X195.881 Y35.707 E414.29725
G1 X195.978 Y35.342 E414.30981
G1 X196.12 Y35.032 E414.32115
G1 X196.314 Y34.749 E414.33256
G1 X196.647 Y34.432 E414.34785
G1 X196.975 Y34.233 E414.36061
G1 X197.368 Y34.095 E414.37447
G1 X197.706 Y34.047 E414.38582
G1 X198.084 Y34.06 E414.3984
G1 X198.413 Y34.134 E414.40962
G1 F1751.8 X198.434 Y34.131 E414.41034
G1 F1478.4 X198.836 Y34.226 E414.42707
G1 F1321.1 X199.162 Y34.487 E414.44599
G1 F1355.9 X199.401 Y34.752 E414.46175
G1 F1392.6 X199.596 Y35.06 E414.47742
G1 F1437.1 X199.779 Y35.537 E414.4987
G1 F1440 X199.804 Y35.804 E414.50985
G1 F1437.1 X199.817 Y36.073 E414.52107
G1 F1451.6 X199.773 Y36.418 E414.53542
G1 F1434.3 X199.669 Y36.761 E414.55038
G1 F1398.1 X199.462 Y37.168 E414.56993
G1 F1345.8 X199.156 Y37.51 E414.59035
G1 F1299.6 X198.737 Y37.806 E414.61398
G1 F1500 X197.954 Y37.939 E414.64568
G1 F1800 X197.573 Y37.935 E414.65835
G1 X197.026 Y37.793 E414.67714
M204 S2000
G1 F2400 E413.87714
G0 F9000 X196.441 Y38.165
G0 X180.525 Y38.173
G0 X179.976 Y38.088
G0 X180.027 Y37.896
M204 S500
G1 F2400 E414.67714
G1 F1311.5 X179.595 Y37.604 E414.70095
G1 F1333.3 X179.373 Y37.383 E414.71501
G1 F1371.4 X179.165 Y37.156 E414.72845
G1 F1403.5 X178.999 Y36.824 E414.74429
G1 F1422.9 X178.897 Y36.585 E414.75522
G1 F1442.9 X178.824 Y36.148 E414.7736
G1 F1445.8 X178.828 Y35.726 E414.79108
G1 F1437.1 X178.932 Y35.314 E414.80878
G1 F1411.8 X179.082 Y34.983 E414.82419
G1 F1382 X179.296 Y34.673 E414.84051
G1 F1340.8 X179.609 Y34.37 E414.85996
G1 F1297.3 X179.952 Y34.153 E414.87869
G1 F1496.9 X180.668 Y34.049 E414.90763
G1 F1800 X181.092 Y34.062 E414.92174
G1 X181.429 Y34.141 E414.93325
G1 X181.879 Y34.356 E414.94984
G1 X182.146 Y34.565 E414.96112
G1 X182.376 Y34.82 E414.97254
G1 X182.54 Y35.075 E414.98262
G1 X182.733 Y35.534 E414.99918
G1 X182.766 Y36.097 E415.01794
G1 X182.726 Y36.396 E415.02797
G1 X182.613 Y36.752 E415.0404
G1 X182.436 Y37.092 E415.05315
G1 X182.145 Y37.422 E415.06778
G1 X181.699 Y37.732 E415.08584
G1 X181.267 Y37.889 E415.10113
G1 X180.966 Y37.937 E415.11127
G1 X180.546 Y37.932 E415.12524
G1 X180.056 Y37.801 E415.14211
G1 F1506.3 X180.027 Y37.896 E415.14606
M204 S2000
G0 F9000 X179.996 Y38.58
M204 S500
G1 F1800 X180.337 Y38.695 E415.15803
G1 X180.792 Y38.786 E415.17346
G1 X197.711 Y38.792 E415.73619
G1 X198.187 Y38.73 E415.75215
G1 F1786.6 X198.634 Y38.58 E415.76795
G1 F1484.5 X198.977 Y38.313 E415.78548
G1 F1281.1 X199.124 Y38.223 E415.79354
G1 F1302 X199.511 Y37.921 E415.81611
G1 F1340.8 X199.812 Y37.568 E415.83682
G1 F1376.7 X200.001 Y37.256 E415.85269
G1 F1406.2 X200.194 Y36.829 E415.87264
G1 F1425.7 X200.309 Y36.26 E415.89701
G1 F1422.9 X200.312 Y35.768 E415.91771
G1 F1437.1 X200.251 Y35.38 E415.93408
G1 F1440 X200.103 Y34.919 E415.95421
G1 F1403.5 X199.875 Y34.518 E415.97388
G1 F1358.5 X199.665 Y34.232 E415.98952
G1 F1328.4 X199.41 Y33.983 E416.00558
G1 F1311.5 X199.216 Y33.825 E416.017
G1 F1288 X199.063 Y33.726 E416.02547
G1 F1466.4 X198.751 Y33.454 E416.04237
G1 F1764.7 X198.31 Y33.284 E416.05841
G1 F1800 X197.822 Y33.199 E416.07488
G1 X180.835 Y33.196 E416.63987
G1 X180.334 Y33.282 E416.65678
G1 X180.068 Y33.385 E416.66627
G1 F1578.9 X179.782 Y33.563 E416.67904
G1 F1338.3 X179.673 Y33.663 E416.68566
G1 F1281.1 X179.407 Y33.83 E416.70033
G1 F1306.7 X179.134 Y34.069 E416.71696
G1 F1350.8 X178.825 Y34.422 E416.73775
G1 F1379.3 X178.571 Y34.831 E416.75865
G1 F1406.2 X178.417 Y35.276 E416.77869
G1 F1437.1 X178.327 Y35.761 E416.79924
G1 F1442.9 X178.328 Y36.223 E416.81841
G1 F1431.4 X178.382 Y36.607 E416.83463
G1 F1414.5 X178.528 Y37.027 E416.85345
G1 F1403.5 X178.64 Y37.268 E416.86479
G1 F1387.3 X178.82 Y37.555 E416.87941
G1 F1355.9 X178.98 Y37.751 E416.89058
G1 F1326 X179.311 Y38.074 E416.91146
G1 F1299.6 X179.516 Y38.226 E416.92321
G1 F1276.6 X179.833 Y38.411 E416.94043
G1 F1487.6 X179.803 Y38.488 E416.94375
G1 F1800 X179.996 Y38.58 E416.95086
M204 S2000
G0 F9000 X180.103 Y38.299
G0 X181.223 Y38.137
G0 X183.862 Y37.124
G0 X184.102 Y37.225
M204 S500
;TYPE:SKIN
G1 F1800 X184.206 Y36.901 E416.96218
G1 X184.276 Y36.593 E416.97269
G1 X184.311 Y36.313 E416.98207
G1 X184.326 Y36.03 E416.9915
G1 X184.293 Y35.465 E417.01032
G1 X184.173 Y34.933 E417.02846
G1 X184.102 Y34.757 E417.03477
G1 X194.517 Y34.758 E417.38118
G1 X194.373 Y35.307 E417.40006
G1 X194.316 Y35.717 E417.41382
G1 X194.311 Y36.107 E417.4268
G1 X194.33 Y36.367 E417.43547
G1 X194.402 Y36.813 E417.45049
G1 X194.531 Y37.23 E417.46501
G1 X184.102 Y37.225 E417.81188
M204 S2000
G0 F9000 X183.862 Y37.124
G0 X183.961 Y35.178
G0 X184.41 Y35.075
M204 S500
G1 F1800 X184.528 Y34.957 E417.81743
M204 S2000
G0 F9000 X185.093 Y34.957
M204 S500
G1 F1800 X184.499 Y35.552 E417.84539
M204 S2000
G0 F9000 X184.523 Y36.094
M204 S500
G1 F1800 X185.659 Y34.957 E417.89885
M204 S2000
G0 F9000 X186.225 Y34.957
M204 S500
G1 F1800 X184.461 Y36.721 E417.98182
M204 S2000
G0 F9000 X184.722 Y37.026
M204 S500
G1 F1800 X186.79 Y34.957 E418.07912
M204 S2000
G0 F9000 X187.356 Y34.957
M204 S500
G1 F1800 X185.288 Y37.026 E418.17642
M204 S2000
G0 F9000 X185.853 Y37.026
M204 S500
G1 F1800 X187.921 Y34.958 E418.27369
M204 S2000
G0 F9000 X188.487 Y34.958
M204 S500
G1 F1800 X186.418 Y37.026 E418.37098
M204 S2000
G0 F9000 X186.984 Y37.026
M204 S500
G1 F1800 X189.052 Y34.958 E418.46826
M204 S2000
G0 F9000 X189.618 Y34.958
M204 S500
G1 F1800 X187.549 Y37.027 E418.56558
M204 S2000
G0 F9000 X188.115 Y37.027
M204 S500
G1 F1800 X190.184 Y34.958 E418.6629
M204 S2000
G0 F9000 X190.749 Y34.958
M204 S500
G1 F1800 X188.68 Y37.027 E418.76022
M204 S2000
G0 F9000 X189.245 Y37.028
M204 S500
G1 F1800 X191.314 Y34.959 E418.85753
M204 S2000
G0 F9000 X191.88 Y34.959
M204 S500
G1 F1800 X189.811 Y37.028 E418.95485
M204 S2000
G0 F9000 X190.377 Y37.028
M204 S500
G1 F1800 X192.446 Y34.959 E419.05217
M204 S2000
G0 F9000 X193.011 Y34.959
M204 S500
G1 F1800 X190.942 Y37.029 E419.14952
M204 S2000
G0 F9000 X191.507 Y37.029
M204 S500
G1 F1800 X193.577 Y34.959 E419.24688
M204 S2000
G0 F9000 X194.143 Y34.959
M204 S500
G1 F1800 X192.073 Y37.029 E419.34425
M204 S2000
G0 F9000 X192.638 Y37.029
M204 S500
G1 F1800 X194.139 Y35.528 E419.41485
M204 S2000
G0 F9000 X194.11 Y36.123
M204 S500
G1 F1800 X193.204 Y37.029 E419.45747
M204 S2000
G0 F9000 X193.769 Y37.029
M204 S500
G1 F1800 X194.167 Y36.631 E419.47619
M204 S2000
G0 F9000 X194.919 Y36.511
G1 F2400 E418.67619
;MESH:NONMESH
G0 F300 X194.919 Y36.511 Z1.8
G0 F9000 X194.814 Y37.412
G0 X183.827 Y37.408
G0 X182.761 Y34.98
G0 X182.298 Y34.377
G0 X181.987 Y34.138
G0 X181.485 Y33.905
G0 X181.1 Y33.819
G0 X180.293 Y33.865
G0 X179.889 Y34.006
G0 X179.483 Y34.254
G0 X179.29 Y34.438
G0 X178.573 Y35.333
G0 X177.514 Y35.099
G0 X171.427 Y33.135
G0 X162.753 Y33.454
G0 X162.124 Y32.571
G0 X158.202 Y32.615
G0 X158.287 Y32.329
;TIME_ELAPSED:757.257829
;LAYER:8
M204 S500
;TYPE:WALL-INNER
;MESH:part_2.stl
G1 F2400 E419.47619
G1 F1800 X158.015 Y32.248 E419.48563
G1 X157.656 Y32.107 E419.49846
G1 X157.394 Y31.979 E419.50815
G1 X157.093 Y31.802 E419.51977
G1 X156.787 Y31.582 E419.5323
G1 X156.511 Y31.345 E419.5444
G1 X156.279 Y31.111 E419.55536
G1 X156.055 Y30.841 E419.56703
G1 X155.872 Y30.583 E419.57755
G1 X155.684 Y30.265 E419.58984
G1 X155.535 Y29.954 E419.60131
G1 X155.425 Y29.672 E419.61138
G1 X155.324 Y29.338 E419.62298
G1 X155.232 Y28.849 E419.63953
G1 X155.202 Y28.495 E419.65135
G1 X155.215 Y27.932 E419.67008
G1 X155.259 Y27.598 E419.68128
G1 X155.336 Y27.25 E419.69314
G1 X155.435 Y26.929 E419.70431
G1 X155.621 Y26.489 E419.7202
G1 X155.796 Y26.167 E419.73239
G1 X155.97 Y25.904 E419.74288
G1 X156.189 Y25.622 E419.75475
G1 X156.592 Y25.206 E419.77402
G1 X156.948 Y24.929 E419.78902
G1 X157.266 Y24.724 E419.8016
G1 X157.713 Y24.498 E419.81826
G1 X158.02 Y24.382 E419.82918
G1 X158.341 Y24.287 E419.84031
G1 X158.816 Y24.199 E419.85638
G1 X159.169 Y24.169 E419.86816
G1 X159.553 Y24.17 E419.88093
G1 X159.892 Y24.197 E419.89224
G1 X160.224 Y24.256 E419.90346
G1 X160.528 Y24.335 E419.91391
G1 X160.887 Y24.459 E419.92654
G1 X161.186 Y24.589 E419.93738
G1 X161.626 Y24.844 E419.9543
G1 X161.913 Y25.049 E419.96603
G1 X162.184 Y25.284 E419.97796
G1 X162.389 Y25.488 E419.98758
G1 X162.63 Y25.773 E419.99999
G1 X162.836 Y26.065 E420.01188
G1 X162.995 Y26.332 E420.02221
G1 X163.23 Y26.833 E420.04062
G1 X163.383 Y27.339 E420.0582
G1 X163.474 Y27.851 E420.0755
G1 X163.5 Y28.258 E420.08906
G1 X163.485 Y28.669 E420.10274
G1 X163.447 Y28.981 E420.11319
G1 X163.368 Y29.356 E420.12594
G1 X163.262 Y29.702 E420.13798
G1 X163.09 Y30.112 E420.15277
G1 X162.925 Y30.422 E420.16445
G1 X162.643 Y30.839 E420.18119
G1 X162.379 Y31.151 E420.19478
G1 X162.143 Y31.386 E420.20586
G1 X161.88 Y31.605 E420.21724
G1 X161.527 Y31.856 E420.23165
G1 X161.167 Y32.05 E420.24525
G1 X160.848 Y32.188 E420.25681
G1 X160.525 Y32.299 E420.26817
G1 X160.11 Y32.397 E420.28235
G1 X159.755 Y32.447 E420.29428
G1 X159.435 Y32.466 E420.30494
G1 X159.001 Y32.453 E420.31938
G1 X158.684 Y32.414 E420.33
G1 X158.287 Y32.329 E420.34351
M204 S2000
G0 F9000 X158.202 Y32.615
G0 X159.409 Y32.707
G0 X160.586 Y32.53
G0 X161.464 Y32.141
G0 X162.664 Y31.435
M204 S500
G1 F1909.8 X162.147 Y31.872 E420.36473
G1 F2099.1 X161.717 Y32.173 E420.3797
G1 F2117.6 X161.33 Y32.384 E420.39216
G1 F2105.3 X160.983 Y32.534 E420.40291
G1 F2099.1 X160.631 Y32.655 E420.41352
G1 F2069 X160.113 Y32.775 E420.42891
G1 F2051.3 X159.725 Y32.824 E420.44032
G1 F2057.1 X159.35 Y32.84 E420.45125
G1 F2069 X158.978 Y32.825 E420.46202
G1 F2057.1 X158.5 Y32.762 E420.47605
G1 F2051.3 X158.218 Y32.697 E420.4845
G1 F2069 X157.872 Y32.594 E420.49494
G1 X157.528 Y32.459 E420.50564
G1 F2045.5 X157.267 Y32.336 E420.51408
G1 X156.863 Y32.098 E420.52781
G1 F2069 X156.555 Y31.875 E420.53881
G1 X156.27 Y31.631 E420.54967
G1 X156.003 Y31.363 E420.56061
G1 F2051.3 X155.749 Y31.06 E420.57215
G1 X155.562 Y30.791 E420.58171
G1 F2057.1 X155.303 Y30.36 E420.59635
G1 F2039.7 X155.055 Y29.754 E420.61557
G1 F2057.1 X154.964 Y29.433 E420.62528
G1 F2063 X154.868 Y28.939 E420.63988
G1 F2045.5 X154.831 Y28.567 E420.65082
G1 F2033.9 X154.83 Y28.086 E420.66498
G1 F2045.5 X154.875 Y27.633 E420.67831
G1 F2063 X154.948 Y27.263 E420.68925
G1 X155.077 Y26.818 E420.70269
G1 F2069 X155.284 Y26.328 E420.71809
G1 F2074.9 X155.457 Y26.008 E420.72858
G1 X155.663 Y25.691 E420.73949
G1 F2069 X155.91 Y25.374 E420.75112
G1 F2033.9 X156.14 Y25.127 E420.76105
G1 F2045.5 X156.345 Y24.929 E420.7694
G1 F2057.1 X156.563 Y24.749 E420.77762
G1 F2028.2 X157.027 Y24.428 E420.79428
G1 F2057.1 X157.55 Y24.163 E420.81134
G1 F2074.9 X157.905 Y24.027 E420.82231
G1 F2080.9 X158.257 Y23.925 E420.83285
G1 F2093 X158.71 Y23.831 E420.84609
G1 F2087 X159.188 Y23.795 E420.85984
G1 F2080.9 X159.561 Y23.797 E420.87057
G1 F2099.1 X159.943 Y23.829 E420.8815
G1 F2111.4 X160.307 Y23.894 E420.89199
G1 F2074.9 X160.628 Y23.973 E420.90153
G1 F2057.1 X160.972 Y24.092 E420.91212
G1 F2093 X161.355 Y24.259 E420.92407
G1 F2087 X161.743 Y24.47 E420.93674
G1 F2074.9 X162.144 Y24.757 E420.95097
G1 F1935.5 X162.675 Y25.209 E420.97254
M204 S2000
G0 F9000 X163.474 Y26.793
G0 X163.707 Y27.782
G0 X163.723 Y28.689
G0 X163.497 Y29.758
G0 X163.114 Y30.575
G0 X162.574 Y31.294
G0 X161.669 Y32.05
G0 X160.586 Y32.53
G0 X160.252 Y32.58
G0 X158.482 Y32.839
G0 X158.43 Y33.133
M204 S500
G1 F1800 X158.947 Y33.197 E420.98986
G1 X159.366 Y33.215 E421.00381
G1 X159.77 Y33.196 E421.01727
G1 X160.196 Y33.142 E421.03155
G1 X160.561 Y33.063 E421.04397
G1 X160.943 Y32.948 E421.05724
G1 X161.322 Y32.8 E421.07077
G1 X161.682 Y32.624 E421.0841
G1 X162.032 Y32.413 E421.09769
G1 X162.37 Y32.173 E421.11148
G1 X162.691 Y31.911 E421.12526
G1 F1804.5 X163.079 Y31.634 E421.14108
G1 X163.504 Y31.38 E421.1575
G1 F1800 X163.886 Y31.194 E421.17163
G1 X164.306 Y31.026 E421.18668
G1 X164.802 Y30.88 E421.20388
G1 X165.262 Y30.786 E421.21949
G1 X165.685 Y30.734 E421.23367
G1 X166.156 Y30.715 E421.24935
G1 X180.417 Y30.714 E421.72367
G1 F1662.8 X180.915 Y30.681 E421.74164
G1 F1555.1 X181.329 Y30.698 E421.75759
G1 F1585.9 X181.725 Y30.66 E421.77261
G1 F1596.5 X182.114 Y30.56 E421.78767
G1 F1614.3 X182.477 Y30.409 E421.80225
G1 F1618 X182.802 Y30.191 E421.81673
G1 F1603.6 X183.09 Y29.928 E421.83129
G1 F1600 X183.34 Y29.605 E421.84657
G1 F1603.6 X183.525 Y29.285 E421.86037
G1 F1592.9 X183.666 Y28.841 E421.87788
G1 F1575.5 X183.725 Y28.341 E421.89701
G1 F1589.4 X183.707 Y28.037 E421.90848
G1 X183.623 Y27.646 E421.92355
G1 F1592.9 X183.47 Y27.251 E421.93947
G1 F1596.5 X183.34 Y27.018 E421.94947
G1 F1578.9 X183.089 Y26.699 E421.96487
G1 X182.65 Y26.323 E421.98678
G1 F1589.4 X182.211 Y26.106 E422.00523
G1 F1596.5 X181.956 Y26.021 E422.01531
G1 F1592.9 X181.69 Y25.962 E422.02555
G1 F1603.6 X181.366 Y25.938 E422.03768
G1 F1551.7 X180.765 Y25.958 E422.06088
G1 F1621.6 X180.386 Y25.917 E422.07495
G1 F1795.5 X166.156 Y25.917 E422.54943
G1 F1800 X165.642 Y25.894 E422.56654
G1 X165.245 Y25.844 E422.57985
G1 X164.732 Y25.734 E422.5973
G1 X164.174 Y25.561 E422.61673
G1 X163.693 Y25.348 E422.63423
G1 X163.267 Y25.119 E422.65031
G1 X162.881 Y24.866 E422.66566
G1 X162.275 Y24.387 E422.69135
G1 X161.859 Y24.102 E422.70813
G1 X161.395 Y23.864 E422.72547
G1 X161.106 Y23.743 E422.73589
G1 X160.732 Y23.611 E422.74908
G1 X160.228 Y23.496 E422.76628
G1 X159.852 Y23.443 E422.77891
G1 X159.409 Y23.418 E422.79366
G1 X159.022 Y23.427 E422.80654
G1 X158.527 Y23.482 E422.8231
G1 X158.017 Y23.6 E422.84051
G1 X157.621 Y23.73 E422.85438
G1 X157.246 Y23.89 E422.86794
G1 X156.833 Y24.105 E422.88342
G1 X156.33 Y24.451 E422.90373
G1 X155.871 Y24.858 E422.92413
G1 X155.497 Y25.28 E422.94289
G1 X155.221 Y25.679 E422.95902
G1 X155.003 Y26.055 E422.97348
G1 X154.835 Y26.406 E422.98642
G1 X154.698 Y26.772 E422.99942
G1 X154.583 Y27.176 E423.01339
G1 X154.505 Y27.577 E423.02698
G1 X154.452 Y28.068 E423.0434
G1 X154.457 Y28.603 E423.0612
G1 X154.498 Y29.005 E423.07464
G1 X154.569 Y29.388 E423.08759
G1 X154.697 Y29.872 E423.10425
G1 X154.923 Y30.431 E423.1243
G1 X155.168 Y30.872 E423.14108
G1 X155.449 Y31.289 E423.1578
G1 X155.796 Y31.688 E423.17539
G1 X156.027 Y31.915 E423.18616
G1 X156.324 Y32.169 E423.19916
G1 X156.657 Y32.41 E423.21283
G1 X157.093 Y32.672 E423.22975
G1 X157.563 Y32.879 E423.24683
G1 X157.933 Y33.006 E423.25984
G1 X158.43 Y33.133 E423.27691
M204 S2000
G0 F9000 X158.482 Y32.839
G0 X160.133 Y32.636
G0 X160.934 Y32.411
G0 X161.596 Y32.086
G0 X163.861 Y30.342
M204 S500
G1 F1800 X164.131 Y30.241 E423.28649
G1 X164.61 Y30.103 E423.30307
G1 X165.164 Y29.992 E423.32187
G1 X165.614 Y29.937 E423.33694
G1 X166.156 Y29.915 E423.35499
G1 X167.559 Y29.915 E423.40165
G1 X167.283 Y29.521 E423.41765
G1 X167.073 Y29.059 E423.43453
G1 X166.991 Y28.736 E423.44561
G1 X166.945 Y28.448 E423.45531
G1 X166.974 Y27.918 E423.47297
G1 X167.106 Y27.47 E423.4885
G1 X167.255 Y27.149 E423.50027
G1 X167.392 Y26.932 E423.50881
G1 X167.587 Y26.717 E423.51846
G1 X166.098 Y26.716 E423.56799
G1 X165.542 Y26.688 E423.5865
G1 X165.027 Y26.618 E423.60379
G1 X164.612 Y26.529 E423.6179
G1 X163.869 Y26.311 E423.64366
G1 X164.029 Y26.69 E423.65734
G1 X164.17 Y27.193 E423.67472
G1 X164.267 Y27.72 E423.69254
G1 X164.3 Y28.257 E423.71043
G1 X164.283 Y28.727 E423.72608
G1 X164.22 Y29.202 E423.74201
G1 X164.14 Y29.567 E423.75444
G1 X164 Y30.011 E423.76992
G1 X163.861 Y30.342 E423.78187
M204 S2000
G0 F9000 X162.664 Y31.435
M204 S500
G1 F1786.6 X162.915 Y31.262 E423.79208
G1 F1800 X163.254 Y31.06 E423.80521
G1 X163.71 Y30.834 E423.82213
G1 X164.244 Y30.625 E423.84121
G1 X164.72 Y30.488 E423.85768
G1 X165.132 Y30.402 E423.87168
G1 X165.649 Y30.335 E423.88902
G1 X166.156 Y30.315 E423.90589
G1 X168.39 Y30.316 E423.9802
G1 F1698.1 X168.918 Y30.291 E423.99883
G1 F1666.7 X168.675 Y30.205 E424.00809
G1 F1764.7 X168.436 Y30.092 E424.01706
G1 F1800 X168.11 Y29.899 E424.02966
G1 X167.83 Y29.604 E424.04319
G1 X167.611 Y29.291 E424.05589
G1 X167.461 Y28.962 E424.06792
G1 X167.351 Y28.531 E424.08272
G1 X167.369 Y27.984 E424.10092
G1 X167.487 Y27.591 E424.11457
G1 X167.594 Y27.362 E424.12297
G1 X167.731 Y27.144 E424.13154
G1 X167.966 Y26.885 E424.14317
G1 X168.312 Y26.618 E424.1577
G1 F1795.5 X168.671 Y26.44 E424.17107
G1 F1726.6 X169.025 Y26.333 E424.18389
G1 X168.656 Y26.317 E424.1967
G1 F1795.5 X166.156 Y26.317 E424.28005
G1 F1800 X165.676 Y26.298 E424.29603
G1 X165.195 Y26.241 E424.31214
G1 X164.617 Y26.117 E424.3318
G1 X164.012 Y25.927 E424.35289
G1 X163.531 Y25.714 E424.37039
G1 X163.028 Y25.442 E424.38941
G1 X162.675 Y25.209 E424.40348
G1 X162.947 Y25.529 E424.41745
G1 X163.18 Y25.86 E424.43091
G1 X163.339 Y26.127 E424.44125
G1 X163.625 Y26.731 E424.46347
G1 X163.776 Y27.266 E424.48196
G1 X163.873 Y27.824 E424.5008
G1 X163.9 Y28.258 E424.51526
G1 X163.884 Y28.698 E424.52991
G1 X163.829 Y29.118 E424.544
G1 X163.754 Y29.462 E424.55571
G1 X163.631 Y29.856 E424.56943
G1 X163.459 Y30.267 E424.58425
G1 X163.277 Y30.613 E424.59726
G1 X162.973 Y31.066 E424.6154
G1 F1786.6 X162.664 Y31.435 E424.63153
M204 S2000
G0 F9000 X164.723 Y30.652
G0 X168.477 Y30
G0 X168.595 Y29.725
M204 S500
G1 F1800 X168.216 Y29.459 E424.64693
G1 X167.876 Y28.972 E424.66668
G1 X167.751 Y28.476 E424.6837
G1 X167.767 Y28.042 E424.69814
G1 X167.892 Y27.638 E424.71221
G1 X168.126 Y27.267 E424.7268
G1 X168.557 Y26.934 E424.74491
G1 X168.773 Y26.83 E424.75288
G1 X169.208 Y26.717 E424.76783
G1 X174.53 Y26.719 E424.94484
G1 X175.129 Y26.906 E424.96571
G1 X175.488 Y27.183 E424.9808
G1 X175.657 Y27.387 E424.98961
G1 X175.881 Y27.829 E425.00609
G1 X175.948 Y28.25 E425.02027
G1 X175.875 Y28.829 E425.03968
G1 X175.653 Y29.256 E425.05568
G1 X175.303 Y29.608 E425.07219
G1 X174.945 Y29.8 E425.0857
G1 X174.567 Y29.912 E425.09882
G1 X169.307 Y29.915 E425.27377
G1 X168.918 Y29.863 E425.28682
G1 X168.595 Y29.725 E425.2985
M204 S2000
G0 F9000 X168.918 Y30.291
M204 S500
G1 F1694.1 X169.307 Y30.315 E425.31227
G1 F1791 X174.491 Y30.313 E425.48556
G1 F1756.1 X174.664 Y30.306 E425.49146
M204 S2000
G0 F9000 X176.135 Y29.914
M204 S500
G1 F1800 X179.17 Y29.909 E425.5924
G1 X178.982 Y29.607 E425.60424
G1 X178.825 Y29.268 E425.61666
G1 X178.73 Y28.96 E425.62738
G1 X178.672 Y28.704 E425.63611
G1 X178.658 Y28.189 E425.65325
G1 X178.672 Y27.908 E425.66261
G1 X178.81 Y27.411 E425.67976
G1 X178.955 Y27.073 E425.69199
G1 X179.168 Y26.717 E425.70579
G1 X176.115 Y26.717 E425.80734
G1 X176.37 Y27.025 E425.82063
G1 X176.553 Y27.384 E425.83404
G1 X176.682 Y27.769 E425.84754
G1 X176.758 Y28.301 E425.86542
G1 X176.68 Y28.841 E425.88356
G1 X176.537 Y29.29 E425.89924
G1 X176.407 Y29.541 E425.90864
G1 X176.135 Y29.914 E425.92399
M204 S2000
G0 F9000 X174.69 Y30.307
M204 S500
G1 F1782.2 X175.084 Y30.314 E425.93723
G1 F1800 X180.215 Y30.314 E426.10789
G1 X180.046 Y30.218 E426.11435
G1 X179.692 Y29.905 E426.13007
G1 X179.51 Y29.693 E426.13936
G1 X179.32 Y29.392 E426.1512
G1 X179.208 Y29.15 E426.16007
G1 X179.081 Y28.742 E426.17428
G1 X179.052 Y28.033 E426.19788
G1 X179.195 Y27.519 E426.21563
G1 X179.299 Y27.278 E426.22436
G1 X179.521 Y26.904 E426.23882
G1 X179.869 Y26.544 E426.25548
G1 X180.228 Y26.316 E426.26962
G1 X175.175 Y26.316 E426.43769
G1 F1698.1 X174.739 Y26.341 E426.45308
G1 X175.148 Y26.493 E426.46847
G1 F1800 X175.461 Y26.657 E426.48022
G1 X175.733 Y26.867 E426.49165
G1 X176.014 Y27.206 E426.50629
G1 X176.196 Y27.565 E426.51968
G1 X176.288 Y27.84 E426.52932
G1 X176.354 Y28.285 E426.54429
G1 X176.284 Y28.785 E426.56108
G1 X176.182 Y29.106 E426.57228
G1 X176.052 Y29.357 E426.58168
G1 X175.874 Y29.601 E426.59173
G1 X175.649 Y29.827 E426.60234
G1 X175.45 Y29.983 E426.61075
G1 X175.064 Y30.182 E426.62519
G1 F1782.2 X174.69 Y30.307 E426.63844
M204 S2000
G0 F9000 X175.461 Y29.79
G0 X175.849 Y29.397
G0 X176.105 Y28.902
G0 X176.197 Y28.247
G0 X176.107 Y27.748
G0 X175.815 Y27.175
G0 X174.739 Y26.341
M204 S500
G1 F1694.1 X174.433 Y26.318 E426.64928
G1 F1795.5 X169.281 Y26.317 E426.82107
G1 F1730.8 X169.025 Y26.333 E426.82994
M204 S2000
G0 F9000 X174.563 Y26.48
G0 X175.241 Y26.693
G0 X175.783 Y27.111
G0 X176.781 Y29.037
G0 X176.509 Y29.734
G0 X180.975 Y30.499
G0 X181.055 Y30.252
M204 S500
G1 F1621.6 X180.386 Y29.984 E426.85654
G1 F1739.1 X179.893 Y29.548 E426.8792
G1 F1800 X179.612 Y29.107 E426.89659
G1 X179.475 Y28.637 E426.91288
G1 X179.455 Y28.085 E426.93125
G1 X179.601 Y27.554 E426.94956
G1 X179.84 Y27.15 E426.96518
G1 X180.124 Y26.856 E426.97877
G1 F1795.5 X180.575 Y26.568 E426.99661
G1 F1621.6 X180.801 Y26.441 E427.00619
G1 F1519 X181.414 Y26.37 E427.03051
G1 F1585.9 X181.917 Y26.474 E427.0499
G1 F1610.7 X182.457 Y26.732 E427.07214
G1 X182.866 Y27.122 E427.09315
G1 F1621.6 X183.104 Y27.513 E427.11005
G1 F1610.7 X183.257 Y28.043 E427.13055
G1 F1603.6 X183.274 Y28.457 E427.14602
G1 F1589.4 X183.218 Y28.74 E427.15688
G1 F1582.4 X183.108 Y29.159 E427.17327
G1 F1600 X182.761 Y29.624 E427.19498
G1 F1610.7 X182.331 Y30.005 E427.21634
G1 F1600 X181.975 Y30.129 E427.23044
G1 F1592.9 X181.678 Y30.217 E427.24209
G1 F1582.4 X181.055 Y30.252 E427.26569
M204 S2000
G0 F9000 X180.608 Y29.646
M204 S500
;TYPE:WALL-OUTER
G1 F1800 X180.201 Y29.286 E427.28377
G1 X179.979 Y28.938 E427.29749
G1 X179.871 Y28.577 E427.31003
G1 X179.859 Y28.123 E427.32513
G1 X179.973 Y27.71 E427.33938
G1 X180.176 Y27.379 E427.3523
G1 X180.401 Y27.154 E427.36288
G1 X180.826 Y26.884 E427.37963
G1 X181.382 Y26.803 E427.39832
G1 X181.784 Y26.877 E427.41191
G1 X182.235 Y27.104 E427.4287
G1 X182.555 Y27.423 E427.44373
G1 X182.721 Y27.704 E427.45459
G1 X182.833 Y28.097 E427.46818
G1 X182.843 Y28.453 E427.48002
G1 X182.728 Y28.947 E427.49689
G1 X182.462 Y29.321 E427.51216
G1 X182.083 Y29.65 E427.52885
G1 X181.628 Y29.791 E427.54469
G1 X181.155 Y29.824 E427.56046
G1 X180.608 Y29.646 E427.5796
M204 S2000
G1 F2400 E426.7796
G0 F9000 X180.144 Y30.168
G0 X169.238 Y30.154
G0 X168.479 Y30.001
G0 X168.755 Y29.358
M204 S500
G1 F2400 E427.5796
G1 F1800 X168.504 Y29.171 E427.59001
G1 X168.246 Y28.801 E427.60501
G1 X168.151 Y28.414 E427.61826
G1 X168.17 Y28.086 E427.62919
G1 X168.271 Y27.788 E427.63966
G1 X168.427 Y27.539 E427.64943
G1 X168.833 Y27.226 E427.66648
G1 X169.246 Y27.119 E427.68067
G1 X174.467 Y27.119 E427.85432
G1 X174.943 Y27.268 E427.87091
G1 X175.279 Y27.527 E427.88502
G1 X175.495 Y27.952 E427.90088
G1 X175.548 Y28.258 E427.91121
G1 X175.488 Y28.706 E427.92624
G1 X175.326 Y29.017 E427.9379
G1 X175.041 Y29.295 E427.95115
G1 X174.825 Y29.418 E427.95941
G1 X174.525 Y29.51 E427.96985
G1 X169.274 Y29.513 E428.1445
G1 X169.045 Y29.477 E428.15221
G1 X168.755 Y29.358 E428.16263
M204 S2000
G1 F2400 E427.36263
G0 F9000 X168.479 Y30.001
G0 X164.723 Y30.652
G0 X162.236 Y31.588
G0 X161.669 Y32.05
G0 X160.586 Y32.53
G0 X159.527 Y32.689
G0 X158.201 Y32.615
G0 X158.401 Y31.945
M204 S500
G1 F2400 E428.16263
G1 F1800 X158.114 Y31.859 E428.1726
G1 X157.848 Y31.755 E428.1821
G1 X157.557 Y31.612 E428.19288
G1 X157.298 Y31.458 E428.20291
G1 X157.03 Y31.264 E428.21391
G1 X156.793 Y31.061 E428.22429
G1 X156.585 Y30.853 E428.23407
G1 X156.381 Y30.609 E428.24465
G1 X156.204 Y30.36 E428.25481
G1 X156.044 Y30.091 E428.26522
G1 X155.914 Y29.823 E428.27513
G1 X155.793 Y29.51 E428.28629
G1 X155.711 Y29.235 E428.29583
G1 X155.623 Y28.755 E428.31206
G1 X155.601 Y28.444 E428.32243
G1 X155.612 Y27.982 E428.3378
G1 X155.65 Y27.683 E428.34783
G1 X155.72 Y27.364 E428.35869
G1 X155.804 Y27.084 E428.36841
G1 X155.982 Y26.661 E428.38368
G1 X156.13 Y26.387 E428.39404
G1 X156.304 Y26.125 E428.4045
G1 X156.494 Y25.882 E428.41476
G1 X156.858 Y25.505 E428.43219
G1 X157.178 Y25.257 E428.44565
G1 X157.449 Y25.08 E428.45642
G1 X157.856 Y24.872 E428.47162
G1 X158.148 Y24.762 E428.482
G1 X158.442 Y24.675 E428.4922
G1 X158.909 Y24.59 E428.50798
G1 X159.216 Y24.568 E428.51822
G1 X159.52 Y24.569 E428.52833
G1 X159.842 Y24.596 E428.53908
G1 X160.139 Y24.648 E428.54911
G1 X160.433 Y24.724 E428.55921
G1 X160.728 Y24.827 E428.5696
G1 X161.003 Y24.946 E428.57957
G1 X161.402 Y25.177 E428.5949
G1 X161.67 Y25.368 E428.60585
G1 X161.902 Y25.568 E428.61603
G1 X162.102 Y25.767 E428.62542
G1 X162.317 Y26.023 E428.63654
G1 X162.492 Y26.27 E428.64661
G1 X162.651 Y26.537 E428.65694
G1 X162.867 Y27.001 E428.67396
G1 X162.989 Y27.412 E428.68822
G1 X163.074 Y27.878 E428.70398
G1 X163.1 Y28.259 E428.71668
G1 X163.085 Y28.651 E428.72973
G1 X163.047 Y28.949 E428.73972
G1 X162.982 Y29.251 E428.74999
G1 X162.893 Y29.547 E428.76027
G1 X162.721 Y29.957 E428.77506
G1 X162.573 Y30.231 E428.78542
G1 X162.313 Y30.613 E428.80079
G1 X162.095 Y30.869 E428.81197
G1 X161.885 Y31.08 E428.82187
G1 X161.648 Y31.279 E428.83217
G1 X161.321 Y31.511 E428.8455
G1 X160.991 Y31.69 E428.85799
G1 X160.695 Y31.818 E428.86872
G1 X160.398 Y31.918 E428.87914
G1 X160.027 Y32.005 E428.89181
G1 X159.693 Y32.05 E428.90302
G1 X159.401 Y32.066 E428.91275
G1 X159.013 Y32.052 E428.92566
G1 X158.716 Y32.014 E428.93562
G1 X158.401 Y31.945 E428.94635
M204 S2000
G1 F2400 E428.14635
G0 F9000 X158.201 Y32.615
G0 X158.482 Y32.839
G0 X158.356 Y33.527
M204 S500
G1 F2400 E428.94635
G1 F1800 X158.913 Y33.596 E428.96501
G1 X159.35 Y33.615 E428.97956
G1 X159.789 Y33.596 E428.99418
G1 X160.24 Y33.541 E429.00929
G1 X160.675 Y33.447 E429.02409
G1 X161.059 Y33.332 E429.03742
G1 X161.482 Y33.167 E429.05252
G1 X161.886 Y32.968 E429.0675
G1 X162.239 Y32.757 E429.08118
G1 X162.603 Y32.498 E429.09604
G1 X162.955 Y32.213 E429.1111
G1 X163.325 Y31.95 E429.1262
G1 X163.679 Y31.74 E429.13989
G1 X164.075 Y31.547 E429.15454
G1 X164.453 Y31.398 E429.16806
G1 X164.884 Y31.272 E429.18299
G1 X165.312 Y31.183 E429.19753
G1 X165.72 Y31.132 E429.21121
G1 X166.156 Y31.115 E429.22572
G1 X181.454 Y31.114 E429.73453
G1 X181.799 Y31.079 E429.74607
G1 X182.252 Y30.965 E429.7616
G1 X182.676 Y30.78 E429.77699
G1 X183.063 Y30.528 E429.79235
G1 X183.402 Y30.217 E429.80765
G1 X183.695 Y29.843 E429.82345
G1 X183.914 Y29.458 E429.83819
G1 X184.088 Y28.934 E429.85655
G1 X184.155 Y28.35 E429.8761
G1 X184.128 Y27.979 E429.88847
G1 X184.034 Y27.525 E429.90389
G1 X183.862 Y27.084 E429.91964
G1 X183.699 Y26.783 E429.93102
G1 X183.4 Y26.4 E429.94718
G1 X182.886 Y25.964 E429.9696
G1 X182.373 Y25.71 E429.98864
G1 X182.08 Y25.614 E429.9989
G1 X181.751 Y25.537 E430.01013
G1 X181.366 Y25.517 E430.02296
G1 X166.156 Y25.517 E430.52884
G1 X165.692 Y25.497 E430.54429
G1 X165.279 Y25.444 E430.55814
G1 X164.848 Y25.351 E430.5728
G1 X164.336 Y25.195 E430.59061
G1 X163.841 Y24.975 E430.60862
G1 X163.468 Y24.773 E430.62273
G1 X163.11 Y24.538 E430.63697
G1 X162.513 Y24.065 E430.66231
G1 X162.064 Y23.758 E430.6804
G1 X161.564 Y23.501 E430.6991
G1 X161.25 Y23.369 E430.71043
G1 X160.844 Y23.226 E430.72474
G1 X160.301 Y23.102 E430.74327
G1 X159.892 Y23.044 E430.75701
G1 X159.43 Y23.017 E430.7724
G1 X159.027 Y23.026 E430.78581
G1 X158.459 Y23.087 E430.80481
G1 X157.909 Y23.215 E430.82359
G1 X157.496 Y23.349 E430.83803
G1 X157.089 Y23.521 E430.85273
G1 X156.627 Y23.761 E430.87004
G1 X156.082 Y24.135 E430.89203
G1 X155.587 Y24.575 E430.91405
G1 X155.182 Y25.032 E430.93436
G1 X154.891 Y25.45 E430.9513
G1 X154.656 Y25.853 E430.96682
G1 X154.467 Y26.248 E430.98139
G1 X154.322 Y26.632 E430.99504
G1 X154.194 Y27.083 E431.01063
G1 X154.109 Y27.517 E431.02534
G1 X154.051 Y28.048 E431.04311
G1 X154.056 Y28.609 E431.06176
G1 X154.104 Y29.076 E431.07738
G1 X154.175 Y29.461 E431.0904
G1 X154.317 Y29.998 E431.10887
G1 X154.561 Y30.603 E431.13057
G1 X154.818 Y31.068 E431.14824
G1 X155.13 Y31.533 E431.16687
G1 X155.494 Y31.952 E431.18533
G1 X155.746 Y32.201 E431.19711
G1 X156.076 Y32.484 E431.21157
G1 X156.437 Y32.744 E431.22637
G1 X156.909 Y33.028 E431.24469
G1 X157.417 Y33.252 E431.26315
G1 X157.819 Y33.39 E431.27729
G1 X158.356 Y33.527 E431.29572
M204 S2000
G0 F9000 X158.482 Y32.839
G0 X160.133 Y32.636
G0 X160.934 Y32.411
G0 X161.53 Y32.119
G0 X164.54 Y30.019
G0 X164.468 Y29.765
M204 S500
;TYPE:SKIN
G1 F1800 X164.576 Y29.264 E431.31277
G1 X164.642 Y28.768 E431.32941
G1 X164.66 Y28.237 E431.34708
G1 X164.627 Y27.686 E431.36544
G1 X164.529 Y27.143 E431.38379
G1 X164.45 Y26.858 E431.39363
G1 X164.946 Y26.97 E431.41054
G1 X165.488 Y27.043 E431.42873
G1 X166.083 Y27.076 E431.44855
G1 X166.892 Y27.077 E431.47546
G1 X166.76 Y27.366 E431.48603
G1 X166.614 Y27.884 E431.50393
G1 X166.586 Y28.474 E431.52357
G1 X166.637 Y28.801 E431.53458
G1 X166.737 Y29.183 E431.54772
G1 X166.906 Y29.554 E431.56127
G1 X166.165 Y29.555 E431.58592
G1 X165.525 Y29.583 E431.60723
G1 X165.122 Y29.633 E431.62073
G1 X164.468 Y29.765 E431.64292
M204 S2000
G0 F9000 X165.186 Y29.422
M204 S500
G1 F1800 X164.806 Y29.041 E431.66082
M204 S2000
G0 F9000 X164.849 Y28.519
M204 S500
G1 F1800 X165.704 Y29.374 E431.70104
M204 S2000
G0 F9000 X166.246 Y29.35
M204 S500
G1 F1800 X164.842 Y27.946 E431.76708
M204 S2000
G0 F9000 X164.759 Y27.297
M204 S500
G1 F1800 X166.487 Y29.026 E431.84838
M204 S2000
G0 F9000 X166.387 Y28.359
M204 S500
G1 F1800 X165.239 Y27.212 E431.90236
M204 S2000
G0 F9000 X165.858 Y27.265
M204 S500
G1 F1800 X166.417 Y27.824 E431.92865
M204 S2000
G0 F9000 X166.547 Y27.389
M204 S500
G1 F1800 X166.456 Y27.297 E431.93295
M204 S2000
G0 F9000 X166.456 Y26.816
G0 X169.176 Y26.478
G0 X174.563 Y26.48
G0 X175.241 Y26.693
G0 X175.729 Y27.069
G0 X176.757 Y28.921
G0 X177.406 Y29.128
M204 S500
G1 F1607.1 X177.964 Y29.129 E431.95374
G1 F1632.7 X177.9 Y28.776 E431.9669
G1 F1743.3 X177.906 Y28.288 E431.98366
G1 F1822.8 X177.9 Y28.161 E431.98783
G1 F1734.9 X177.908 Y27.757 E432.00178
G1 F1662.8 X177.981 Y27.494 E432.0116
G1 X177.407 Y27.495 E432.03227
G1 X177.48 Y27.735 E432.0413
G1 F1747.6 X177.513 Y28.298 E432.06062
G1 F1773.4 X177.463 Y28.94 E432.08236
G1 F1659 X177.406 Y29.128 E432.08945
M204 S2000
G0 F9000 X176.83 Y29.554
M204 S500
G1 F1800 X178.562 Y29.553 E432.14706
G1 X178.479 Y29.371 E432.15371
G1 X178.38 Y29.05 E432.16488
G1 X178.318 Y28.768 E432.17448
G1 X178.299 Y28.19 E432.19372
G1 X178.318 Y27.837 E432.20548
G1 X178.474 Y27.284 E432.22459
G1 X178.563 Y27.077 E432.23208
G1 X176.801 Y27.078 E432.29069
G1 X176.887 Y27.25 E432.29708
G1 X177.068 Y27.812 E432.31672
G1 X177.116 Y28.312 E432.33343
G1 X177.036 Y28.891 E432.35287
G1 X176.83 Y29.554 E432.37596
M204 S2000
G0 F9000 X176.83 Y30.114
G1 F2400 E431.57596
;MESH:part_4.stl
G0 F9000 X166.141 Y30.897
G0 X166.174 Y31.98
G0 X165.826 Y36.003
G0 X165.063 Y36.766
G0 X162.212 Y41.121
M204 S500
;TYPE:WALL-INNER
G1 F2400 E432.37596
G1 F1358.5 X161.922 Y41.374 E432.39292
G1 F1363.6 X161.493 Y41.835 E432.42057
M204 S2000
G0 F9000 X158.803 Y44.666
G0 X159.87 Y46.787
G0 X156.154 Y51.312
M204 S500
G1 F1804.5 X159.689 Y47.777 E432.58643
G1 X160.048 Y47.546 E432.60059
G1 F1800 X160.353 Y47.484 E432.61094
G1 X160.694 Y47.528 E432.62238
G1 X160.898 Y47.617 E432.62978
G1 X161.103 Y47.776 E432.63841
G1 X162.565 Y49.236 E432.70713
G1 X163.04 Y48.895 E432.72658
G1 X163.389 Y48.678 E432.74025
G1 X163.958 Y48.375 E432.76169
G1 X164.491 Y48.143 E432.78102
G1 X165.108 Y47.931 E432.80272
G1 X165.715 Y47.775 E432.82357
G1 X166.447 Y47.655 E432.84824
G1 X167.009 Y47.61 E432.86699
G1 X167.399 Y47.603 E432.87996
G1 X167.696 Y47.61 E432.88984
G1 X168.319 Y47.663 E432.91064
G1 X168.646 Y47.71 E432.92163
G1 X169.255 Y47.839 E432.94233
G1 X181.007 Y50.985 E433.34697
G1 F1662.8 X181.352 Y51.043 E433.35956
G1 F1406.2 X181.531 Y51.06 E433.36722
G1 F1304.3 X181.759 Y51.172 E433.37888
G1 F1309.1 X182.148 Y51.33 E433.39808
G1 F1299.6 X182.57 Y51.452 E433.41832
G1 F1297.3 X182.97 Y51.489 E433.43685
G1 F1302 X183.322 Y51.494 E433.45304
G1 F1299.6 X183.71 Y51.428 E433.47117
G1 F1304.3 X183.988 Y51.361 E433.4843
G1 F1321.1 X184.305 Y51.243 E433.49963
G1 F1316.3 X184.707 Y51.017 E433.5206
G1 F1304.3 X184.911 Y50.872 E433.53209
G1 F1299.6 X185.243 Y50.565 E433.55292
G1 F1297.3 X185.456 Y50.316 E433.56804
G1 F1309.1 X185.698 Y49.942 E433.58841
G1 F1316.3 X185.857 Y49.568 E433.6069
G1 F1309.1 X185.972 Y49.159 E433.62633
G1 F1306.7 X186.031 Y48.794 E433.64327
G1 F1309.1 X186.031 Y48.432 E433.65982
G1 X186.005 Y48.178 E433.6715
G1 X185.936 Y47.803 E433.68894
G1 X185.82 Y47.473 E433.70493
G1 F1302 X185.671 Y47.159 E433.72091
G1 F1299.6 X185.465 Y46.839 E433.73845
G1 F1309.1 X185.289 Y46.622 E433.75122
G1 X184.876 Y46.229 E433.7773
G1 F1304.3 X184.548 Y46.026 E433.795
G1 F1311.5 X184.166 Y45.843 E433.81434
G1 F1313.9 X183.903 Y45.755 E433.82697
G1 F1311.5 X183.594 Y45.682 E433.84147
G1 F1309.1 X183.234 Y45.649 E433.858
G1 F1313.9 X182.945 Y45.647 E433.87117
G1 F1321.1 X182.645 Y45.677 E433.88483
G1 F1316.3 X182.212 Y45.782 E433.9051
G1 F1304.3 X181.766 Y45.965 E433.92722
G1 F1292.6 X181.427 Y46.179 E433.94579
G1 F1297.3 X181.195 Y46.358 E433.95931
G1 F1288 X180.881 Y46.648 E433.97918
G1 F1487.6 X180.49 Y46.802 E433.99609
G1 F1800 X180.252 Y46.945 E434.00533
G1 X179.784 Y47.116 E434.0219
G1 X179.321 Y47.21 E434.03762
G1 X178.748 Y47.22 E434.05668
G1 X178.373 Y47.168 E434.06927
G1 X171.198 Y45.253 E434.31626
G1 X170.709 Y45.027 E434.33418
G1 X170.169 Y44.566 E434.3578
G1 X169.788 Y44.005 E434.38035
G1 X169.628 Y43.332 E434.40336
G1 X169.62 Y42.856 E434.41919
G1 X169.743 Y42.277 E434.43888
G1 X168.124 Y40.653 E434.51515
G1 X167.946 Y40.355 E434.5267
G1 X167.882 Y39.956 E434.54014
G1 X167.944 Y39.651 E434.55049
G1 F1791 X168.115 Y39.353 E434.56197
G1 X171.709 Y35.756 E434.73194
G1 F1804.5 X171.427 Y35.474 E434.74517
G1 F1791 X167.83 Y39.068 E434.91514
G1 X167.533 Y39.24 E434.92661
G1 F1800 X167.228 Y39.302 E434.93696
G1 X166.901 Y39.262 E434.94792
G1 X166.551 Y39.077 E434.96109
G1 X165.064 Y37.596 E435.03089
G1 X157.994 Y44.666 E435.36344
G1 X159.468 Y46.146 E435.43291
G1 X159.615 Y46.383 E435.44219
G1 X159.687 Y46.63 E435.45075
G1 X159.699 Y46.83 E435.45741
G1 X159.637 Y47.135 E435.46776
G1 F1804.5 X159.407 Y47.495 E435.48194
G1 X155.872 Y51.03 E435.6478
G1 X156.154 Y51.312 E435.66103
M204 S2000
G0 F9000 X156.154 Y51.877
M204 S500
G1 F1800 X159.971 Y48.059 E435.84059
G1 X160.187 Y47.921 E435.84912
G1 X160.37 Y47.884 E435.85533
G1 X160.575 Y47.91 E435.8622
G1 X160.821 Y48.059 E435.87176
G1 X162.54 Y49.776 E435.95257
G1 X162.818 Y49.544 E435.96462
G1 X163.272 Y49.221 E435.98315
G1 X163.579 Y49.03 E435.99517
G1 X164.118 Y48.742 E436.0155
G1 X164.651 Y48.51 E436.03483
G1 X165.228 Y48.313 E436.05511
G1 X165.814 Y48.163 E436.07523
G1 X166.479 Y48.054 E436.09764
G1 X167.041 Y48.009 E436.1164
G1 X167.389 Y48.003 E436.12797
G1 X167.68 Y48.01 E436.13765
G1 X168.284 Y48.061 E436.15782
G1 X168.586 Y48.106 E436.16797
G1 X169.201 Y48.238 E436.18889
G1 F1804.5 X181.263 Y51.469 E436.60318
G1 X181.98 Y51.776 E436.62906
G1 F1800 X182.271 Y51.863 E436.63916
G1 X182.602 Y51.935 E436.65043
G1 X182.949 Y51.966 E436.66201
G1 X183.248 Y51.967 E436.67196
G1 X183.506 Y51.945 E436.68057
G1 X183.807 Y51.896 E436.69071
G1 X184.133 Y51.814 E436.70189
G1 X184.582 Y51.64 E436.71791
G1 X184.967 Y51.416 E436.73272
G1 X185.203 Y51.248 E436.74236
G1 X185.405 Y51.077 E436.75116
G1 X185.594 Y50.889 E436.76003
G1 X185.838 Y50.601 E436.77258
G1 X186.038 Y50.296 E436.78471
G1 X186.168 Y50.053 E436.79388
G1 X186.282 Y49.789 E436.80344
G1 X186.371 Y49.525 E436.81271
G1 X186.44 Y49.254 E436.82201
G1 X186.486 Y48.959 E436.83194
G1 X186.507 Y48.703 E436.84049
G1 X186.505 Y48.396 E436.8507
G1 X186.48 Y48.139 E436.85928
G1 X186.428 Y47.84 E436.86938
G1 X186.361 Y47.58 E436.87831
G1 X186.261 Y47.296 E436.88832
G1 X186.146 Y47.041 E436.89763
G1 X186.024 Y46.82 E436.90602
G1 X185.857 Y46.568 E436.91608
G1 X185.69 Y46.358 E436.925
G1 X185.495 Y46.149 E436.93451
G1 X185.279 Y45.953 E436.94421
G1 X185.054 Y45.782 E436.95361
G1 X184.808 Y45.626 E436.9633
G1 X184.557 Y45.494 E436.97273
G1 X184.312 Y45.391 E436.98157
G1 X184.033 Y45.298 E436.99135
G1 X183.671 Y45.213 E437.00372
G1 X183.255 Y45.173 E437.01762
G1 X182.907 Y45.176 E437.02919
G1 X182.57 Y45.21 E437.04046
G1 X182.213 Y45.29 E437.05263
G1 X181.964 Y45.368 E437.06131
G1 X181.688 Y45.482 E437.07124
G1 X181.445 Y45.604 E437.08028
G1 X181.15 Y45.787 E437.09183
G1 X180.898 Y45.988 E437.10255
G1 X180.567 Y46.278 E437.11719
G1 X180.109 Y46.566 E437.13518
G1 X179.677 Y46.731 E437.15056
G1 X179.274 Y46.813 E437.16424
G1 X178.75 Y46.818 E437.18167
G1 X178.43 Y46.772 E437.19242
G1 X171.332 Y44.874 E437.4368
G1 X170.919 Y44.683 E437.45193
G1 X170.471 Y44.299 E437.47156
G1 X170.155 Y43.834 E437.49026
G1 X170.026 Y43.249 E437.51018
G1 X170.02 Y42.894 E437.52199
G1 X170.114 Y42.459 E437.53679
G1 X170.225 Y42.194 E437.54635
G1 X168.427 Y40.392 E437.63101
G1 X168.32 Y40.213 E437.63795
G1 X168.282 Y39.973 E437.64603
G1 X168.319 Y39.79 E437.65224
G1 X168.422 Y39.612 E437.65908
G1 X172.274 Y35.756 E437.84036
G1 X171.427 Y34.909 E437.8802
G1 X167.571 Y38.761 E438.06148
G1 X167.394 Y38.865 E438.06831
G1 X167.211 Y38.902 E438.07452
G1 X167.015 Y38.878 E438.08109
G1 X166.805 Y38.767 E438.08899
G1 X165.064 Y37.03 E438.17079
G1 X157.428 Y44.666 E438.52996
G1 X159.161 Y46.402 E438.61155
G1 X159.249 Y46.544 E438.6171
G1 X159.299 Y46.813 E438.6262
G1 X159.262 Y46.996 E438.63241
G1 X159.124 Y47.212 E438.64094
G1 X155.307 Y51.03 E438.8205
G1 X156.154 Y51.877 E438.86034
M204 S2000
G0 F9000 X156.154 Y51.495
G0 X160.396 Y47.313
G0 X162.595 Y48.701
M204 S500
G1 F1800 X163.2 Y48.325 E438.88403
G1 X163.693 Y48.06 E438.90265
G1 X164.332 Y47.776 E438.92591
G1 X164.988 Y47.549 E438.94899
G1 X165.616 Y47.387 E438.97057
G1 X166.415 Y47.256 E438.9975
G1 X167.064 Y47.208 E439.01914
G1 X167.409 Y47.203 E439.03062
G1 X167.712 Y47.21 E439.0407
G1 X168.354 Y47.264 E439.06213
G1 X168.789 Y47.33 E439.07676
G1 X169.408 Y47.465 E439.09783
G1 X181.434 Y50.685 E439.51191
G1 X181.186 Y50.46 E439.52304
G1 X180.987 Y50.235 E439.53303
G1 X180.759 Y49.913 E439.54616
G1 X180.529 Y49.378 E439.56553
G1 X180.41 Y48.773 E439.58603
G1 X180.423 Y48.227 E439.6042
G1 X180.598 Y47.557 E439.62723
G1 X180.867 Y47.039 E439.64664
G1 X180.423 Y47.309 E439.66393
G1 X179.891 Y47.501 E439.68274
G1 X179.368 Y47.608 E439.7005
G1 X178.763 Y47.626 E439.72063
G1 X178.241 Y47.554 E439.73815
G1 X171.06 Y45.63 E439.98542
G1 X170.652 Y45.441 E440.00037
G1 X170.426 Y45.309 E440.00908
G1 X169.866 Y44.832 E440.03355
G1 X169.528 Y44.334 E440.05356
G1 X169.386 Y44.037 E440.06451
G1 X169.23 Y43.392 E440.08658
G1 X169.221 Y42.924 E440.10215
G1 X169.252 Y42.662 E440.11093
G1 X169.307 Y42.406 E440.11964
G1 X167.822 Y40.915 E440.18963
G1 X167.644 Y40.654 E440.20014
G1 X167.505 Y40.315 E440.21232
G1 X167.482 Y39.939 E440.22485
G1 X167.543 Y39.641 E440.23497
G1 X167.245 Y39.702 E440.24508
G1 X166.866 Y39.679 E440.25771
G1 X166.498 Y39.523 E440.27101
G1 X166.298 Y39.387 E440.27905
G1 X165.064 Y38.162 E440.33688
G1 X162.488 Y40.738 E440.45805
G1 F1509.4 X162.212 Y41.121 E440.47678
G1 X163.073 Y40.796 E440.51328
G1 F1800 X163.44 Y40.72 E440.52574
G1 X163.865 Y40.7 E440.53989
G1 X164.254 Y40.74 E440.5529
G1 X164.59 Y40.817 E440.56436
G1 X165.041 Y40.985 E440.58037
G1 X165.321 Y41.139 E440.591
G1 X165.951 Y41.751 E440.62021
G1 X166.22 Y42.211 E440.63794
G1 X166.324 Y42.473 E440.64731
G1 X166.466 Y42.974 E440.66463
G1 X166.492 Y43.649 E440.6871
G1 X166.32 Y44.378 E440.71201
G1 X165.985 Y44.974 E440.73475
G1 X165.623 Y45.392 E440.75314
G1 X164.998 Y45.808 E440.77811
G1 X164.747 Y45.913 E440.78716
G1 X164.219 Y46.08 E440.80558
G1 X163.968 Y46.099 E440.81396
G1 X163.299 Y46.057 E440.83625
G1 X162.62 Y45.849 E440.85987
G1 X162.332 Y45.69 E440.87081
G1 X161.85 Y45.263 E440.89223
G1 X161.676 Y45.072 E440.90082
G1 X161.379 Y44.615 E440.91895
G1 X161.267 Y44.345 E440.92867
G1 X161.172 Y44.037 E440.93939
G1 X161.111 Y43.663 E440.952
G1 X161.1 Y43.266 E440.96521
G1 X161.151 Y42.849 E440.97918
G1 X161.25 Y42.492 E440.9915
G1 F1786.6 X161.366 Y42.198 E441.00209
G1 F1506.3 X161.493 Y41.835 E441.01738
G1 X161.175 Y42.056 E441.03277
G1 F1786.6 X158.56 Y44.666 E441.15657
G1 F1800 X159.776 Y45.89 E441.21396
G1 X159.981 Y46.222 E441.22694
G1 X160.082 Y46.568 E441.23893
G1 X160.099 Y46.848 E441.24826
G1 X160.039 Y47.144 E441.2583
G1 X160.335 Y47.084 E441.26835
G1 X160.722 Y47.107 E441.28124
G1 X161.066 Y47.253 E441.29367
G1 X161.287 Y47.394 E441.30239
G1 X162.595 Y48.701 E441.36389
M204 S2000
G0 F9000 X160.273 Y46.91
G0 X158.803 Y44.666
G0 X161.073 Y42.423
G0 X161.914 Y44.452
G0 X162.766 Y45.477
M204 S500
G1 F1800 X162.512 Y45.316 E441.37389
G1 X162.024 Y44.883 E441.39559
G1 X161.685 Y44.341 E441.41685
G1 X161.555 Y43.919 E441.43154
G1 X161.511 Y43.652 E441.44054
G1 X161.5 Y43.255 E441.45375
G1 X161.536 Y42.957 E441.46373
G1 F1804.5 X161.67 Y42.478 E441.48024
G1 X161.882 Y42.108 E441.49438
G1 F1800 X162.242 Y41.694 E441.51263
G1 X162.45 Y41.534 E441.52136
G1 X162.854 Y41.301 E441.53687
G1 X163.153 Y41.188 E441.5475
G1 X163.52 Y41.112 E441.55997
G1 X163.824 Y41.098 E441.57009
G1 X164.339 Y41.151 E441.58731
G1 X165.034 Y41.407 E441.61194
G1 X165.608 Y41.977 E441.63885
G1 X165.904 Y42.459 E441.65766
G1 X166.071 Y43.049 E441.67806
G1 X166.08 Y43.618 E441.69698
G1 X165.948 Y44.224 E441.71761
G1 X165.651 Y44.751 E441.73773
G1 X165.325 Y45.113 E441.75393
G1 X164.75 Y45.494 E441.77688
G1 X164.073 Y45.706 E441.80047
G1 X163.378 Y45.662 E441.82363
G1 X162.766 Y45.477 E441.8449
M204 S2000
G0 F9000 X162.857 Y45.088
M204 S500
G1 F1800 X162.34 Y44.628 E441.86791
G1 X162.054 Y44.179 E441.88562
G1 X161.913 Y43.724 E441.90146
G1 X161.897 Y43.149 E441.9206
G1 F1804.5 X162.04 Y42.639 E441.93817
G1 X162.209 Y42.338 E441.94962
G1 F1800 X162.565 Y41.93 E441.96763
G1 X163.135 Y41.6 E441.98954
G1 X163.687 Y41.486 E442.00828
G1 X164.247 Y41.544 E442.02701
G1 X164.815 Y41.752 E442.04713
G1 X165.311 Y42.253 E442.07058
G1 X165.534 Y42.62 E442.08486
G1 X165.673 Y43.112 E442.10186
G1 X165.682 Y43.574 E442.11723
G1 X165.568 Y44.082 E442.13455
G1 X165.317 Y44.531 E442.15166
G1 X165.085 Y44.785 E442.1631
G1 X164.581 Y45.128 E442.18338
G1 X164.004 Y45.302 E442.20342
G1 X163.479 Y45.269 E442.22092
G1 X162.857 Y45.088 E442.24246
M204 S2000
G1 F2400 E441.44246
G0 F9000 X162.733 Y45.316
G0 X160.95 Y43.666
G0 X161.073 Y42.423
G0 X158.803 Y44.666
G0 X160.273 Y46.91
G0 X162.625 Y48.491
G0 X168.154 Y47.534
G0 X181.838 Y50.62
M204 S500
G1 F2400 E442.24246
G1 F1411.8 X181.691 Y50.424 E442.25285
G1 F1662.8 X181.314 Y50.004 E442.27317
G1 F1800 X181.086 Y49.682 E442.2863
G1 X180.921 Y49.299 E442.30017
G1 X180.812 Y48.712 E442.32002
G1 X180.822 Y48.274 E442.3346
G1 X180.961 Y47.743 E442.35285
G1 X181.132 Y47.397 E442.36569
G1 F1487.6 X181.283 Y47.046 E442.38107
G1 F1288 X181.506 Y46.815 E442.39599
G1 F1297.3 X181.744 Y46.639 E442.40965
G1 X182.104 Y46.402 E442.42954
G1 F1313.9 X182.822 Y46.187 E442.46369
G1 F1316.3 X183.494 Y46.218 E442.49429
G1 X183.916 Y46.329 E442.51414
G1 X184.423 Y46.579 E442.53985
G1 F1313.9 X184.953 Y47.052 E442.57222
G1 F1309.1 X185.35 Y47.736 E442.60839
G1 F1311.5 X185.488 Y48.403 E442.63948
G1 F1316.3 X185.463 Y48.901 E442.66216
G1 F1318.7 X185.34 Y49.406 E442.68575
G1 F1316.3 X185.095 Y49.891 E442.71047
G1 F1311.5 X184.668 Y50.367 E442.73966
G1 F1316.3 X184.216 Y50.68 E442.76467
G1 F1318.7 X183.851 Y50.83 E442.78258
G1 F1311.5 X183.202 Y50.953 E442.81274
G1 X182.56 Y50.889 E442.84219
G1 F1306.7 X181.838 Y50.62 E442.87749
M204 S2000
G0 F9000 X182.123 Y50.224
M204 S500
G1 F1800 X181.682 Y49.829 E442.89718
G1 X181.413 Y49.45 E442.91264
G1 X181.314 Y49.221 E442.92094
G1 X181.21 Y48.67 E442.93959
G1 X181.229 Y48.296 E442.95204
G1 X181.336 Y47.883 E442.96623
G1 X181.511 Y47.533 E442.97925
G1 X181.798 Y47.186 E442.99422
G1 X182.303 Y46.842 E443.01455
G1 X182.889 Y46.659 E443.03497
G1 X183.425 Y46.69 E443.05282
G1 X183.727 Y46.768 E443.0632
G1 X184.167 Y46.985 E443.07951
G1 X184.573 Y47.345 E443.09756
G1 X184.897 Y47.907 E443.11914
G1 X185.008 Y48.439 E443.13721
G1 X184.994 Y48.828 E443.15016
G1 X184.889 Y49.239 E443.16427
G1 X184.701 Y49.61 E443.1781
G1 X184.336 Y50.022 E443.19641
G1 X183.876 Y50.342 E443.21505
G1 X183.2 Y50.474 E443.23796
G1 X182.661 Y50.42 E443.25597
G1 X182.123 Y50.224 E443.27502
M204 S2000
G0 F9000 X182.326 Y49.874
M204 S500
;TYPE:WALL-OUTER
G1 F1800 X181.967 Y49.541 E443.2913
G1 X181.714 Y49.183 E443.30588
G1 X181.61 Y48.648 E443.32401
G1 X181.626 Y48.354 E443.3338
G1 X181.711 Y48.023 E443.34517
G1 X181.862 Y47.735 E443.35599
G1 X182.081 Y47.472 E443.36737
G1 X182.495 Y47.199 E443.38386
G1 X182.936 Y47.065 E443.39919
G1 X183.371 Y47.09 E443.41368
G1 X183.6 Y47.149 E443.42155
G1 X183.943 Y47.321 E443.43431
G1 X184.248 Y47.592 E443.44788
G1 X184.524 Y48.066 E443.46613
G1 X184.609 Y48.477 E443.48008
G1 X184.597 Y48.766 E443.48971
G1 X184.504 Y49.125 E443.50204
G1 X184.375 Y49.375 E443.5114
G1 X184.078 Y49.715 E443.52641
G1 X183.717 Y49.965 E443.54102
G1 X183.195 Y50.069 E443.55872
G1 X182.731 Y50.021 E443.57423
G1 X182.326 Y49.874 E443.58857
M204 S2000
G1 F2400 E442.78857
G0 F9000 X182.084 Y50.528
G0 X180.248 Y48.788
G0 X180.423 Y47.504
G0 X169.778 Y44.976
G0 X169.112 Y42.445
G0 X167.308 Y39.876
G0 X165.064 Y38.405
G0 X162.798 Y40.697
G0 X166.362 Y42.136
G0 X165.736 Y45.509
G0 X165.218 Y45.869
G0 X162.74 Y45.32
G0 X163.061 Y44.73
M204 S500
G1 F2400 E443.58857
G1 F1800 X162.636 Y44.351 E443.6075
G1 X162.428 Y44.024 E443.62039
G1 X162.319 Y43.683 E443.6323
G1 X162.299 Y43.203 E443.64828
G1 X162.407 Y42.815 E443.66168
G1 X162.537 Y42.568 E443.67096
G1 X162.822 Y42.243 E443.68534
G1 X163.28 Y41.979 E443.70292
G1 X163.708 Y41.89 E443.71746
G1 X164.179 Y41.945 E443.73323
G1 X164.591 Y42.095 E443.74781
G1 X164.996 Y42.5 E443.76686
G1 X165.154 Y42.763 E443.77707
G1 X165.278 Y43.198 E443.79211
G1 X165.284 Y43.53 E443.80316
G1 X165.189 Y43.936 E443.81703
G1 X164.981 Y44.306 E443.83114
G1 X164.807 Y44.496 E443.83971
G1 X164.424 Y44.753 E443.85505
G1 X163.973 Y44.897 E443.8708
G1 X163.542 Y44.874 E443.88515
G1 X163.061 Y44.73 E443.90185
M204 S2000
G1 F2400 E443.10185
G0 F9000 X162.74 Y45.32
G0 X161.254 Y42.112
G0 X158.443 Y44.666
G0 X159.859 Y46.522
G0 X156.154 Y52.061
G0 X156.154 Y52.443
M204 S500
G1 F2400 E443.90185
G1 F1800 X160.299 Y48.297 E444.09685
G1 X160.486 Y48.291 E444.10307
G1 X162.516 Y50.318 E444.19848
G1 X163.05 Y49.87 E444.22167
G1 X163.514 Y49.541 E444.24059
G1 X163.769 Y49.382 E444.25058
G1 X164.278 Y49.109 E444.26979
G1 X164.826 Y48.871 E444.28966
G1 X165.358 Y48.692 E444.30833
G1 X165.929 Y48.547 E444.32793
G1 X166.511 Y48.453 E444.34753
G1 X167.085 Y48.408 E444.36668
G1 X167.379 Y48.403 E444.37646
G1 X167.673 Y48.41 E444.38625
G1 X168.263 Y48.462 E444.40594
G1 X168.537 Y48.504 E444.41516
G1 X169.097 Y48.624 E444.43421
G1 X181.167 Y51.859 E444.84983
G1 X181.587 Y52.049 E444.86516
G1 X181.848 Y52.154 E444.87452
G1 X182.171 Y52.251 E444.88574
G1 X182.542 Y52.331 E444.89836
G1 X182.931 Y52.366 E444.91135
G1 X183.264 Y52.367 E444.92243
G1 X183.554 Y52.343 E444.93211
G1 X183.888 Y52.288 E444.94336
G1 X184.255 Y52.196 E444.95595
G1 X184.642 Y52.046 E444.96975
G1 X184.905 Y51.917 E444.9795
G1 X185.185 Y51.752 E444.99031
G1 X185.448 Y51.564 E445.00106
G1 X185.675 Y51.373 E445.01093
G1 X185.888 Y51.161 E445.02092
G1 X186.16 Y50.841 E445.03489
G1 X186.382 Y50.5 E445.04842
G1 X186.529 Y50.227 E445.05874
G1 X186.656 Y49.933 E445.06939
G1 X186.755 Y49.639 E445.07971
G1 X186.832 Y49.334 E445.09017
G1 X186.884 Y49.006 E445.10121
G1 X186.907 Y48.718 E445.11082
G1 X186.905 Y48.376 E445.1222
G1 X186.877 Y48.086 E445.13189
G1 X186.82 Y47.756 E445.14303
G1 X186.744 Y47.463 E445.15309
G1 X186.633 Y47.148 E445.1642
G1 X186.504 Y46.862 E445.17464
G1 X186.366 Y46.612 E445.18414
G1 X186.181 Y46.333 E445.19527
G1 X185.994 Y46.097 E445.20528
G1 X185.776 Y45.863 E445.21592
G1 X185.535 Y45.645 E445.22673
G1 X185.284 Y45.454 E445.23722
G1 X185.009 Y45.279 E445.24806
G1 X184.728 Y45.132 E445.25861
G1 X184.453 Y45.016 E445.26854
G1 X184.142 Y44.912 E445.27944
G1 X183.736 Y44.817 E445.29331
G1 X183.272 Y44.773 E445.30881
G1 X182.885 Y44.776 E445.32169
G1 X182.506 Y44.814 E445.33436
G1 X182.109 Y44.903 E445.34789
G1 X181.828 Y44.992 E445.35769
G1 X181.522 Y45.118 E445.3687
G1 X181.249 Y45.254 E445.37884
G1 X180.918 Y45.46 E445.39181
G1 X180.583 Y45.73 E445.40612
G1 X180.283 Y45.99 E445.41932
G1 X179.923 Y46.211 E445.43337
G1 X179.586 Y46.34 E445.44537
G1 X179.228 Y46.415 E445.45754
G1 X178.818 Y46.423 E445.47118
G1 X178.464 Y46.371 E445.48308
G1 X171.487 Y44.502 E445.72332
G1 X171.133 Y44.341 E445.73625
G1 X170.785 Y44.043 E445.75149
G1 X170.526 Y43.669 E445.76662
G1 X170.424 Y43.214 E445.78213
G1 X170.425 Y42.914 E445.79211
G1 X170.521 Y42.496 E445.80637
G1 X170.642 Y42.253 E445.8154
G1 X170.732 Y42.135 E445.82034
G1 X168.718 Y40.115 E445.91521
G1 X168.682 Y39.99 E445.91954
G1 X168.728 Y39.87 E445.92381
G1 X172.84 Y35.756 E446.11728
G1 X171.427 Y34.343 E446.18374
G1 X167.282 Y38.487 E446.37868
G1 X167.071 Y38.472 E446.38572
G1 X165.064 Y36.464 E446.48015
G1 X156.862 Y44.666 E446.86594
G1 X158.879 Y46.684 E446.96084
G1 X158.899 Y46.796 E446.96462
G1 X158.841 Y46.929 E446.96945
G1 X154.741 Y51.03 E447.16232
G1 X156.154 Y52.443 E447.22879
M204 S2000
G0 F9000 X156.154 Y52.061
G0 X160.396 Y47.878
G0 X161.095 Y48.568
G0 X162.79 Y48.467
G0 X162.652 Y48.247
M204 S500
;TYPE:SKIN
G1 F1800 X161.524 Y47.121 E447.2818
G1 X161.248 Y46.941 E447.29276
G1 X160.804 Y46.752 E447.30881
G1 X160.454 Y46.73 E447.32047
G1 X160.434 Y46.485 E447.32865
G1 X160.305 Y46.065 E447.34326
G1 X160.067 Y45.678 E447.35837
G1 X159.07 Y44.668 E447.40557
G1 X160.777 Y42.962 E447.48584
G1 X160.742 Y43.255 E447.49566
G1 X160.752 Y43.698 E447.5104
G1 X160.821 Y44.117 E447.52452
G1 X160.931 Y44.475 E447.53698
G1 X161.047 Y44.761 E447.54724
G1 X161.392 Y45.292 E447.5683
G1 X161.592 Y45.514 E447.57824
G1 X162.125 Y45.986 E447.60192
G1 X162.46 Y46.176 E447.61473
G1 X163.03 Y46.353 E447.63458
G1 X163.36 Y46.427 E447.64583
G1 X163.979 Y46.459 E447.66644
G1 X164.282 Y46.437 E447.67655
G1 X164.857 Y46.257 E447.69659
G1 X165.212 Y46.107 E447.70941
G1 X165.866 Y45.662 E447.73572
G1 X166.29 Y45.166 E447.75742
G1 X166.568 Y44.673 E447.77624
G1 X166.678 Y44.415 E447.78557
G1 X166.85 Y43.707 E447.80981
G1 X166.826 Y42.99 E447.83367
G1 X166.776 Y42.744 E447.84202
G1 X166.671 Y42.377 E447.85471
G1 X166.548 Y42.061 E447.86599
G1 X166.281 Y41.603 E447.88362
G1 X166.089 Y41.383 E447.89334
G1 X165.529 Y40.841 E447.91926
G1 X165.169 Y40.647 E447.93286
G1 X164.725 Y40.482 E447.94861
G1 X164.309 Y40.384 E447.96283
G1 X163.907 Y40.342 E447.97627
G1 X163.37 Y40.367 E447.99415
G1 X165.064 Y38.673 E448.07383
G1 X166.019 Y39.63 E448.1188
G1 X166.318 Y39.837 E448.13089
G1 X166.787 Y40.034 E448.14781
G1 X167.128 Y40.056 E448.15918
G1 X167.146 Y40.293 E448.16708
G1 X167.264 Y40.736 E448.18233
G1 X167.55 Y41.153 E448.19915
G1 X168.907 Y42.516 E448.26312
G1 X168.862 Y42.901 E448.27601
G1 X168.872 Y43.442 E448.29401
G1 X169.019 Y44.086 E448.31598
G1 X169.224 Y44.527 E448.33215
G1 X169.641 Y45.121 E448.35629
G1 X170.217 Y45.603 E448.38127
G1 X170.488 Y45.76 E448.39169
G1 X170.753 Y45.886 E448.40145
G1 X171.091 Y46.011 E448.41344
G1 X178.158 Y47.904 E448.65677
G1 X178.742 Y47.986 E448.67639
G1 X179.432 Y47.962 E448.69935
G1 X180.157 Y47.815 E448.72395
G1 X180.07 Y48.156 E448.73566
G1 X180.053 Y48.826 E448.75795
G1 X180.187 Y49.482 E448.78022
G1 X180.427 Y50.042 E448.80048
G1 X169.506 Y47.119 E449.1765
G1 X168.787 Y46.963 E449.20097
G1 X168.382 Y46.905 E449.21458
G1 X167.806 Y46.855 E449.23381
G1 X167.419 Y46.843 E449.24669
G1 X166.949 Y46.852 E449.26232
G1 X166.368 Y46.899 E449.28171
G1 X165.551 Y47.032 E449.30924
G1 X164.894 Y47.201 E449.33181
G1 X164.207 Y47.439 E449.35599
G1 X163.651 Y47.68 E449.37614
G1 X163.033 Y48.004 E449.39935
G1 X162.652 Y48.247 E449.41438
M204 S2000
G0 F9000 X162.791 Y48.467
G0 X160.746 Y47.007
G0 X160.833 Y46.565
M204 S500
G1 F1800 X160.593 Y46.325 E449.42567
M204 S2000
G0 F9000 X160.151 Y46.454
G0 X158.803 Y44.666
G0 X161.073 Y42.423
G0 X161.335 Y44.733
G0 X160.949 Y44.984
M204 S500
G1 F1800 X159.993 Y44.028 E449.47064
M204 S2000
G0 F9000 X159.71 Y44.31
M204 S500
G1 F1800 X163.127 Y47.727 E449.63136
M204 S2000
G0 F9000 X162.768 Y47.934
M204 S500
G1 F1800 X159.427 Y44.593 E449.78851
M204 S2000
G0 F9000 X159.102 Y44.267
G0 X159.951 Y43.419
G0 X160.276 Y43.745
M204 S500
G1 F1800 X160.595 Y44.064 E449.80352
M204 S2000
G0 F9000 X161.064 Y43.988
G0 X162.484 Y45.89
G0 X162.257 Y46.292
M204 S500
G1 F1800 X163.497 Y47.532 E449.86184
M204 S2000
G0 F9000 X163.888 Y47.357
M204 S500
G1 F1800 X163.106 Y46.575 E449.89863
M204 S2000
G0 F9000 X163.744 Y46.647
M204 S500
G1 F1800 X163.995 Y46.898 E449.91043
G1 X164.293 Y47.196 E449.92445
M204 S2000
G0 F9000 X164.712 Y47.05
M204 S500
G1 F1800 X164.299 Y46.636 E449.9439
M204 S2000
G0 F9000 X164.732 Y46.504
M204 S500
G1 F1800 X165.154 Y46.926 E449.96375
M204 S2000
G0 F9000 X165.614 Y46.82
M204 S500
G1 F1800 X165.147 Y46.353 E449.98572
M204 S2000
G0 F9000 X165.505 Y46.145
M204 S500
G1 F1800 X166.099 Y46.739 E450.01366
M204 S2000
G0 F9000 X166.604 Y46.678
M204 S500
G1 F1800 X165.843 Y45.918 E450.04943
M204 S2000
G0 F9000 X166.138 Y45.647
M204 S500
G1 F1800 X167.139 Y46.648 E450.09651
M204 S2000
G0 F9000 X167.708 Y46.651
M204 S500
G1 F1800 X166.403 Y45.346 E450.1579
M204 S2000
G0 F9000 X166.616 Y44.993
M204 S500
G1 F1800 X168.321 Y46.699 E450.23812
M204 S2000
G0 F9000 X168.99 Y46.802
M204 S500
G1 F1800 X166.805 Y44.617 E450.34089
M204 S2000
G0 F9000 X166.94 Y44.186
M204 S500
G1 F1800 X169.724 Y46.97 E450.47184
M204 S2000
G0 F9000 X170.496 Y47.177
M204 S500
G1 F1800 X167.049 Y43.729 E450.634
M204 S2000
G0 F9000 X167.032 Y43.147
M204 S500
G1 F1800 X171.269 Y47.383 E450.83327
M204 S2000
G0 F9000 X172.041 Y47.59
M204 S500
G1 F1800 X170.38 Y45.93 E450.91138
M204 S2000
G0 F9000 X171.288 Y46.271
M204 S500
G1 F1800 X172.814 Y47.797 E450.98316
M204 S2000
G0 F9000 X173.586 Y48.004
M204 S500
G1 F1800 X172.061 Y46.478 E451.05491
M204 S2000
G0 F9000 X172.833 Y46.686
M204 S500
G1 F1800 X174.358 Y48.21 E451.12662
M204 S2000
G0 F9000 X175.13 Y48.417
M204 S500
G1 F1800 X173.606 Y46.892 E451.19833
M204 S2000
G0 F9000 X174.378 Y47.099
M204 S500
G1 F1800 X175.902 Y48.623 E451.27001
M204 S2000
G0 F9000 X176.674 Y48.829
M204 S500
G1 F1800 X175.151 Y47.306 E451.34165
M204 S2000
G0 F9000 X175.923 Y47.513
M204 S500
G1 F1800 X177.447 Y49.036 E451.41331
M204 S2000
G0 F9000 X178.219 Y49.243
M204 S500
G1 F1800 X176.696 Y47.72 E451.48495
M204 S2000
G0 F9000 X177.469 Y47.927
M204 S500
G1 F1800 X178.992 Y49.45 E451.55659
M204 S2000
G0 F9000 X179.764 Y49.656
M204 S500
G1 F1800 X178.221 Y48.113 E451.62916
M204 S2000
G0 F9000 X178.853 Y48.18
M204 S500
G1 F1800 X179.937 Y49.264 E451.68015
M204 S2000
G0 F9000 X179.853 Y48.614
M204 S500
G1 F1800 X179.4 Y48.161 E451.70146
M204 S2000
G0 F9000 X179.38 Y47.707
G0 X171.253 Y45.099
G0 X169.44 Y44.38
G0 X169.025 Y44.574
M204 S500
G1 F1800 X166.898 Y42.447 E451.80151
M204 S2000
G0 F9000 X166.456 Y42.572
G0 X163.405 Y40.563
G0 X162.798 Y40.697
G0 X165.064 Y38.405
G0 X167.308 Y39.876
G0 X167.699 Y40.912
G0 X167.319 Y41.171
M204 S500
G1 F1800 X166.035 Y39.887 E451.8619
M204 S2000
G0 F9000 X166.295 Y39.506
G0 X165.064 Y38.405
G0 X162.798 Y40.697
G0 X164.626 Y40.723
G0 X164.728 Y40.277
M204 S500
G1 F1800 X164.299 Y39.849 E451.88206
G1 X164.299 Y39.848
G1 X164.234 Y39.783 E451.88511
M204 S2000
G0 F9000 X164.517 Y39.501
M204 S500
G1 F1800 X168.727 Y43.711 E452.08314
M204 S2000
G0 F9000 X168.664 Y43.082
M204 S500
G1 F1800 X164.8 Y39.218 E452.26489
M204 S2000
G0 F9000 X164.476 Y38.893
G0 X163.627 Y39.741
G0 X163.951 Y40.066
M204 S500
G1 F1800 X164.043 Y40.158 E452.26922
M204 S2000
G0 F9000 X163.966 Y40.91
G1 F2400 E451.46922
;MESH:part_3.stl
G0 F9000 X165.187 Y42.35
G0 X165.381 Y42.681
G0 X166.117 Y45.067
G0 X161.547 Y45.168
G0 X161.073 Y42.423
G0 X158.803 Y44.666
G0 X160.273 Y46.91
G0 X162.625 Y48.491
G0 X165.426 Y47.669
G0 X168.272 Y48.243
G0 X168.154 Y49.32
G0 X168.258 Y53.48
G0 X168.256 Y54.565
G0 X170.425 Y55.616
M204 S500
;TYPE:WALL-INNER
G1 F2400 E452.26922
G1 F1395.3 X170.717 Y55.6 E452.28177
G1 F1409 X171.089 Y55.613 E452.29758
M204 S2000
G0 F9000 X169.375 Y56.73
G0 X168.96 Y57.177
G0 X168.077 Y59.286
G0 X169.538 Y60.957
G0 X165.771 Y61.539
M204 S500
G1 F1800 X175.769 Y61.563 E452.63012
G1 X175.779 Y59.466 E452.69986
G1 X175.815 Y59.281 E452.70613
G1 X175.967 Y58.974 E452.71753
G1 X176.101 Y58.826 E452.72417
G1 X176.36 Y58.655 E452.73449
G1 X176.78 Y58.566 E452.74877
G1 F1804.5 X181.778 Y58.576 E452.91459
G1 X181.779 Y58.177 E452.92783
G1 X176.78 Y58.166 E453.09368
G1 F1800 X176.362 Y58.074 E453.10791
G1 X176.104 Y57.901 E453.11825
G1 X175.971 Y57.752 E453.12489
G1 X175.844 Y57.512 E453.13392
G1 X175.785 Y57.241 E453.14314
G1 X175.786 Y55.165 E453.21219
G1 X165.788 Y55.141 E453.54473
G1 X165.78 Y57.229 E453.61418
G1 X165.731 Y57.459 E453.622
G1 X165.59 Y57.729 E453.63213
G1 X165.457 Y57.877 E453.63875
G1 X165.197 Y58.048 E453.6491
G1 F1791 X164.867 Y58.136 E453.66051
G1 X159.78 Y58.126 E453.83055
G1 F1800 X159.779 Y58.525 E453.84382
G1 F1791 X164.865 Y58.538 E454.01383
G1 X165.196 Y58.627 E454.02529
G1 F1800 X165.454 Y58.8 E454.03562
G1 X165.655 Y59.06 E454.04655
G1 X165.773 Y59.451 E454.06013
G1 X165.771 Y61.539 E454.12958
M204 S2000
G0 F9000 X165.371 Y61.938
M204 S500
G1 F1800 X176.169 Y61.964 E454.48873
G1 X176.177 Y59.506 E454.57048
G1 X176.29 Y59.211 E454.58099
G1 X176.526 Y59.019 E454.59111
G1 X176.779 Y58.966 E454.5997
G1 X182.176 Y58.976 E454.77921
G1 X182.18 Y57.778 E454.81905
G1 X176.781 Y57.766 E454.99863
G1 X176.53 Y57.711 E455.00717
G1 X176.375 Y57.607 E455.01338
G1 X176.219 Y57.374 E455.02271
G1 X176.184 Y57.211 E455.02825
G1 X176.187 Y54.765 E455.10961
G1 X165.389 Y54.739 E455.46875
G1 X165.381 Y57.193 E455.55037
G1 X165.352 Y57.331 E455.55506
G1 X165.188 Y57.581 E455.56501
G1 X165.032 Y57.684 E455.57122
G1 X164.833 Y57.736 E455.57806
G1 X159.381 Y57.725 E455.7594
G1 X159.377 Y58.924 E455.79928
G1 X164.829 Y58.938 E455.98061
G1 X165.028 Y58.991 E455.98746
G1 X165.183 Y59.095 E455.99367
G1 X165.31 Y59.264 E456.0007
G1 X165.374 Y59.485 E456.00835
G1 X165.371 Y61.938 E456.08994
M204 S2000
G0 F9000 X165.642 Y61.67
G0 X166.172 Y61.14
M204 S500
G1 F1782.2 X170.124 Y61.145 E456.2227
G1 F1568.6 X170.493 Y61.096 E456.23691
G1 F1582.4 X169.838 Y60.879 E456.26301
G1 F1800 X169.558 Y60.756 E456.27318
G1 X169.208 Y60.557 E456.28658
G1 X168.885 Y60.271 E456.30092
G1 X168.651 Y60.007 E456.31266
G1 X168.458 Y59.729 E456.32391
G1 X168.327 Y59.481 E456.33324
G1 X168.23 Y59.241 E456.34185
G1 X168.105 Y58.742 E456.35896
G1 X168.074 Y58.242 E456.37562
G1 X168.151 Y57.743 E456.39242
G1 X168.215 Y57.498 E456.40084
G1 X168.383 Y57.095 E456.41536
G1 X168.652 Y56.681 E456.43178
G1 X168.907 Y56.409 E456.44418
G1 X169.126 Y56.219 E456.45383
G1 X169.442 Y55.998 E456.46665
G1 X169.969 Y55.772 E456.48572
G1 F1551.7 X170.425 Y55.616 E456.50432
G1 X169.947 Y55.551 E456.52293
G1 F1800 X166.188 Y55.542 E456.64796
G1 X166.178 Y57.266 E456.7053
G1 X166.11 Y57.588 E456.71624
G1 X165.913 Y57.965 E456.73039
G1 X165.726 Y58.173 E456.73969
G1 X165.474 Y58.339 E456.74973
G1 X165.725 Y58.506 E456.75976
G1 X165.975 Y58.79 E456.77234
G1 X166.126 Y59.164 E456.78576
G1 X166.175 Y59.495 E456.79689
G1 X166.172 Y61.14 E456.8516
M204 S2000
G0 F9000 X169.538 Y60.957
G0 X170.098 Y60.556
M204 S500
G1 F1800 X169.72 Y60.39 E456.86533
G1 X169.273 Y60.105 E456.88296
G1 X168.87 Y59.652 E456.90313
G1 X168.636 Y59.207 E456.91985
G1 X168.5 Y58.699 E456.93734
G1 X168.474 Y58.259 E456.952
G1 X168.571 Y57.684 E456.9714
G1 X168.752 Y57.25 E456.98704
G1 X168.944 Y56.955 E456.99874
G1 X169.269 Y56.607 E457.01458
G1 X169.671 Y56.326 E457.03089
G1 X170.047 Y56.165 E457.0445
G1 X170.635 Y56.048 E457.06444
G1 X171.179 Y56.077 E457.08256
G1 X171.662 Y56.232 E457.09943
G1 X171.894 Y56.341 E457.10795
G1 X172.214 Y56.545 E457.12058
G1 X172.607 Y56.943 E457.13918
G1 X172.849 Y57.345 E457.15479
G1 X173.053 Y57.935 E457.17555
G1 X173.08 Y58.535 E457.19553
G1 X173.004 Y58.944 E457.20936
G1 X172.798 Y59.471 E457.22818
G1 X172.501 Y59.869 E457.2447
G1 X172.298 Y60.073 E457.25427
G1 X171.895 Y60.375 E457.27102
G1 X171.388 Y60.564 E457.28902
G1 X170.766 Y60.685 E457.31009
G1 X170.098 Y60.556 E457.33272
M204 S2000
G0 F9000 X170.216 Y60.172
M204 S500
G1 F1800 X169.825 Y59.999 E457.34694
G1 X169.527 Y59.788 E457.35909
G1 X169.203 Y59.424 E457.37529
G1 X169.01 Y59.061 E457.38897
G1 X168.896 Y58.62 E457.40412
G1 X168.876 Y58.249 E457.41648
G1 X168.952 Y57.82 E457.43097
G1 X169.158 Y57.311 E457.44923
G1 X169.533 Y56.912 E457.46744
G1 X169.901 Y56.654 E457.48239
G1 X170.126 Y56.557 E457.49054
G1 X170.675 Y56.447 E457.50916
G1 X171.102 Y56.474 E457.52339
G1 X171.613 Y56.636 E457.54122
G1 X171.962 Y56.858 E457.55498
G1 X172.289 Y57.189 E457.57045
G1 X172.485 Y57.513 E457.58305
G1 X172.65 Y58.009 E457.60043
G1 X172.679 Y58.505 E457.61696
G1 X172.618 Y58.836 E457.62815
G1 X172.448 Y59.271 E457.64369
G1 X172.129 Y59.7 E457.66147
G1 X171.705 Y60.018 E457.6791
G1 X171.312 Y60.172 E457.69314
G1 X170.867 Y60.258 E457.70821
G1 X170.652 Y60.256 E457.71536
G1 X170.216 Y60.172 E457.73013
M204 S2000
G0 F9000 X170.493 Y61.096
M204 S500
G1 F1442.9 X170.761 Y61.11 E457.74126
G1 F1440 X171.043 Y61.096 E457.753
G1 F1578.9 X171.483 Y61.153 E457.76983
G1 F1800 X175.37 Y61.162 E457.89911
G1 X175.381 Y59.426 E457.95685
G1 X175.432 Y59.167 E457.96563
G1 X175.584 Y58.804 E457.97872
G1 X175.831 Y58.53 E457.99099
G1 X176.085 Y58.363 E458.0011
G1 X175.832 Y58.195 E458.0112
G1 X175.647 Y57.986 E458.02048
G1 X175.468 Y57.65 E458.03315
G1 X175.386 Y57.27 E458.04608
G1 X175.385 Y55.564 E458.10282
G1 F1777.8 X171.453 Y55.559 E458.23523
G1 F1551.7 X171.089 Y55.613 E458.24943
G1 F1568.6 X171.784 Y55.851 E458.27747
G1 F1800 X172.109 Y56.003 E458.2894
G1 X172.335 Y56.147 E458.29831
G1 X172.579 Y56.345 E458.30876
G1 X172.808 Y56.577 E458.31961
G1 X172.997 Y56.815 E458.32971
G1 X173.232 Y57.211 E458.34503
G1 X173.429 Y57.804 E458.36581
G1 X173.459 Y58.055 E458.37422
G1 X173.48 Y58.506 E458.38924
G1 X173.401 Y59.045 E458.40736
G1 X173.196 Y59.552 E458.42554
G1 X173.042 Y59.812 E458.4356
G1 X172.822 Y60.108 E458.44786
G1 X172.538 Y60.393 E458.46124
G1 X172.247 Y60.611 E458.47334
G1 X171.879 Y60.826 E458.48751
G1 F1578.9 X171.043 Y61.096 E458.52082
M204 S2000
G0 F9000 X170.041 Y60.42
G0 X170.322 Y59.781
M204 S500
;TYPE:WALL-OUTER
G1 F1800 X170.008 Y59.638 E458.5323
G1 X169.782 Y59.473 E458.54161
G1 X169.52 Y59.169 E458.55495
G1 X169.378 Y58.89 E458.56537
G1 X169.291 Y58.554 E458.57691
G1 X169.279 Y58.276 E458.58617
G1 X169.338 Y57.924 E458.59804
G1 X169.502 Y57.529 E458.61226
G1 X169.814 Y57.203 E458.62727
G1 X170.166 Y56.957 E458.64155
G1 X170.679 Y56.854 E458.65896
G1 X171.059 Y56.879 E458.67162
G1 X171.418 Y56.994 E458.68416
G1 X171.725 Y57.188 E458.69624
G1 X171.981 Y57.454 E458.70852
G1 X172.122 Y57.681 E458.71741
G1 X172.258 Y58.097 E458.73196
G1 X172.275 Y58.479 E458.74468
G1 X172.237 Y58.709 E458.75243
G1 X172.102 Y59.058 E458.76488
G1 X171.842 Y59.416 E458.7796
G1 X171.488 Y59.674 E458.79417
G1 X171.236 Y59.779 E458.80325
G1 X170.765 Y59.871 E458.81921
G1 X170.322 Y59.781 E458.83424
M204 S2000
G1 F2400 E458.03424
G0 F9000 X170.041 Y60.42
G0 X169.887 Y61.046
G0 X165.241 Y62.069
G0 X164.97 Y62.337
M204 S500
G1 F2400 E458.83424
G1 F1800 X176.568 Y62.365 E459.21999
G1 X176.578 Y59.488 E459.31568
G1 X176.711 Y59.366 E459.32169
G1 X182.575 Y59.378 E459.51673
G1 X182.582 Y57.379 E459.58321
G1 X176.72 Y57.366 E459.77818
G1 X176.62 Y57.284 E459.78249
G1 X176.583 Y57.181 E459.78613
G1 X176.588 Y54.366 E459.87975
G1 X164.989 Y54.338 E460.26554
G1 X164.983 Y57.156 E460.35927
G1 X164.945 Y57.256 E460.36282
G1 X164.845 Y57.337 E460.3671
G1 X158.983 Y57.324 E460.56207
G1 X158.976 Y59.323 E460.62856
G1 X164.793 Y59.337 E460.82204
G1 X164.911 Y59.389 E460.82633
G1 X164.973 Y59.504 E460.83067
G1 X164.97 Y62.337 E460.9249
M204 S2000
G0 F9000 X165.241 Y62.069
G0 X166.533 Y61.04
G0 X166.534 Y60.779
M204 S500
;TYPE:SKIN
G1 F1800 X166.532 Y59.386 E460.97123
G1 X166.465 Y59.04 E460.98295
G1 X166.29 Y58.602 E460.99864
G1 X166.059 Y58.342 E461.01021
G1 X166.275 Y58.101 E461.02097
G1 X166.453 Y57.7 E461.03556
G1 X166.539 Y57.282 E461.04976
G1 X166.547 Y55.903 E461.09562
G1 X168.939 Y55.91 E461.17518
G1 X168.635 Y56.169 E461.18846
G1 X168.396 Y56.426 E461.20014
G1 X168.064 Y56.93 E461.22021
G1 X167.87 Y57.392 E461.23688
G1 X167.797 Y57.668 E461.24637
G1 X167.714 Y58.206 E461.26448
G1 X167.751 Y58.813 E461.2847
G1 X167.886 Y59.343 E461.30289
G1 X167.995 Y59.621 E461.31283
G1 X168.135 Y59.89 E461.32291
G1 X168.369 Y60.23 E461.33664
G1 X168.629 Y60.524 E461.34969
G1 X168.924 Y60.786 E461.36282
G1 X166.534 Y60.779 E461.44231
M204 S2000
G0 F9000 X166.734 Y60.385
M204 S500
G1 F1800 X166.928 Y60.579 E461.45143
M204 S2000
G0 F9000 X167.495 Y60.581
M204 S500
G1 F1800 X166.732 Y59.817 E461.48735
M204 S2000
G0 F9000 X166.701 Y59.221
M204 S500
G1 F1800 X168.063 Y60.583 E461.55141
M204 S2000
G0 F9000 X167.881 Y59.835
M204 S500
G1 F1800 X166.404 Y58.358 E461.62088
M204 S2000
G0 F9000 X166.56 Y57.948
M204 S500
G1 F1800 X167.585 Y58.973 E461.6691
M204 S2000
G0 F9000 X167.517 Y58.339
M204 S500
G1 F1800 X166.695 Y57.518 E461.70774
M204 S2000
G0 F9000 X166.739 Y56.996
M204 S500
G1 F1800 X167.568 Y57.825 E461.74673
M204 S2000
G0 F9000 X167.673 Y57.364
M204 S500
G1 F1800 X166.743 Y56.434 E461.79048
M204 S2000
G0 F9000 X166.979 Y56.104
M204 S500
G1 F1800 X167.835 Y56.96 E461.83074
M204 S2000
G0 F9000 X168.038 Y56.598
M204 S500
G1 F1800 X167.546 Y56.106 E461.85388
M204 S2000
G0 F9000 X168.113 Y56.108
M204 S500
G1 F1800 X168.274 Y56.268 E461.86143
M204 S2000
G0 F9000 X168.608 Y56.581
G0 X168.655 Y58.656
G0 X168.787 Y59.147
G0 X169.003 Y59.554
G0 X169.37 Y59.968
G0 X169.711 Y60.209
G0 X170.152 Y60.403
G0 X172.011 Y60.965
G0 X172.6 Y61.056
G0 X172.601 Y60.796
M204 S500
G1 F1800 X172.778 Y60.661 E461.86884
G1 X173.109 Y60.327 E461.88448
G1 X173.336 Y60.021 E461.89715
G1 X173.522 Y59.704 E461.90937
G1 X173.74 Y59.169 E461.92859
G1 X173.84 Y58.531 E461.95007
G1 X173.805 Y57.785 E461.97491
G1 X173.545 Y57.041 E462.00112
G1 X173.306 Y56.628 E462.01699
G1 X173.069 Y56.328 E462.02971
G1 X172.834 Y56.09 E462.04083
G1 X172.622 Y55.918 E462.04991
G1 X175.025 Y55.924 E462.12983
G1 X175.03 Y57.328 E462.17653
G1 X175.126 Y57.77 E462.19158
G1 X175.368 Y58.214 E462.20839
G1 X175.501 Y58.361 E462.21499
G1 X175.275 Y58.612 E462.22622
G1 X175.093 Y59.044 E462.24181
G1 X175.022 Y59.39 E462.25356
G1 X175.012 Y60.801 E462.30049
G1 X172.601 Y60.796 E462.38068
M204 S2000
G0 F9000 X173.418 Y60.281
M204 S500
G1 F1800 X173.734 Y60.597 E462.39555
M204 S2000
G0 F9000 X174.301 Y60.599
M204 S500
G1 F1800 X173.625 Y59.923 E462.42734
M204 S2000
G0 F9000 X173.805 Y59.536
M204 S500
G1 F1800 X174.813 Y60.544 E462.47476
M204 S2000
G0 F9000 X174.818 Y59.983
M204 S500
G1 F1800 X173.953 Y59.119 E462.51542
M204 S2000
G0 F9000 X174.028 Y58.628
M204 S500
G1 F1800 X174.822 Y59.422 E462.55277
M204 S2000
G0 F9000 X174.915 Y58.95
M204 S500
G1 F1800 X174.018 Y58.052 E462.59498
M204 S2000
G0 F9000 X173.854 Y57.323
M204 S500
G1 F1800 X175.083 Y58.552 E462.65279
M204 S2000
G0 F9000 X174.937 Y57.84
M204 S500
G1 F1800 X173.528 Y56.432 E462.71904
G1 X173.528 Y56.431
G1 X173.216 Y56.119 E462.73372
M204 S2000
G0 F9000 X173.784 Y56.121
M204 S500
G1 F1800 X174.825 Y57.162 E462.78268
M204 S2000
G0 F9000 X174.824 Y56.596
M204 S500
G1 F1800 X174.35 Y56.122 E462.80498
M204 S2000
G0 F9000 X174.351 Y55.362
G1 F2400 E462.00498
;MESH:part_1.stl
G0 F9000 X176.373 Y54.578
G0 X176.375 Y53.498
G0 X183.673 Y53.2
G0 X184.522 Y53.021
G0 X185.655 Y52.478
G0 X186.534 Y51.738
G0 X187.125 Y50.943
G0 X187.587 Y49.879
G0 X187.771 Y48.736
G0 X187.668 Y47.578
G0 X187.285 Y46.489
G0 X186.65 Y45.531
G0 X180.181 Y39.546
G0 X180.295 Y38.268
M204 S500
;TYPE:WALL-INNER
G1 F2400 E462.80498
G1 F1860.5 X180.423 Y38.307 E462.80928
G1 F1734.9 X180.725 Y38.351 E462.81982
G1 F1651.4 X180.979 Y38.37 E462.82905
G1 F1610.7 X181.137 Y38.359 E462.83494
M204 S2000
G0 F9000 X183.531 Y37.587
M204 S500
G1 F1800 X195.109 Y37.591 E463.22002
G1 X194.92 Y37.221 E463.23384
G1 X194.813 Y36.933 E463.24406
G1 X194.74 Y36.647 E463.25388
G1 X194.651 Y36.022 E463.27487
G1 X194.676 Y35.701 E463.28558
G1 X194.749 Y35.293 E463.29937
G1 X194.831 Y35.009 E463.3092
G1 X195.083 Y34.394 E463.33131
G1 X183.531 Y34.395 E463.71553
G1 X183.649 Y34.6 E463.72339
G1 X183.83 Y35.052 E463.73959
G1 X183.925 Y35.447 E463.7531
G1 X183.972 Y36.044 E463.77302
G1 X183.917 Y36.53 E463.78929
G1 X183.863 Y36.788 E463.79805
G1 X183.773 Y37.075 E463.80806
G1 X183.678 Y37.307 E463.8164
G1 X183.531 Y37.587 E463.82691
M204 S2000
G0 F9000 X182.712 Y37.987
M204 S500
G1 F1800 X195.91 Y37.991 E464.26588
G1 X195.554 Y37.565 E464.28435
G1 X195.327 Y37.166 E464.29961
G1 X195.151 Y36.695 E464.31634
G1 X195.042 Y35.929 E464.34207
G1 X195.162 Y35.26 E464.36468
G1 X195.417 Y34.635 E464.38713
G1 X195.658 Y34.29 E464.40113
G1 X195.943 Y33.993 E464.41482
G1 X182.701 Y33.995 E464.85525
G1 X182.898 Y34.196 E464.86461
G1 X183.141 Y34.512 E464.87787
G1 X183.278 Y34.75 E464.887
G1 X183.459 Y35.201 E464.90316
G1 X183.527 Y35.483 E464.91281
G1 X183.568 Y35.992 E464.9298
G1 X183.511 Y36.574 E464.94925
G1 X183.363 Y37.043 E464.9656
G1 X183.145 Y37.462 E464.98131
G1 X182.998 Y37.673 E464.98987
G1 X182.712 Y37.987 E465.00399
M204 S2000
G0 F9000 X181.137 Y38.359
M204 S500
G1 F1682.2 X181.586 Y38.387 E465.02
G1 F1800 X196.928 Y38.391 E465.53028
G1 F1603.6 X197.347 Y38.343 E465.54603
G1 X196.788 Y38.115 E465.56856
G1 F1800 X196.254 Y37.778 E465.58957
G1 X195.885 Y37.337 E465.60869
G1 X195.712 Y37.033 E465.62033
G1 X195.54 Y36.594 E465.63601
G1 X195.45 Y35.92 E465.65862
G1 X195.549 Y35.369 E465.67724
G1 X195.77 Y34.827 E465.69671
G1 X196.019 Y34.473 E465.71111
G1 X196.384 Y34.124 E465.7279
G1 F1722.5 X196.881 Y33.822 E465.74812
G1 F1582.4 X197.478 Y33.629 E465.77185
G1 F1647.6 X196.976 Y33.593 E465.79014
G1 F1800 X181.613 Y33.596 E466.30112
G1 F1643.8 X181.185 Y33.634 E466.31677
G1 F1575.5 X181.723 Y33.805 E466.33822
G1 F1718.4 X182.248 Y34.122 E466.35958
G1 F1800 X182.551 Y34.401 E466.37328
G1 X182.877 Y34.823 E466.39102
G1 X183.121 Y35.435 E466.41293
G1 X183.168 Y35.992 E466.43152
G1 X183.116 Y36.497 E466.44841
G1 X182.991 Y36.893 E466.46222
G1 X182.755 Y37.345 E466.47918
G1 X182.355 Y37.785 E466.49896
G1 X182.188 Y37.914 E466.50598
G1 X181.69 Y38.171 E466.52462
G1 F1682.2 X181.137 Y38.359 E466.5454
M204 S2000
G0 F9000 X179.929 Y38.013
G0 X179.362 Y37.653
G0 X178.832 Y36.918
G0 X178.699 Y36.552
G0 X178.611 Y35.943
G0 X178.703 Y35.415
G0 X178.914 Y34.904
G0 X179.142 Y34.579
G0 X179.335 Y34.395
G0 X180.259 Y33.729
M204 S500
G1 F1822.8 X180.443 Y33.671 E466.55174
G1 F1655.2 X180.871 Y33.626 E466.56731
G1 F1531.9 X181.185 Y33.634 E466.57958
M204 S2000
G0 F9000 X197.478 Y33.629
M204 S500
G1 F1535.2 X197.602 Y33.625 E466.58442
G1 F1651.4 X198.07 Y33.653 E466.60142
G1 F1795.5 X198.297 Y33.7 E466.60915
M204 S2000
G0 F9000 X199.147 Y34.25
G0 X199.732 Y34.904
G0 X199.962 Y35.47
G0 X200.009 Y35.996
G0 X199.958 Y36.461
G0 X199.622 Y37.253
G0 X199.266 Y37.641
G0 X198.523 Y38.211
M204 S500
G1 F1945.9 X198.068 Y38.349 E466.62377
G1 F1747.6 X197.769 Y38.359 E466.63402
G1 F1525.4 X197.347 Y38.343 E466.6506
M204 S2000
G0 F9000 X197.028 Y37.793
M204 S500
;TYPE:WALL-OUTER
G1 F1800 X196.521 Y37.473 E466.67054
G1 X196.228 Y37.124 E466.68569
G1 X196.046 Y36.805 E466.69791
G1 X195.928 Y36.475 E466.70957
G1 X195.855 Y35.951 E466.72716
G1 X195.942 Y35.464 E466.74362
G1 X196.115 Y35.041 E466.75882
G1 X196.339 Y34.72 E466.77184
G1 X196.647 Y34.432 E466.78586
G1 X197.065 Y34.179 E466.80211
G1 X197.553 Y34.059 E466.81883
G1 X198.054 Y34.057 E466.83549
G1 X198.212 Y34.087 E466.84084
G1 F1490.7 X198.57 Y34.088 E466.85522
G1 F1299.6 X199.053 Y34.39 E466.88146
G1 F1335.8 X199.287 Y34.61 E466.89585
G1 F1384.6 X199.572 Y35 E466.91674
G1 F1437.1 X199.769 Y35.505 E466.93932
G1 F1440 X199.819 Y35.98 E466.95918
G1 F1437.1 X199.772 Y36.419 E466.97757
G1 F1431.4 X199.67 Y36.76 E466.99245
G1 F1403.5 X199.461 Y37.17 E467.01209
G1 F1345.8 X199.073 Y37.599 E467.03782
G1 F1290.3 X198.752 Y37.783 E467.05498
G1 F1487.6 X198.431 Y37.84 E467.0681
G1 F1800 X197.99 Y37.952 E467.08324
G1 X197.462 Y37.909 E467.10086
G1 X197.028 Y37.793 E467.1158
M204 S2000
G1 F2400 E466.3158
G0 F9000 X196.441 Y38.164
G0 X180.197 Y38.331
G0 X180.101 Y38.613
M204 S500
G1 F2400 E467.1158
G1 F1632.7 X180.34 Y38.695 E467.12506
G1 F1800 X180.774 Y38.787 E467.13982
G1 X197.713 Y38.792 E467.70321
G1 X198.196 Y38.728 E467.71942
G1 X198.671 Y38.568 E467.73609
G1 F1548.4 X199.483 Y37.955 E467.77543
G1 F1361.1 X199.811 Y37.568 E467.79774
G1 F1376.7 X200 Y37.256 E467.81361
G1 F1406.2 X200.146 Y36.935 E467.82862
G1 F1422.9 X200.241 Y36.627 E467.84218
G1 F1428.6 X200.286 Y36.381 E467.85266
G1 F1431.4 X200.323 Y35.967 E467.87004
G1 X200.294 Y35.657 E467.88307
G1 F1440 X200.247 Y35.368 E467.89524
G1 X200.104 Y34.917 E467.91491
G1 F1403.5 X199.874 Y34.518 E467.93456
G1 F1358.5 X199.664 Y34.229 E467.9503
G1 F1335.8 X199.418 Y33.987 E467.96576
G1 F1304.3 X199.121 Y33.761 E467.98289
G1 F1276.6 X198.806 Y33.576 E468.00003
G1 F1368.8 X198.446 Y33.327 E468.01917
G1 F1625.3 X197.976 Y33.223 E468.0369
G1 F1800 X197.62 Y33.193 E468.04878
G1 X180.835 Y33.195 E468.60706
G1 X180.334 Y33.281 E468.62396
G1 X180.118 Y33.365 E468.63167
G1 F1535.2 X179.789 Y33.573 E468.64685
G1 F1306.7 X179.733 Y33.625 E468.65035
G1 F1281.1 X179.407 Y33.83 E468.66835
G1 F1306.7 X179.127 Y34.077 E468.68545
G1 F1350.8 X178.825 Y34.422 E468.70577
G1 F1392.6 X178.585 Y34.81 E468.72539
G1 F1417.3 X178.423 Y35.254 E468.74535
G1 F1420.1 X178.356 Y35.533 E468.75745
G1 F1440 X178.315 Y35.937 E468.77433
G1 F1442.9 X178.331 Y36.23 E468.78651
G1 F1425.7 X178.387 Y36.626 E468.8033
G1 F1420.1 X178.532 Y37.04 E468.82179
G1 F1400.8 X178.642 Y37.267 E468.83257
G1 F1376.7 X178.835 Y37.574 E468.84834
G1 F1358.5 X179.148 Y37.937 E468.86947
G1 F1326 X179.372 Y38.123 E468.88261
G1 F1292.6 X179.618 Y38.292 E468.89643
G1 F1278.9 X179.775 Y38.381 E468.90488
G1 F1376.7 X180.101 Y38.613 E468.92228
M204 S2000
G0 F9000 X180.012 Y37.873
M204 S500
G1 F1295 X179.516 Y37.56 E468.9494
G1 F1333.3 X179.183 Y37.171 E468.97239
G1 F1382 X179.002 Y36.843 E468.98862
G1 F1422.9 X178.881 Y36.501 E469.00388
G1 F1442.9 X178.802 Y35.969 E469.0262
G1 F1437.1 X178.882 Y35.48 E469.04684
G1 F1414.5 X179.068 Y35.007 E469.06835
G1 F1384.6 X179.295 Y34.674 E469.08578
G1 F1340.8 X179.609 Y34.37 E469.10529
G1 F1297.3 X180.014 Y34.116 E469.12735
G1 F1493.8 X180.352 Y34.109 E469.1409
G1 F1800 X180.553 Y34.059 E469.14779
G1 X181.09 Y34.061 E469.16565
G1 X181.541 Y34.161 E469.18102
G1 X182.018 Y34.455 E469.19966
G1 X182.265 Y34.685 E469.21088
G1 X182.524 Y35.021 E469.22499
G1 X182.728 Y35.528 E469.24317
G1 X182.768 Y35.974 E469.25806
G1 X182.717 Y36.432 E469.27339
G1 X182.614 Y36.751 E469.28454
G1 X182.436 Y37.092 E469.29733
G1 X182.034 Y37.543 E469.31743
G1 X181.464 Y37.832 E469.33868
G1 X181.014 Y37.949 E469.35415
G1 X180.483 Y37.913 E469.37185
G1 X180.394 Y37.892 E469.37489
G1 F1493.8 X180.012 Y37.873 E469.39022
M204 S2000
G0 F9000 X179.955 Y38.082
G0 X181.017 Y38.193
G0 X181.333 Y38.112
G0 X183.86 Y37.125
G0 X184.1 Y37.226
M204 S500
;TYPE:SKIN
G1 F1800 X184.209 Y36.891 E469.40194
G1 X184.272 Y36.592 E469.4121
G1 X184.332 Y36.036 E469.4307
G1 X184.283 Y35.414 E469.45145
G1 X184.173 Y34.939 E469.46767
G1 X184.102 Y34.756 E469.4742
G1 X194.531 Y34.754 E469.82107
G1 X194.392 Y35.233 E469.83765
G1 X194.321 Y35.634 E469.8512
G1 X194.291 Y36.057 E469.8653
G1 X194.382 Y36.695 E469.88674
G1 X194.519 Y37.229 E469.90507
G1 X184.1 Y37.226 E470.25161
M204 S2000
G0 F9000 X184.449 Y36.805
M204 S500
G1 F1800 X184.67 Y37.026 E470.26201
M204 S2000
G0 F9000 X185.235 Y37.026
M204 S500
G1 F1800 X184.503 Y36.293 E470.29646
M204 S2000
G0 F9000 X184.508 Y35.733
M204 S500
G1 F1800 X185.801 Y37.026 E470.35728
M204 S2000
G0 F9000 X186.367 Y37.026
M204 S500
G1 F1800 X184.462 Y35.121 E470.44689
M204 S2000
G0 F9000 X184.861 Y34.955
M204 S500
G1 F1800 X186.932 Y37.026 E470.5443
M204 S2000
G0 F9000 X187.499 Y37.026
M204 S500
G1 F1800 X185.427 Y34.955 E470.64174
M204 S2000
G0 F9000 X185.993 Y34.955
M204 S500
G1 F1800 X188.064 Y37.026 E470.73915
M204 S2000
G0 F9000 X188.63 Y37.026
M204 S500
G1 F1800 X186.558 Y34.955 E470.83659
M204 S2000
G0 F9000 X187.124 Y34.955
M204 S500
G1 F1800 X189.196 Y37.026 E470.93402
M204 S2000
G0 F9000 X189.762 Y37.026
M204 S500
G1 F1800 X187.69 Y34.955 E471.03146
M204 S2000
G0 F9000 X188.255 Y34.955
M204 S500
G1 F1800 X190.329 Y37.028 E471.12899
M204 S2000
G0 F9000 X190.894 Y37.028
M204 S500
G1 F1800 X188.821 Y34.955 E471.2265
M204 S2000
G0 F9000 X189.386 Y34.954
M204 S500
G1 F1800 X191.461 Y37.029 E471.3241
M204 S2000
G0 F9000 X192.026 Y37.029
M204 S500
G1 F1800 X189.952 Y34.954 E471.42168
M204 S2000
G0 F9000 X190.517 Y34.954
M204 S500
G1 F1800 X192.592 Y37.029 E471.51928
M204 S2000
G0 F9000 X193.158 Y37.029
M204 S500
G1 F1800 X191.083 Y34.954 E471.61688
M204 S2000
G0 F9000 X191.649 Y34.954
M204 S500
G1 F1800 X193.724 Y37.029 E471.71448
M204 S2000
G0 F9000 X194.216 Y36.956
M204 S500
G1 F1800 X192.214 Y34.954 E471.80865
M204 S2000
G0 F9000 X192.78 Y34.954
M204 S500
G1 F1800 X194.122 Y36.296 E471.87178
M204 S2000
G0 F9000 X194.114 Y35.722
M204 S500
G1 F1800 X193.346 Y34.954 E471.9079
M204 S2000
G0 F9000 X193.912 Y34.954
M204 S500
G1 F1800 X194.187 Y35.23 E471.92086
M204 S2000
G0 F9000 X194.939 Y35.365
G1 F2400 E471.12086
;MESH:NONMESH
G0 F300 X194.939 Y35.365 Z2
G0 F9000 X194.818 Y34.572
G0 X180.536 Y33.818
G0 X180.08 Y33.93
G0 X178.955 Y34.512
G0 X178.026 Y33.952
G0 X171.427 Y33.135
G0 X162.753 Y33.454
G0 X162.124 Y32.571
G0 X158.202 Y32.615
G0 X158.287 Y32.329
;TIME_ELAPSED:842.691551
;LAYER:9
M204 S500
;TYPE:WALL-INNER
;MESH:part_2.stl
G1 F2400 E471.92086
G1 F1800 X158.015 Y32.248 E471.9303
G1 X157.656 Y32.107 E471.94313
G1 X157.394 Y31.979 E471.95283
G1 X157.093 Y31.802 E471.96444
G1 X156.787 Y31.582 E471.97697
G1 X156.545 Y31.376 E471.98754
G1 X156.315 Y31.15 E471.99827
G1 X156.056 Y30.842 E472.01165
G1 X155.872 Y30.584 E472.02219
G1 X155.638 Y30.192 E472.03738
G1 X155.444 Y29.729 E472.05407
G1 X155.324 Y29.334 E472.06781
G1 X155.235 Y28.881 E472.08316
G1 X155.197 Y28.463 E472.09712
G1 X155.215 Y27.919 E472.11522
G1 X155.25 Y27.648 E472.12431
G1 X155.336 Y27.248 E472.13792
G1 X155.429 Y26.945 E472.14846
G1 X155.622 Y26.486 E472.16502
G1 X155.796 Y26.167 E472.17711
G1 X155.97 Y25.904 E472.1876
G1 X156.189 Y25.622 E472.19947
G1 X156.592 Y25.206 E472.21874
G1 X156.948 Y24.929 E472.23374
G1 X157.224 Y24.749 E472.2447
G1 X157.662 Y24.522 E472.26111
G1 X157.978 Y24.395 E472.27243
G1 X158.346 Y24.288 E472.28518
G1 X158.816 Y24.198 E472.3011
G1 X159.118 Y24.171 E472.31118
G1 X159.554 Y24.17 E472.32568
G1 X159.892 Y24.197 E472.33696
G1 X160.225 Y24.256 E472.34821
G1 X160.533 Y24.336 E472.35879
G1 X160.887 Y24.459 E472.37126
G1 X161.187 Y24.589 E472.38213
G1 X161.634 Y24.851 E472.39937
G1 X161.913 Y25.049 E472.41074
G1 X162.184 Y25.284 E472.42267
G1 X162.389 Y25.488 E472.43229
G1 X162.63 Y25.773 E472.44471
G1 X162.809 Y26.025 E472.45499
G1 X162.993 Y26.33 E472.46684
G1 X163.247 Y26.879 E472.48696
G1 X163.418 Y27.441 E472.50649
G1 X163.482 Y27.944 E472.52336
G1 X163.5 Y28.256 E472.53375
G1 X163.485 Y28.673 E472.54763
G1 X163.444 Y29 E472.55859
G1 X163.362 Y29.377 E472.57142
G1 X163.262 Y29.703 E472.58277
G1 X163.09 Y30.112 E472.59752
G1 X162.891 Y30.478 E472.61138
G1 X162.642 Y30.84 E472.62599
G1 X162.379 Y31.151 E472.63954
G1 X162.143 Y31.386 E472.65062
G1 X161.88 Y31.605 E472.662
G1 X161.53 Y31.853 E472.67627
G1 X161.162 Y32.052 E472.69018
G1 X160.757 Y32.224 E472.70482
G1 X160.282 Y32.369 E472.72133
G1 X159.761 Y32.446 E472.73885
G1 X159.42 Y32.465 E472.75021
G1 X159 Y32.453 E472.76419
G1 X158.683 Y32.414 E472.77481
G1 X158.287 Y32.329 E472.78828
M204 S2000
G0 F9000 X158.202 Y32.615
G0 X159.397 Y32.707
G0 X160.346 Y32.6
G0 X161.17 Y32.302
G0 X162.664 Y31.435
M204 S500
G1 F1909.8 X162.147 Y31.872 E472.8095
G1 F2093 X161.719 Y32.171 E472.82443
G1 F2111.4 X161.325 Y32.386 E472.83716
G1 F2105.3 X160.892 Y32.57 E472.85054
G1 F2099.1 X160.445 Y32.709 E472.86389
G1 F2063 X160.113 Y32.774 E472.87371
G1 F2057.1 X159.806 Y32.816 E472.88273
G1 F2069 X159.35 Y32.84 E472.89594
G1 X158.978 Y32.825 E472.90671
G1 F2057.1 X158.5 Y32.762 E472.92074
G1 F2051.3 X158.218 Y32.697 E472.92919
G1 F2069 X157.872 Y32.594 E472.93964
G1 X157.528 Y32.459 E472.95033
G1 F2045.5 X157.267 Y32.336 E472.95877
G1 X156.863 Y32.098 E472.9725
G1 F2069 X156.555 Y31.875 E472.9835
G1 X156.27 Y31.631 E472.99436
G1 X156.003 Y31.363 E473.0053
G1 F2051.3 X155.75 Y31.061 E473.0168
G1 X155.562 Y30.792 E473.02638
G1 F2069 X155.282 Y30.322 E473.04221
G1 F2051.3 X155.056 Y29.753 E473.06008
G1 F2057.1 X154.964 Y29.429 E473.06988
G1 F2074.9 X154.87 Y28.962 E473.08363
G1 F2080.9 X154.824 Y28.421 E473.09925
G1 F2074.9 X154.83 Y27.993 E473.1116
G1 F2063 X154.89 Y27.539 E473.12489
G1 F2069 X154.974 Y27.156 E473.13623
G1 X155.079 Y26.813 E473.14661
G1 X155.285 Y26.325 E473.16194
G1 F2074.9 X155.457 Y26.008 E473.17235
G1 X155.663 Y25.691 E473.18326
G1 F2069 X155.91 Y25.374 E473.19488
G1 F2033.9 X156.14 Y25.127 E473.20482
G1 F2045.5 X156.345 Y24.929 E473.21316
G1 F2087 X156.639 Y24.686 E473.2241
G1 F2057.1 X157.027 Y24.428 E473.23766
G1 F2039.7 X157.418 Y24.223 E473.25062
G1 F2051.3 X157.766 Y24.076 E473.26165
G1 X158.117 Y23.963 E473.27241
G1 F2033.9 X158.59 Y23.855 E473.28669
G1 X159.047 Y23.802 E473.30023
G1 F2063 X159.562 Y23.797 E473.31518
G1 F2099.1 X159.943 Y23.829 E473.32608
G1 F2111.4 X160.308 Y23.894 E473.33659
G1 F2074.9 X160.637 Y23.975 E473.34637
G1 F2033.9 X161.24 Y24.197 E473.36528
G1 X161.746 Y24.473 E473.38225
G1 F2074.9 X162.144 Y24.757 E473.39636
G1 F1935.5 X162.675 Y25.209 E473.41793
M204 S2000
G0 F9000 X163.459 Y26.753
G0 X163.651 Y27.388
G0 X163.74 Y28.267
G0 X163.602 Y29.405
G0 X163.295 Y30.242
G0 X162.815 Y31.009
G0 X162.043 Y31.782
G0 X161.262 Y32.269
G0 X160.52 Y32.537
G0 X158.482 Y32.839
G0 X158.43 Y33.133
M204 S500
G1 F1800 X158.947 Y33.197 E473.43525
G1 X159.35 Y33.215 E473.44867
G1 X159.77 Y33.196 E473.46265
G1 X160.19 Y33.143 E473.47673
G1 X160.561 Y33.063 E473.48936
G1 X160.928 Y32.954 E473.50209
G1 X161.335 Y32.794 E473.51664
G1 X161.669 Y32.631 E473.529
G1 X162.033 Y32.413 E473.54311
G1 X162.37 Y32.173 E473.55687
G1 X162.691 Y31.911 E473.57065
G1 F1804.5 X163.079 Y31.634 E473.58647
G1 X163.459 Y31.404 E473.6012
G1 F1800 X163.886 Y31.194 E473.61703
G1 X164.357 Y31.009 E473.63386
G1 X164.748 Y30.893 E473.64743
G1 X165.196 Y30.797 E473.66267
G1 X165.662 Y30.736 E473.6783
G1 X166.159 Y30.715 E473.69484
G1 X180.401 Y30.714 E474.16853
G1 F1739.1 X180.775 Y30.7 E474.18142
G1 F1610.7 X180.991 Y30.681 E474.18948
G1 F1575.5 X181.47 Y30.686 E474.20768
G1 F1592.9 X181.729 Y30.656 E474.21748
G1 X182.024 Y30.593 E474.22882
G1 F1600 X182.285 Y30.495 E474.23925
G1 F1592.9 X182.646 Y30.3 E474.25467
G1 F1603.6 X182.953 Y30.065 E474.2691
G1 F1610.7 X183.297 Y29.69 E474.28802
G1 F1603.6 X183.51 Y29.311 E474.30425
G1 F1592.9 X183.648 Y28.932 E474.31941
G1 F1589.4 X183.728 Y28.384 E474.34027
G1 X183.693 Y27.91 E474.35817
G1 F1592.9 X183.563 Y27.461 E474.37574
G1 X183.426 Y27.17 E474.38783
G1 F1589.4 X183.283 Y26.932 E474.39829
G1 F1592.9 X183.014 Y26.607 E474.41414
G1 F1589.4 X182.659 Y26.332 E474.43106
G1 F1582.4 X182.307 Y26.139 E474.44624
G1 F1589.4 X181.865 Y26.001 E474.46369
G1 F1607.1 X181.462 Y25.934 E474.4789
G1 F1561.8 X180.883 Y25.955 E474.50111
G1 F1643.8 X180.434 Y25.916 E474.51753
G1 F1800 X166.131 Y25.916 E474.99325
G1 X165.642 Y25.894 E475.00953
G1 X165.245 Y25.844 E475.02284
G1 X164.732 Y25.734 E475.04029
G1 X164.174 Y25.561 E475.05972
G1 X163.693 Y25.348 E475.07721
G1 X163.267 Y25.119 E475.0933
G1 X162.881 Y24.866 E475.10865
G1 X162.275 Y24.387 E475.13434
G1 X161.858 Y24.102 E475.15114
G1 X161.313 Y23.821 E475.17154
G1 X160.744 Y23.614 E475.19167
G1 X160.228 Y23.495 E475.20929
G1 X159.852 Y23.443 E475.22191
G1 X159.409 Y23.418 E475.23667
G1 X159.037 Y23.426 E475.24904
G1 X158.527 Y23.482 E475.26611
G1 X158.017 Y23.601 E475.28353
G1 X157.621 Y23.73 E475.29738
G1 X157.245 Y23.89 E475.31097
G1 X156.833 Y24.105 E475.32643
G1 X156.33 Y24.451 E475.34673
G1 X155.871 Y24.858 E475.36714
G1 X155.497 Y25.28 E475.38589
G1 X155.221 Y25.679 E475.40203
G1 X155.003 Y26.055 E475.41648
G1 X154.835 Y26.406 E475.42943
G1 X154.701 Y26.759 E475.44198
G1 X154.583 Y27.176 E475.4564
G1 X154.505 Y27.577 E475.46999
G1 X154.452 Y28.067 E475.48638
G1 X154.456 Y28.587 E475.50367
G1 X154.499 Y29.005 E475.51765
G1 X154.569 Y29.388 E475.5306
G1 X154.698 Y29.872 E475.54726
G1 X154.923 Y30.431 E475.5673
G1 X155.16 Y30.859 E475.58357
G1 X155.45 Y31.29 E475.60085
G1 X155.796 Y31.688 E475.61839
G1 X156.027 Y31.915 E475.62916
G1 X156.324 Y32.169 E475.64216
G1 X156.657 Y32.41 E475.65583
G1 X157.093 Y32.672 E475.67275
G1 X157.563 Y32.879 E475.68983
G1 X157.933 Y33.006 E475.70284
G1 X158.43 Y33.133 E475.71991
M204 S2000
G0 F9000 X158.482 Y32.839
G0 X160.346 Y32.6
G0 X161.262 Y32.269
G0 X161.705 Y31.993
G0 X163.861 Y30.342
M204 S500
G1 F1800 X164.129 Y30.242 E475.72942
G1 X164.625 Y30.099 E475.74659
G1 X165.013 Y30.017 E475.75978
G1 X165.558 Y29.943 E475.77807
G1 X166.159 Y29.915 E475.79808
G1 X167.577 Y29.915 E475.84525
G1 X167.264 Y29.526 E475.86185
G1 X167.079 Y29.085 E475.87776
G1 X166.99 Y28.755 E475.88913
G1 X166.949 Y28.47 E475.8987
G1 X166.996 Y27.817 E475.92048
G1 X167.11 Y27.47 E475.93263
G1 X167.247 Y27.171 E475.94357
G1 X167.542 Y26.717 E475.96157
G1 X166.098 Y26.715 E476.0096
G1 X165.542 Y26.688 E476.02812
G1 X165.145 Y26.638 E476.04142
G1 X164.612 Y26.529 E476.05952
G1 X163.869 Y26.312 E476.08526
G1 X164.012 Y26.646 E476.09735
G1 X164.2 Y27.257 E476.11861
G1 X164.271 Y27.798 E476.13676
G1 X164.3 Y28.244 E476.15162
G1 X164.283 Y28.734 E476.16793
G1 X164.235 Y29.124 E476.181
G1 X164.13 Y29.603 E476.19731
G1 X164.052 Y29.867 E476.20647
G1 X163.861 Y30.342 E476.22349
M204 S2000
G0 F9000 X162.664 Y31.435
M204 S500
G1 F1786.6 X162.915 Y31.262 E476.23371
G1 F1800 X163.254 Y31.06 E476.24683
G1 X163.71 Y30.834 E476.26376
G1 X164.162 Y30.653 E476.27996
G1 X164.692 Y30.494 E476.29836
G1 X165.087 Y30.41 E476.31179
G1 X165.65 Y30.335 E476.33068
G1 X166.159 Y30.315 E476.34762
G1 F1791 X169.164 Y30.314 E476.44807
G1 X168.785 Y30.238 E476.46099
G1 F1800 X168.466 Y30.107 E476.47246
G1 X168.174 Y29.923 E476.48394
G1 X167.867 Y29.645 E476.49772
G1 X167.609 Y29.325 E476.51139
G1 X167.465 Y28.979 E476.52385
G1 X167.343 Y28.532 E476.53926
G1 X167.393 Y27.883 E476.56091
G1 X167.474 Y27.637 E476.56953
G1 X167.611 Y27.338 E476.58047
G1 X167.837 Y26.988 E476.59432
G1 X168.154 Y26.719 E476.60815
G1 X168.436 Y26.543 E476.61921
G1 F1791 X168.736 Y26.415 E476.63011
G1 F1734.9 X169.053 Y26.33 E476.64144
G1 X168.725 Y26.319 E476.65276
G1 F1791 X166.114 Y26.316 E476.74004
G1 F1800 X165.592 Y26.291 E476.75742
G1 X165.195 Y26.241 E476.77073
G1 X164.617 Y26.117 E476.79039
G1 X164.012 Y25.927 E476.81148
G1 X163.531 Y25.714 E476.82898
G1 X163.028 Y25.442 E476.848
G1 X162.675 Y25.209 E476.86206
G1 X162.947 Y25.529 E476.87603
G1 X163.179 Y25.862 E476.88953
G1 X163.337 Y26.125 E476.89974
G1 X163.605 Y26.684 E476.92035
G1 X163.809 Y27.35 E476.94352
G1 X163.881 Y27.92 E476.96263
G1 X163.9 Y28.25 E476.97362
G1 X163.884 Y28.704 E476.98873
G1 X163.84 Y29.062 E477.00073
G1 X163.746 Y29.49 E477.0153
G1 X163.63 Y29.858 E477.02814
G1 X163.459 Y30.267 E477.04288
G1 X163.221 Y30.705 E477.05946
G1 X162.972 Y31.067 E477.07408
G1 F1786.6 X162.664 Y31.435 E477.09016
M204 S2000
G0 F9000 X164.72 Y30.653
G0 X168.409 Y29.973
G0 X168.522 Y29.698
M204 S500
G1 F1800 X168.056 Y29.275 E477.11109
G1 X167.851 Y28.873 E477.1261
G1 X167.751 Y28.508 E477.13868
G1 X167.799 Y27.888 E477.15937
G1 X167.975 Y27.505 E477.17339
G1 X168.277 Y27.114 E477.18982
G1 X168.733 Y26.829 E477.2077
G1 X169.216 Y26.717 E477.2242
G1 X174.527 Y26.719 E477.40084
G1 X175.1 Y26.89 E477.42073
G1 X175.5 Y27.19 E477.43736
G1 X175.841 Y27.705 E477.4579
G1 X175.95 Y28.205 E477.47492
G1 X175.925 Y28.591 E477.48779
G1 X175.771 Y29.071 E477.50455
G1 X175.472 Y29.47 E477.52114
G1 X174.914 Y29.825 E477.54313
G1 X174.462 Y29.915 E477.55846
G1 X169.164 Y29.912 E477.73468
G1 X168.937 Y29.868 E477.74237
G1 X168.522 Y29.698 E477.75728
M204 S2000
G0 F9000 X169.164 Y30.314
M204 S500
G1 F1791 X174.397 Y30.315 E477.9322
G1 F1760.4 X174.592 Y30.306 E477.93884
M204 S2000
G0 F9000 X176.14 Y29.914
M204 S500
G1 F1800 X179.153 Y29.913 E478.03905
G1 X178.855 Y29.365 E478.0598
G1 X178.689 Y28.831 E478.0784
G1 X178.641 Y28.284 E478.09666
G1 X178.736 Y27.662 E478.11759
G1 X178.85 Y27.296 E478.13034
G1 X178.966 Y27.049 E478.13942
G1 X179.173 Y26.717 E478.15243
G1 X176.146 Y26.717 E478.25311
G1 X176.448 Y27.172 E478.27127
G1 X176.646 Y27.644 E478.2883
G1 X176.751 Y28.143 E478.30526
G1 X176.73 Y28.61 E478.32081
G1 X176.661 Y28.934 E478.33182
G1 X176.555 Y29.243 E478.34269
G1 X176.351 Y29.631 E478.35727
G1 X176.14 Y29.914 E478.36901
M204 S2000
G0 F9000 X174.592 Y30.306
M204 S500
G1 F1760.4 X180.2 Y30.314 E478.55973
G1 F1800 X179.744 Y29.975 E478.57863
G1 X179.424 Y29.591 E478.59525
G1 X179.237 Y29.246 E478.6083
G1 X179.082 Y28.748 E478.62565
G1 X179.041 Y28.28 E478.64128
G1 X179.131 Y27.727 E478.65991
G1 X179.212 Y27.466 E478.669
G1 X179.38 Y27.109 E478.68212
G1 X179.674 Y26.744 E478.69771
G1 X179.879 Y26.551 E478.70708
G1 X180.225 Y26.316 E478.72099
G1 X175.133 Y26.316 E478.89035
G1 F1706.2 X174.727 Y26.339 E478.90462
G1 X175.11 Y26.476 E478.91889
G1 F1800 X175.423 Y26.633 E478.93054
G1 X175.656 Y26.807 E478.94021
G1 X175.892 Y27.058 E478.95167
G1 X176.114 Y27.393 E478.96504
G1 X176.255 Y27.73 E478.97719
G1 X176.358 Y28.195 E478.99303
G1 X176.314 Y28.711 E479.01025
G1 X176.177 Y29.114 E479.02441
G1 X176.031 Y29.391 E479.03482
G1 X175.859 Y29.622 E479.0444
G1 X175.594 Y29.866 E479.05638
G1 X175.221 Y30.104 E479.0711
G1 F1791 X174.877 Y30.243 E479.0835
G1 F1751.8 X174.592 Y30.306 E479.09348
M204 S2000
G0 F9000 X175.635 Y29.649
G0 X175.979 Y29.189
G0 X176.165 Y28.649
G0 X176.193 Y28.2
G0 X176.062 Y27.611
G0 X175.715 Y27.084
G0 X174.727 Y26.339
M204 S500
G1 F1702.1 X174.435 Y26.318 E479.10377
G1 F1795.5 X169.285 Y26.317 E479.27549
G1 F1743.3 X169.053 Y26.33 E479.28347
M204 S2000
G0 F9000 X174.556 Y26.48
G0 X175.208 Y26.675
G0 X175.676 Y27.025
G0 X176.062 Y27.611
G0 X176.496 Y29.734
G0 X180.987 Y30.482
G0 X181.014 Y30.217
M204 S500
G1 F1607.1 X180.435 Y29.99 E479.30664
G1 F1730.8 X180.026 Y29.687 E479.32425
G1 F1800 X179.732 Y29.334 E479.33952
G1 X179.619 Y29.127 E479.34737
G1 X179.474 Y28.636 E479.3644
G1 X179.444 Y28.292 E479.37588
G1 X179.538 Y27.713 E479.39539
G1 X179.72 Y27.324 E479.40968
G1 X180.042 Y26.926 E479.4267
G1 F1718.4 X180.463 Y26.631 E479.44461
G1 F1575.5 X180.919 Y26.428 E479.46358
G1 F1555.1 X181.407 Y26.372 E479.48249
G1 F1614.3 X181.908 Y26.472 E479.50144
G1 F1618 X182.338 Y26.658 E479.51877
G1 F1607.1 X182.699 Y26.934 E479.5357
G1 F1610.7 X182.857 Y27.109 E479.54446
G1 F1614.3 X183.102 Y27.519 E479.56218
G1 F1610.7 X183.241 Y27.926 E479.57816
G1 F1600 X183.271 Y28.47 E479.59855
G1 F1589.4 X183.205 Y28.831 E479.61237
G1 F1603.6 X183.106 Y29.118 E479.62371
G1 F1625.3 X182.855 Y29.527 E479.64138
G1 F1632.7 X182.702 Y29.698 E479.6498
G1 X182.277 Y30.001 E479.66894
G1 F1621.6 X181.909 Y30.164 E479.68379
G1 F1596.5 X181.383 Y30.246 E479.70376
G1 F1561.8 X181.014 Y30.217 E479.71795
M204 S2000
G0 F9000 X180.633 Y29.638
M204 S500
;TYPE:WALL-OUTER
G1 F1800 X180.286 Y29.374 E479.73245
G1 X180.012 Y29.046 E479.74666
G1 X179.867 Y28.56 E479.76353
G1 X179.848 Y28.293 E479.77243
G1 X179.925 Y27.828 E479.78811
G1 X180.077 Y27.519 E479.79956
G1 X180.316 Y27.223 E479.81222
G1 X180.695 Y26.965 E479.82747
G1 X180.986 Y26.861 E479.83775
G1 X181.369 Y26.803 E479.85063
G1 X181.784 Y26.876 E479.86464
G1 X182.097 Y27.015 E479.87604
G1 X182.474 Y27.301 E479.89177
G1 X182.717 Y27.698 E479.90726
G1 X182.819 Y28.016 E479.91836
G1 X182.843 Y28.456 E479.93302
G1 X182.76 Y28.867 E479.94697
G1 X182.474 Y29.343 E479.96544
G1 X182.075 Y29.629 E479.98176
G1 X181.776 Y29.756 E479.99257
G1 X181.383 Y29.816 E480.00579
G1 X181.011 Y29.776 E480.01823
G1 X180.633 Y29.638 E480.03162
M204 S2000
G1 F2400 E479.23162
G0 F9000 X180.392 Y30.294
G0 X169.002 Y30.151
G0 X168.472 Y29.999
G0 X168.737 Y29.353
M204 S500
G1 F2400 E480.03162
G1 F1800 X168.38 Y29.03 E480.04763
G1 X168.237 Y28.767 E480.05759
G1 X168.151 Y28.455 E480.06835
G1 X168.186 Y28.021 E480.08283
G1 X168.339 Y27.671 E480.09554
G1 X168.55 Y27.416 E480.10655
G1 X168.888 Y27.205 E480.1198
G1 X169.25 Y27.119 E480.13217
G1 X174.466 Y27.119 E480.30566
G1 X174.916 Y27.253 E480.32128
G1 X175.204 Y27.469 E480.33325
G1 X175.466 Y27.863 E480.34899
G1 X175.548 Y28.248 E480.36208
G1 X175.531 Y28.519 E480.37111
G1 X175.409 Y28.886 E480.38397
G1 X175.196 Y29.171 E480.39581
G1 X174.759 Y29.449 E480.41303
G1 X174.433 Y29.513 E480.42408
G1 X169.123 Y29.512 E480.6007
G1 X168.737 Y29.353 E480.61458
M204 S2000
G1 F2400 E479.81458
G0 F9000 X168.472 Y29.999
G0 X164.72 Y30.653
G0 X162.237 Y31.586
G0 X161.669 Y32.05
G0 X160.824 Y32.451
G0 X160.346 Y32.6
G0 X159.577 Y32.686
G0 X158.201 Y32.615
G0 X158.401 Y31.945
M204 S500
G1 F2400 E480.61458
G1 F1800 X158.114 Y31.859 E480.62455
G1 X157.848 Y31.755 E480.63404
G1 X157.557 Y31.612 E480.64483
G1 X157.298 Y31.458 E480.65485
G1 X157.03 Y31.264 E480.66586
G1 X156.805 Y31.072 E480.67569
G1 X156.585 Y30.853 E480.68602
G1 X156.382 Y30.609 E480.69657
G1 X156.204 Y30.361 E480.70673
G1 X155.977 Y29.976 E480.72159
G1 X155.815 Y29.578 E480.73589
G1 X155.708 Y29.218 E480.74838
G1 X155.629 Y28.805 E480.76236
G1 X155.596 Y28.428 E480.77495
G1 X155.612 Y27.971 E480.79016
G1 X155.65 Y27.683 E480.79982
G1 X155.72 Y27.363 E480.81072
G1 X155.806 Y27.079 E480.82058
G1 X155.983 Y26.658 E480.83577
G1 X156.13 Y26.387 E480.84603
G1 X156.304 Y26.125 E480.85649
G1 X156.494 Y25.882 E480.86675
G1 X156.858 Y25.505 E480.88418
G1 X157.178 Y25.257 E480.89764
G1 X157.434 Y25.089 E480.90783
G1 X157.812 Y24.893 E480.92199
G1 X158.107 Y24.775 E480.93256
G1 X158.444 Y24.676 E480.94424
G1 X158.852 Y24.597 E480.95806
G1 X159.154 Y24.57 E480.96815
G1 X159.521 Y24.569 E480.98035
G1 X159.842 Y24.596 E480.99107
G1 X160.139 Y24.648 E481.0011
G1 X160.423 Y24.721 E481.01085
G1 X160.717 Y24.822 E481.02119
G1 X161.003 Y24.946 E481.03156
G1 X161.402 Y25.177 E481.04689
G1 X161.67 Y25.368 E481.05784
G1 X161.902 Y25.568 E481.06802
G1 X162.102 Y25.767 E481.07741
G1 X162.317 Y26.023 E481.08853
G1 X162.491 Y26.27 E481.09858
G1 X162.649 Y26.534 E481.10881
G1 X162.854 Y26.968 E481.12477
G1 X163.027 Y27.541 E481.14468
G1 X163.082 Y27.968 E481.159
G1 X163.1 Y28.262 E481.1688
G1 X163.085 Y28.651 E481.18175
G1 X163.047 Y28.949 E481.19174
G1 X162.978 Y29.263 E481.20243
G1 X162.893 Y29.548 E481.21232
G1 X162.721 Y29.957 E481.22708
G1 X162.572 Y30.233 E481.23751
G1 X162.3 Y30.629 E481.25349
G1 X162.095 Y30.869 E481.26399
G1 X161.885 Y31.08 E481.27389
G1 X161.648 Y31.279 E481.28418
G1 X161.324 Y31.509 E481.2974
G1 X160.986 Y31.692 E481.31018
G1 X160.611 Y31.85 E481.32372
G1 X160.199 Y31.977 E481.33806
G1 X159.712 Y32.048 E481.35442
G1 X159.398 Y32.065 E481.36488
G1 X159.011 Y32.052 E481.37776
G1 X158.716 Y32.014 E481.38766
G1 X158.401 Y31.945 E481.39838
M204 S2000
G1 F2400 E480.59838
G0 F9000 X158.201 Y32.615
G0 X158.482 Y32.839
G0 X158.356 Y33.527
M204 S500
G1 F2400 E481.39838
G1 F1800 X158.913 Y33.596 E481.41705
G1 X159.35 Y33.615 E481.4316
G1 X159.789 Y33.596 E481.44621
G1 X160.24 Y33.541 E481.46132
G1 X160.675 Y33.447 E481.47612
G1 X161.058 Y33.332 E481.48943
G1 X161.482 Y33.167 E481.50456
G1 X161.859 Y32.983 E481.51851
G1 X162.239 Y32.757 E481.53322
G1 X162.603 Y32.498 E481.54807
G1 X162.955 Y32.213 E481.56314
G1 X163.325 Y31.95 E481.57824
G1 X163.679 Y31.74 E481.59193
G1 X164.075 Y31.547 E481.60658
G1 X164.454 Y31.398 E481.62012
G1 X164.877 Y31.273 E481.63479
G1 X165.248 Y31.194 E481.64741
G1 X165.722 Y31.132 E481.66331
G1 X166.159 Y31.115 E481.67786
G1 X181.453 Y31.114 E482.18654
G1 X181.798 Y31.079 E482.19807
G1 X182.144 Y31 E482.20987
G1 X182.46 Y30.885 E482.22106
G1 X182.88 Y30.658 E482.23694
G1 X183.241 Y30.378 E482.25213
G1 X183.558 Y30.033 E482.26772
G1 X183.734 Y29.784 E482.27786
G1 X183.863 Y29.548 E482.2868
G1 X184.064 Y29.042 E482.30491
G1 X184.144 Y28.479 E482.32383
G1 X184.144 Y28.198 E482.33317
G1 X184.116 Y27.833 E482.34535
G1 X183.962 Y27.31 E482.36348
G1 X183.808 Y26.98 E482.37559
G1 X183.63 Y26.681 E482.38717
G1 X183.266 Y26.264 E482.40558
G1 X182.895 Y25.974 E482.42124
G1 X182.475 Y25.743 E482.43718
G1 X181.962 Y25.585 E482.45503
G1 X181.626 Y25.531 E482.46635
G1 X181.357 Y25.517 E482.47531
G1 X166.147 Y25.516 E482.9812
G1 X165.692 Y25.497 E482.99635
G1 X165.295 Y25.447 E483.00965
G1 X164.848 Y25.351 E483.02486
G1 X164.336 Y25.195 E483.04266
G1 X163.841 Y24.975 E483.06068
G1 X163.468 Y24.773 E483.07479
G1 X163.11 Y24.538 E483.08903
G1 X162.513 Y24.065 E483.11436
G1 X162.064 Y23.758 E483.13246
G1 X161.474 Y23.454 E483.15453
G1 X160.858 Y23.23 E483.17633
G1 X160.301 Y23.101 E483.19535
G1 X159.892 Y23.044 E483.20908
G1 X159.43 Y23.017 E483.22447
G1 X159.027 Y23.026 E483.23788
G1 X158.459 Y23.087 E483.25688
G1 X157.909 Y23.215 E483.27566
G1 X157.496 Y23.349 E483.29011
G1 X157.089 Y23.521 E483.3048
G1 X156.627 Y23.761 E483.32212
G1 X156.082 Y24.135 E483.3441
G1 X155.587 Y24.575 E483.36613
G1 X155.182 Y25.032 E483.38644
G1 X154.891 Y25.45 E483.40338
G1 X154.656 Y25.853 E483.4189
G1 X154.467 Y26.248 E483.43346
G1 X154.321 Y26.633 E483.44715
G1 X154.194 Y27.083 E483.46271
G1 X154.109 Y27.517 E483.47742
G1 X154.051 Y28.047 E483.49515
G1 X154.056 Y28.609 E483.51384
G1 X154.1 Y29.046 E483.52845
G1 X154.175 Y29.461 E483.54248
G1 X154.317 Y29.998 E483.56095
G1 X154.561 Y30.603 E483.58265
G1 X154.818 Y31.068 E483.60032
G1 X155.13 Y31.533 E483.61894
G1 X155.494 Y31.952 E483.6374
G1 X155.746 Y32.201 E483.64919
G1 X156.076 Y32.484 E483.66365
G1 X156.437 Y32.744 E483.67844
G1 X156.909 Y33.028 E483.69676
G1 X157.417 Y33.252 E483.71523
G1 X157.819 Y33.39 E483.72937
G1 X158.356 Y33.527 E483.7478
M204 S2000
G0 F9000 X158.482 Y32.839
G0 X160.346 Y32.6
G0 X161.262 Y32.269
G0 X161.705 Y31.993
G0 X164.538 Y30.019
G0 X164.464 Y29.764
M204 S500
;TYPE:SKIN
G1 F1800 X164.591 Y29.179 E483.76771
G1 X164.641 Y28.777 E483.78118
G1 X164.661 Y28.241 E483.79902
G1 X164.64 Y27.885 E483.81088
G1 X164.573 Y27.332 E483.82941
G1 X164.476 Y26.864 E483.84531
G1 X164.946 Y26.97 E483.86133
G1 X165.48 Y27.042 E483.87926
G1 X166.09 Y27.075 E483.89957
G1 X166.894 Y27.077 E483.92631
G1 X166.783 Y27.316 E483.93508
G1 X166.64 Y27.76 E483.95059
G1 X166.588 Y28.465 E483.97411
G1 X166.634 Y28.818 E483.98595
G1 X166.731 Y29.178 E483.99835
G1 X166.885 Y29.554 E484.01186
G1 X166.169 Y29.555 E484.03568
G1 X165.521 Y29.587 E484.05725
G1 X164.958 Y29.66 E484.07614
G1 X164.464 Y29.764 E484.09293
M204 S2000
G0 F9000 X164.538 Y30.019
G0 X167.197 Y29.734
G0 X166.974 Y29.082
G0 X166.525 Y29.202
M204 S500
G1 F1800 X166.385 Y29.342 E484.09951
M204 S2000
G0 F9000 X165.789 Y29.371
M204 S500
G1 F1800 X166.421 Y28.74 E484.12922
M204 S2000
G0 F9000 X166.409 Y28.186
M204 S500
G1 F1800 X165.165 Y29.43 E484.18773
M204 S2000
G0 F9000 X164.786 Y29.243
M204 S500
G1 F1800 X166.457 Y27.572 E484.26633
M204 S2000
G0 F9000 X166.182 Y27.281
M204 S500
G1 F1800 X164.846 Y28.618 E484.32919
M204 S2000
G0 F9000 X164.849 Y28.048
M204 S500
G1 F1800 X165.646 Y27.251 E484.36668
M204 S2000
G0 F9000 X165.134 Y27.198
M204 S500
G1 F1800 X164.798 Y27.534 E484.38249
M204 S2000
G0 F9000 X164.343 Y27.589
G0 X164.191 Y26.615
G0 X167.212 Y26.899
G0 X167.65 Y29.038
G0 X167.877 Y29.436
G0 X168.391 Y29.9
G0 X169.002 Y30.151
G0 X174.48 Y30.154
G0 X174.899 Y30.071
G0 X176.757 Y28.965
G0 X177.413 Y29.133
M204 S500
G1 F1640.1 X177.966 Y29.134 E484.40267
G1 X177.918 Y28.963 E484.40916
G1 F1751.8 X177.889 Y28.268 E484.43293
G1 F1718.4 X177.926 Y27.766 E484.45047
G1 F1585.9 X177.967 Y27.504 E484.46048
G1 X177.423 Y27.505 E484.48101
G1 X177.48 Y27.777 E484.4915
G1 F1698.1 X177.517 Y28.096 E484.50283
G1 F1769 X177.493 Y28.754 E484.52511
G1 F1678.3 X177.505 Y28.76 E484.52559
G1 F1640.1 X177.413 Y29.133 E484.53961
M204 S2000
G0 F9000 X176.797 Y29.554
M204 S500
G1 F1800 X178.534 Y29.553 E484.59738
G1 X178.332 Y28.884 E484.62063
G1 X178.281 Y28.266 E484.64125
G1 X178.386 Y27.576 E484.66446
G1 X178.541 Y27.077 E484.68184
G1 X176.795 Y27.077 E484.73992
G1 X176.989 Y27.539 E484.75658
G1 X177.121 Y28.169 E484.77799
G1 X177.083 Y28.723 E484.79646
G1 X176.999 Y29.06 E484.80801
G1 X176.887 Y29.384 E484.81941
G1 X176.797 Y29.554 E484.82581
M204 S2000
G0 F9000 X176.797 Y30.114
G1 F2400 E484.02581
;MESH:part_4.stl
G0 F9000 X166.141 Y30.897
G0 X166.174 Y31.98
G0 X165.826 Y36.003
G0 X165.063 Y36.766
G0 X162.062 Y41.248
M204 S500
;TYPE:WALL-INNER
G1 F2400 E484.82581
G1 F1411.8 X161.872 Y41.42 E484.83668
G1 F1371.4 X161.494 Y41.833 E484.86112
M204 S2000
G0 F9000 X158.803 Y44.666
G0 X159.87 Y46.787
G0 X156.154 Y51.312
M204 S500
G1 F1804.5 X159.689 Y47.777 E485.02698
G1 X160.048 Y47.546 E485.04114
G1 F1800 X160.352 Y47.484 E485.05146
G1 X160.552 Y47.495 E485.05812
G1 X160.823 Y47.579 E485.06756
G1 X161.104 Y47.776 E485.07898
G1 X162.565 Y49.236 E485.14767
G1 X163.04 Y48.895 E485.16712
G1 X163.389 Y48.678 E485.18079
G1 X163.961 Y48.374 E485.20233
G1 X164.492 Y48.143 E485.22159
G1 X165.161 Y47.916 E485.24509
G1 X165.801 Y47.757 E485.26703
G1 X166.447 Y47.655 E485.28878
G1 X167.009 Y47.61 E485.30753
G1 X167.399 Y47.603 E485.3205
G1 X167.68 Y47.61 E485.32985
G1 X168.319 Y47.663 E485.35118
G1 X168.706 Y47.721 E485.36419
G1 X169.259 Y47.84 E485.38301
G1 X181.261 Y51.055 E485.79627
G1 F1503.1 X181.63 Y51.103 E485.81109
G1 F1302 X182.182 Y51.35 E485.8389
G1 F1311.5 X182.66 Y51.458 E485.86127
G1 F1306.7 X182.971 Y51.49 E485.87559
G1 X183.318 Y51.494 E485.89149
G1 F1304.3 X183.71 Y51.43 E485.90972
G1 F1306.7 X183.99 Y51.36 E485.92294
G1 F1304.3 X184.291 Y51.242 E485.93778
G1 F1309.1 X184.709 Y51.02 E485.95943
G1 F1323.5 X185.088 Y50.726 E485.98113
G1 F1313.9 X185.403 Y50.38 E486.00245
G1 F1306.7 X185.629 Y50.063 E486.02028
G1 F1309.1 X185.811 Y49.695 E486.03906
G1 F1306.7 X185.902 Y49.426 E486.05207
G1 X185.975 Y49.136 E486.06577
G1 X186.029 Y48.732 E486.08445
G1 X186.032 Y48.334 E486.10268
G1 F1311.5 X185.94 Y47.809 E486.12701
G1 F1309.1 X185.775 Y47.355 E486.1491
G1 F1311.5 X185.522 Y46.901 E486.17283
G1 F1323.5 X185.327 Y46.659 E486.18689
G1 F1321.1 X185.153 Y46.479 E486.19823
G1 F1311.5 X184.781 Y46.171 E486.22028
G1 F1306.7 X184.514 Y46.003 E486.23473
G1 F1302 X184.251 Y45.88 E486.24808
G1 F1306.7 X183.925 Y45.756 E486.26406
G1 X183.507 Y45.672 E486.2836
G1 F1302 X183.242 Y45.649 E486.29583
G1 F1304.3 X182.925 Y45.652 E486.31038
G1 F1306.7 X182.645 Y45.681 E486.32327
G1 F1304.3 X182.226 Y45.772 E486.34295
G1 F1306.7 X181.766 Y45.968 E486.36586
G1 F1313.9 X181.424 Y46.172 E486.38401
G1 F1326 X181.161 Y46.384 E486.39926
G1 F1297.3 X180.867 Y46.669 E486.41816
G1 F1487.6 X180.499 Y46.806 E486.43396
G1 F1800 X180.318 Y46.908 E486.44087
G1 X179.876 Y47.093 E486.45681
G1 X179.416 Y47.199 E486.47251
G1 X178.907 Y47.234 E486.48948
G1 X178.408 Y47.18 E486.50617
G1 X171.28 Y45.273 E486.75159
G1 X170.801 Y45.084 E486.76871
G1 X170.228 Y44.635 E486.79293
G1 X169.806 Y44 E486.81828
G1 X169.594 Y43.277 E486.84334
G1 X169.644 Y42.711 E486.86224
G1 X169.698 Y42.46 E486.87078
G1 X169.758 Y42.292 E486.87672
G1 X168.129 Y40.658 E486.95346
G1 X167.966 Y40.402 E486.96355
G1 X167.893 Y40.153 E486.97218
G1 X167.882 Y39.953 E486.97884
G1 X167.944 Y39.649 E486.98916
G1 F1791 X168.115 Y39.353 E487.00059
G1 X171.709 Y35.756 E487.17056
G1 F1804.5 X171.427 Y35.474 E487.18379
G1 F1791 X167.83 Y39.068 E487.35375
G1 X167.535 Y39.24 E487.36517
G1 F1800 X167.231 Y39.302 E487.37549
G1 X167.031 Y39.291 E487.38215
G1 X166.725 Y39.191 E487.39286
G1 X166.53 Y39.059 E487.40069
G1 X165.064 Y37.596 E487.46957
G1 X157.994 Y44.666 E487.80213
G1 X159.466 Y46.143 E487.87148
G1 X159.659 Y46.505 E487.88513
G1 X159.699 Y46.831 E487.89605
G1 X159.637 Y47.135 E487.90637
G1 F1804.5 X159.407 Y47.495 E487.92054
G1 X155.872 Y51.03 E488.0864
G1 X156.154 Y51.312 E488.09963
M204 S2000
G0 F9000 X156.154 Y51.877
M204 S500
G1 F1800 X159.971 Y48.059 E488.2792
G1 X160.187 Y47.921 E488.28772
G1 X160.369 Y47.884 E488.2939
G1 X160.653 Y47.941 E488.30353
G1 X160.783 Y48.024 E488.30866
G1 X162.54 Y49.776 E488.39119
G1 X162.818 Y49.544 E488.40323
G1 X163.272 Y49.221 E488.42177
G1 X163.579 Y49.03 E488.43379
G1 X164.12 Y48.741 E488.45419
G1 X164.651 Y48.51 E488.47345
G1 X165.215 Y48.317 E488.49328
G1 X165.865 Y48.152 E488.51558
G1 X166.479 Y48.054 E488.53626
G1 X167.041 Y48.009 E488.55501
G1 X167.389 Y48.003 E488.56659
G1 X167.722 Y48.013 E488.57767
G1 X168.323 Y48.066 E488.59774
G1 X168.586 Y48.106 E488.60659
G1 X169.205 Y48.239 E488.62764
G1 X181.133 Y51.434 E489.03836
G1 X181.435 Y51.54 E489.049
G1 X181.858 Y51.727 E489.06438
G1 X182.247 Y51.866 E489.07812
G1 X182.677 Y51.941 E489.09264
G1 X182.949 Y51.966 E489.10173
G1 X183.248 Y51.967 E489.11167
G1 X183.506 Y51.945 E489.12028
G1 X183.807 Y51.896 E489.13043
G1 X184.134 Y51.814 E489.14164
G1 X184.482 Y51.679 E489.15405
G1 X184.715 Y51.565 E489.16268
G1 X184.967 Y51.416 E489.17242
G1 X185.202 Y51.248 E489.18203
G1 X185.399 Y51.082 E489.1906
G1 X185.603 Y50.879 E489.20017
G1 X185.779 Y50.673 E489.20918
G1 X185.968 Y50.407 E489.22003
G1 X186.106 Y50.173 E489.22907
G1 X186.251 Y49.878 E489.24
G1 X186.356 Y49.573 E489.25073
G1 X186.439 Y49.245 E489.26198
G1 X186.505 Y48.848 E489.27537
G1 X186.505 Y48.393 E489.2905
G1 X186.48 Y48.139 E489.29899
G1 X186.428 Y47.84 E489.30908
G1 X186.361 Y47.58 E489.31801
G1 X186.261 Y47.297 E489.328
G1 X186.146 Y47.041 E489.33733
G1 X186.024 Y46.82 E489.34573
G1 X185.858 Y46.569 E489.35574
G1 X185.69 Y46.359 E489.36468
G1 X185.495 Y46.148 E489.37424
G1 X185.278 Y45.954 E489.38392
G1 X185.054 Y45.782 E489.39331
G1 X184.745 Y45.584 E489.40552
G1 X184.419 Y45.434 E489.41745
G1 X184.041 Y45.293 E489.43087
G1 X183.559 Y45.201 E489.44719
G1 X183.265 Y45.17 E489.45703
G1 X182.909 Y45.176 E489.46887
G1 X182.57 Y45.21 E489.4802
G1 X182.214 Y45.29 E489.49234
G1 X181.964 Y45.368 E489.50105
G1 X181.688 Y45.482 E489.51098
G1 X181.445 Y45.604 E489.52002
G1 X181.15 Y45.787 E489.53157
G1 X180.845 Y46.034 E489.54462
G1 X180.556 Y46.297 E489.55762
G1 X180.152 Y46.544 E489.57337
G1 X179.75 Y46.712 E489.58786
G1 X179.394 Y46.795 E489.60002
G1 X178.909 Y46.832 E489.6162
G1 X178.438 Y46.774 E489.63198
G1 X171.383 Y44.886 E489.87489
G1 X171.001 Y44.733 E489.88857
G1 X170.517 Y44.35 E489.9091
G1 X170.167 Y43.809 E489.93053
G1 X170.004 Y43.261 E489.94955
G1 X170.049 Y42.663 E489.96949
G1 X170.225 Y42.194 E489.98616
G1 X168.43 Y40.395 E490.07068
G1 X168.332 Y40.241 E490.07675
G1 X168.282 Y39.971 E490.08588
G1 X168.319 Y39.789 E490.09206
G1 X168.422 Y39.612 E490.09887
G1 X172.274 Y35.756 E490.28015
G1 X171.427 Y34.909 E490.31999
G1 X167.571 Y38.761 E490.50127
G1 X167.395 Y38.865 E490.50807
G1 X167.213 Y38.902 E490.51425
G1 X167.016 Y38.878 E490.52085
G1 X166.819 Y38.786 E490.52808
G1 X165.064 Y37.03 E490.61066
G1 X157.428 Y44.666 E490.96983
G1 X159.159 Y46.4 E491.05132
G1 X159.275 Y46.618 E491.05954
G1 X159.299 Y46.814 E491.0661
G1 X159.262 Y46.996 E491.07228
G1 X159.124 Y47.212 E491.08081
G1 X155.307 Y51.03 E491.26037
G1 X156.154 Y51.877 E491.30021
M204 S2000
G0 F9000 X156.154 Y51.495
G0 X160.396 Y47.313
G0 X162.595 Y48.701
M204 S500
G1 F1800 X163.2 Y48.325 E491.3239
G1 X163.801 Y48.008 E491.3465
G1 X164.442 Y47.734 E491.36969
G1 X165.062 Y47.528 E491.39142
G1 X165.737 Y47.362 E491.41454
G1 X166.415 Y47.256 E491.43736
G1 X167.064 Y47.208 E491.459
G1 X167.409 Y47.203 E491.47048
G1 X167.791 Y47.215 E491.48319
G1 X168.443 Y47.275 E491.50497
G1 X168.79 Y47.33 E491.51665
G1 X169.412 Y47.466 E491.53783
G1 X181.419 Y50.688 E491.95131
G1 X180.99 Y50.256 E491.97156
G1 X180.764 Y49.897 E491.98567
G1 X180.602 Y49.558 E491.99817
G1 X180.486 Y49.198 E492.01075
G1 X180.404 Y48.693 E492.02777
G1 X180.43 Y48.186 E492.04465
G1 X180.542 Y47.748 E492.05969
G1 X180.632 Y47.495 E492.06862
G1 X180.856 Y47.056 E492.08501
G1 X180.485 Y47.272 E492.09929
G1 X180 Y47.475 E492.11678
G1 X179.478 Y47.596 E492.1346
G1 X178.894 Y47.635 E492.15407
G1 X178.336 Y47.575 E492.17273
G1 X171.083 Y45.634 E492.42246
G1 X170.76 Y45.498 E492.43411
G1 X170.459 Y45.324 E492.44568
G1 X169.925 Y44.899 E492.46838
G1 X169.446 Y44.18 E492.49711
G1 X169.234 Y43.498 E492.52087
G1 X169.201 Y43.197 E492.53094
G1 X169.245 Y42.677 E492.54829
G1 X169.304 Y42.404 E492.55758
G1 X167.828 Y40.921 E492.62717
G1 X167.6 Y40.563 E492.64129
G1 X167.498 Y40.215 E492.65335
G1 X167.482 Y39.935 E492.66268
G1 X167.543 Y39.641 E492.67267
G1 X167.249 Y39.702 E492.68265
G1 X166.88 Y39.681 E492.69495
G1 X166.46 Y39.514 E492.70998
G1 X166.195 Y39.293 E492.72146
G1 X165.064 Y38.162 E492.77466
G1 F1786.6 X162.288 Y40.942 E492.9063
G1 F1555.1 X162.062 Y41.248 E492.92095
G1 F1565.2 X162.778 Y40.881 E492.95172
G1 F1800 X163.162 Y40.769 E492.96503
G1 X163.481 Y40.713 E492.9758
G1 X163.903 Y40.687 E492.98986
G1 X164.3 Y40.746 E493.00321
G1 X164.75 Y40.86 E493.01865
G1 X164.992 Y40.956 E493.02731
G1 X165.212 Y41.092 E493.03591
G1 X165.699 Y41.464 E493.0563
G1 X165.905 Y41.688 E493.06642
G1 X166.26 Y42.28 E493.08938
G1 X166.39 Y42.671 E493.10308
G1 X166.457 Y43.002 E493.11431
G1 X166.495 Y43.595 E493.13408
G1 X166.365 Y44.266 E493.15681
G1 X166.265 Y44.502 E493.16534
G1 X165.891 Y45.121 E493.18939
G1 X165.653 Y45.364 E493.2007
G1 X165.098 Y45.763 E493.22344
G1 X164.567 Y45.984 E493.24257
G1 X164.04 Y46.091 E493.26045
G1 X163.394 Y46.068 E493.28195
G1 X163.148 Y46.011 E493.29035
G1 X162.51 Y45.781 E493.31291
G1 X161.941 Y45.373 E493.3362
G1 X161.486 Y44.838 E493.35955
G1 X161.335 Y44.565 E493.36993
G1 X161.171 Y44.035 E493.38838
G1 X161.094 Y43.642 E493.4017
G1 X161.099 Y43.241 E493.41504
G1 X161.14 Y42.901 E493.42643
G1 X161.248 Y42.506 E493.44005
G1 F1722.5 X161.401 Y42.111 E493.45477
G1 F1460.4 X161.494 Y41.833 E493.46679
G1 X161.247 Y42.006 E493.47915
G1 F1722.5 X160.934 Y42.292 E493.49389
G1 F1800 X158.56 Y44.666 E493.60556
G1 X159.772 Y45.886 E493.66275
G1 X159.916 Y46.089 E493.67103
G1 X160.078 Y46.475 E493.68495
G1 X160.099 Y46.849 E493.69741
G1 X160.039 Y47.144 E493.70743
G1 X160.334 Y47.084 E493.71744
G1 X160.614 Y47.1 E493.72677
G1 X160.994 Y47.217 E493.73999
G1 X161.285 Y47.4 E493.75142
G1 X162.595 Y48.701 E493.81283
M204 S2000
G0 F9000 X160.273 Y46.911
G0 X158.803 Y44.666
G0 X161.079 Y42.416
G0 X162.273 Y45.3
G0 X163.382 Y45.669
M204 S500
G1 F1800 X162.681 Y45.42 E493.83757
G1 X162.206 Y45.068 E493.85724
G1 X161.812 Y44.603 E493.87751
G1 X161.705 Y44.407 E493.88494
G1 X161.553 Y43.917 E493.902
G1 X161.482 Y43.42 E493.9187
G1 X161.537 Y42.949 E493.93447
G1 X161.615 Y42.667 E493.9442
G1 X161.835 Y42.162 E493.96252
G1 X162.228 Y41.693 E493.98287
G1 X162.746 Y41.331 E494.00389
G1 X163.232 Y41.163 E494.021
G1 X163.55 Y41.107 E494.03173
G1 X164.081 Y41.104 E494.0494
G1 X164.639 Y41.244 E494.06853
G1 X164.878 Y41.339 E494.07708
G1 X165.454 Y41.787 E494.10136
G1 X165.621 Y41.993 E494.11018
G1 X165.892 Y42.443 E494.12765
G1 X166.011 Y42.797 E494.14007
G1 X166.06 Y43.048 E494.14857
G1 X166.086 Y43.608 E494.16722
G1 X165.979 Y44.158 E494.18586
G1 X165.87 Y44.392 E494.19444
G1 X165.553 Y44.898 E494.2143
G1 X165.399 Y45.054 E494.22159
G1 X164.906 Y45.41 E494.24182
G1 X164.487 Y45.586 E494.25693
G1 X164.007 Y45.69 E494.27327
G1 X163.382 Y45.669 E494.29407
M204 S2000
G0 F9000 X163.442 Y45.266
M204 S500
G1 F1800 X162.872 Y45.065 E494.31417
G1 X162.456 Y44.747 E494.33159
G1 X162.098 Y44.322 E494.35007
G1 X161.935 Y43.798 E494.36832
G1 X161.885 Y43.41 E494.38133
G1 X161.946 Y42.908 E494.39815
G1 X162.182 Y42.37 E494.41769
G1 X162.493 Y41.996 E494.43387
G1 X162.925 Y41.693 E494.45142
G1 X163.301 Y41.557 E494.46472
G1 X163.694 Y41.488 E494.47799
G1 X164.104 Y41.522 E494.49167
G1 X164.529 Y41.629 E494.50625
G1 X164.726 Y41.728 E494.51358
G1 X165.227 Y42.115 E494.53464
G1 X165.51 Y42.583 E494.55283
G1 X165.656 Y42.994 E494.56734
G1 X165.685 Y43.543 E494.58562
G1 X165.586 Y44.09 E494.60411
G1 X165.207 Y44.701 E494.62802
G1 X164.729 Y45.045 E494.64761
G1 X164.361 Y45.21 E494.66103
G1 X163.949 Y45.291 E494.67499
G1 X163.442 Y45.266 E494.69187
M204 S2000
G1 F2400 E493.89187
G0 F9000 X163.344 Y45.548
G0 X161.186 Y44.627
G0 X161.079 Y42.416
G0 X158.803 Y44.666
G0 X160.273 Y46.911
G0 X162.625 Y48.491
G0 X168.134 Y47.529
G0 X182.283 Y50.806
M204 S500
G1 F2400 E494.69187
G1 F1304.3 X181.887 Y50.611 E494.71213
G1 F1503.1 X181.654 Y50.337 E494.72646
G1 F1800 X181.381 Y50.086 E494.73879
G1 X181.124 Y49.724 E494.75356
G1 X180.962 Y49.386 E494.76603
G1 X180.88 Y49.128 E494.77503
G1 X180.811 Y48.712 E494.78906
G1 X180.825 Y48.256 E494.80423
G1 X180.956 Y47.741 E494.8219
G1 X181.132 Y47.397 E494.83476
G1 F1487.6 X181.265 Y47.07 E494.84896
G1 F1297.3 X181.535 Y46.777 E494.86735
G1 F1321.1 X181.754 Y46.6 E494.88011
G1 F1313.9 X182.394 Y46.293 E494.91245
G1 X182.88 Y46.204 E494.93497
G1 X183.388 Y46.204 E494.95812
G1 F1316.3 X183.867 Y46.311 E494.98044
G1 F1309.1 X184.258 Y46.494 E495.00018
G1 F1306.7 X184.479 Y46.628 E495.01202
G1 F1318.7 X184.904 Y46.991 E495.0374
G1 F1316.3 X185.135 Y47.328 E495.05598
G1 F1313.9 X185.386 Y47.863 E495.08291
G1 F1318.7 X185.483 Y48.396 E495.10751
G1 F1316.3 X185.476 Y48.846 E495.12798
G1 X185.325 Y49.446 E495.15612
G1 F1318.7 X185.076 Y49.916 E495.18026
G1 F1323.5 X184.7 Y50.346 E495.2061
G1 X184.431 Y50.551 E495.2214
G1 F1318.7 X183.808 Y50.852 E495.25281
G1 F1316.3 X183.265 Y50.941 E495.27784
G1 X182.799 Y50.929 E495.29904
G1 F1313.9 X182.283 Y50.806 E495.32321
M204 S2000
G0 F9000 X182.41 Y50.339
M204 S500
G1 F1800 X182.134 Y50.201 E495.33348
G1 X181.786 Y49.929 E495.34817
G1 X181.518 Y49.62 E495.36177
G1 X181.288 Y49.14 E495.37947
G1 X181.21 Y48.682 E495.39493
G1 X181.223 Y48.314 E495.40717
G1 X181.334 Y47.879 E495.42211
G1 X181.513 Y47.53 E495.43515
G1 X181.917 Y47.052 E495.45597
G1 X182.542 Y46.753 E495.47901
G1 X182.928 Y46.676 E495.4921
G1 X183.447 Y46.697 E495.50938
G1 X183.746 Y46.775 E495.51966
G1 X184.148 Y46.976 E495.5346
G1 X184.622 Y47.374 E495.55519
G1 X184.921 Y47.983 E495.57776
G1 X185.008 Y48.444 E495.59336
G1 X184.992 Y48.833 E495.60631
G1 X184.889 Y49.241 E495.6203
G1 X184.688 Y49.629 E495.63484
G1 X184.297 Y50.092 E495.65499
G1 X183.677 Y50.39 E495.67787
G1 X183.226 Y50.469 E495.6931
G1 X182.867 Y50.454 E495.70505
G1 X182.41 Y50.339 E495.72073
M204 S2000
G0 F9000 X182.558 Y49.967
M204 S500
;TYPE:WALL-OUTER
G1 F1800 X182.34 Y49.859 E495.72882
G1 X182.006 Y49.586 E495.74317
G1 X181.846 Y49.378 E495.75189
G1 X181.684 Y49.04 E495.76436
G1 X181.609 Y48.652 E495.7775
G1 X181.62 Y48.386 E495.78636
G1 X181.721 Y48.001 E495.7996
G1 X181.859 Y47.738 E495.80948
G1 X182.169 Y47.372 E495.82543
G1 X182.649 Y47.14 E495.84316
G1 X182.968 Y47.074 E495.854
G1 X183.355 Y47.089 E495.86688
G1 X183.605 Y47.151 E495.87544
G1 X183.946 Y47.323 E495.88815
G1 X184.309 Y47.63 E495.90396
G1 X184.548 Y48.133 E495.92248
G1 X184.609 Y48.482 E495.93427
G1 X184.598 Y48.754 E495.94332
G1 X184.509 Y49.111 E495.95556
G1 X184.367 Y49.388 E495.96591
G1 X184.053 Y49.759 E495.98208
G1 X183.544 Y50.008 E496.00092
G1 X183.211 Y50.067 E496.01217
G1 X182.907 Y50.056 E496.02229
G1 X182.558 Y49.967 E496.03427
M204 S2000
G1 F2400 E495.23427
G0 F9000 X182.249 Y50.593
G0 X180.327 Y49.224
G0 X180.418 Y47.497
G0 X169.681 Y44.831
G0 X169.125 Y42.459
G0 X167.308 Y39.869
G0 X165.064 Y38.405
G0 X162.822 Y40.671
G0 X166.363 Y42.139
G0 X165.754 Y45.489
G0 X163.514 Y45.573
G0 X163.54 Y44.873
M204 S500
G1 F2400 E496.03427
G1 F1800 X163.083 Y44.718 E496.05032
G1 X162.741 Y44.466 E496.06445
G1 X162.461 Y44.127 E496.07907
G1 X162.317 Y43.68 E496.09469
G1 X162.29 Y43.427 E496.10315
G1 X162.335 Y43.015 E496.11694
G1 X162.528 Y42.574 E496.13295
G1 X162.756 Y42.303 E496.14473
G1 X163.13 Y42.044 E496.15986
G1 X163.371 Y41.951 E496.16845
G1 X163.689 Y41.895 E496.17919
G1 X163.967 Y41.904 E496.18844
G1 X164.452 Y42.021 E496.20504
G1 X164.922 Y42.387 E496.22485
G1 X165.155 Y42.767 E496.23967
G1 X165.261 Y43.1 E496.2513
G1 X165.286 Y43.517 E496.26519
G1 X165.204 Y43.937 E496.27942
G1 X164.914 Y44.419 E496.29813
G1 X164.523 Y44.702 E496.31419
G1 X164.239 Y44.825 E496.32448
G1 X163.934 Y44.887 E496.33483
G1 X163.54 Y44.873 E496.34795
M204 S2000
G1 F2400 E495.54795
G0 F9000 X163.514 Y45.573
G0 X161.298 Y43.262
G0 X161.26 Y42.105
G0 X158.443 Y44.666
G0 X159.707 Y46.487
G0 X156.154 Y52.061
G0 X156.154 Y52.443
M204 S500
G1 F2400 E496.34795
G1 F1800 X160.297 Y48.299 E496.54284
G1 X160.428 Y48.286 E496.54722
G1 X160.525 Y48.33 E496.55076
G1 X162.516 Y50.318 E496.64434
G1 X163.05 Y49.87 E496.66753
G1 X163.514 Y49.541 E496.68645
G1 X163.769 Y49.382 E496.69644
G1 X164.28 Y49.108 E496.71573
G1 X164.826 Y48.871 E496.73552
G1 X165.358 Y48.692 E496.75419
G1 X165.929 Y48.547 E496.77379
G1 X166.511 Y48.453 E496.7934
G1 X167.085 Y48.408 E496.81255
G1 X167.379 Y48.403 E496.82233
G1 X167.687 Y48.411 E496.83257
G1 X168.263 Y48.462 E496.85181
G1 X168.538 Y48.504 E496.86106
G1 X169.101 Y48.625 E496.88021
G1 X181.005 Y51.814 E497.2901
G1 X181.272 Y51.905 E497.29948
G1 X181.709 Y52.099 E497.31539
G1 X182.012 Y52.207 E497.32608
G1 X182.277 Y52.277 E497.3352
G1 X182.624 Y52.338 E497.34692
G1 X182.931 Y52.366 E497.35717
G1 X183.264 Y52.367 E497.36825
G1 X183.554 Y52.343 E497.37793
G1 X183.888 Y52.288 E497.38918
G1 X184.256 Y52.196 E497.4018
G1 X184.754 Y52.002 E497.41958
G1 X185.185 Y51.752 E497.43615
G1 X185.448 Y51.564 E497.4469
G1 X185.67 Y51.377 E497.45656
G1 X185.897 Y51.151 E497.46721
G1 X186.095 Y50.919 E497.47735
G1 X186.304 Y50.625 E497.48935
G1 X186.458 Y50.363 E497.49946
G1 X186.621 Y50.032 E497.51173
G1 X186.74 Y49.687 E497.52387
G1 X186.831 Y49.327 E497.53622
G1 X186.905 Y48.879 E497.55132
G1 X186.905 Y48.374 E497.56812
G1 X186.877 Y48.086 E497.57774
G1 X186.82 Y47.756 E497.58888
G1 X186.744 Y47.463 E497.59895
G1 X186.633 Y47.148 E497.61006
G1 X186.504 Y46.862 E497.62049
G1 X186.366 Y46.612 E497.62999
G1 X186.182 Y46.333 E497.64111
G1 X185.994 Y46.097 E497.65114
G1 X185.776 Y45.863 E497.66178
G1 X185.499 Y45.618 E497.67408
G1 X185.284 Y45.454 E497.68307
G1 X184.938 Y45.232 E497.69675
G1 X184.6 Y45.075 E497.70914
G1 X184.156 Y44.909 E497.72491
G1 X183.673 Y44.813 E497.74129
G1 X183.283 Y44.77 E497.75434
G1 X182.885 Y44.776 E497.76757
G1 X182.506 Y44.814 E497.78024
G1 X182.11 Y44.903 E497.79374
G1 X181.828 Y44.992 E497.80358
G1 X181.522 Y45.118 E497.81459
G1 X181.249 Y45.254 E497.82473
G1 X180.918 Y45.46 E497.8377
G1 X180.601 Y45.716 E497.85125
G1 X180.299 Y45.989 E497.86479
G1 X180.005 Y46.17 E497.87627
G1 X179.61 Y46.333 E497.89048
G1 X179.318 Y46.402 E497.90046
G1 X178.937 Y46.429 E497.91317
G1 X178.542 Y46.388 E497.92638
G1 X171.461 Y44.491 E498.1702
G1 X171.18 Y44.365 E498.18044
G1 X170.827 Y44.087 E498.19538
G1 X170.543 Y43.659 E498.21247
G1 X170.405 Y43.225 E498.22761
G1 X170.441 Y42.779 E498.2425
G1 X170.581 Y42.368 E498.25694
G1 X170.738 Y42.141 E498.26612
G1 X168.702 Y40.102 E498.36196
G1 X168.682 Y39.989 E498.36577
G1 X168.728 Y39.87 E498.37002
G1 X172.84 Y35.756 E498.56348
G1 X171.427 Y34.343 E498.62994
G1 X167.314 Y38.455 E498.82338
G1 X167.195 Y38.502 E498.82764
G1 X167.071 Y38.468 E498.83191
G1 X165.064 Y36.464 E498.92625
G1 X156.862 Y44.666 E499.31204
G1 X158.858 Y46.664 E499.40598
G1 X158.899 Y46.796 E499.41057
G1 X158.841 Y46.929 E499.4154
G1 X154.741 Y51.03 E499.60827
G1 X156.154 Y52.443 E499.67474
M204 S2000
G0 F9000 X156.154 Y52.061
G0 X160.396 Y47.878
G0 X161.095 Y48.568
G0 X162.79 Y48.467
G0 X162.652 Y48.247
M204 S500
;TYPE:SKIN
G1 F1800 X161.55 Y47.146 E499.72655
G1 X161.123 Y46.881 E499.74326
G1 X160.697 Y46.749 E499.7581
G1 X160.453 Y46.73 E499.76624
G1 X160.436 Y46.492 E499.77417
G1 X160.297 Y46.007 E499.79095
G1 X160.039 Y45.633 E499.80607
G1 X159.071 Y44.666 E499.85157
G1 X160.742 Y42.995 E499.93017
G1 X160.738 Y43.694 E499.95342
G1 X160.827 Y44.146 E499.96874
G1 X160.994 Y44.687 E499.98758
G1 X161.177 Y45.026 E500.00039
G1 X161.669 Y45.61 E500.02579
G1 X162.213 Y46.021 E500.04846
G1 X162.455 Y46.151 E500.0576
G1 X163.029 Y46.352 E500.07783
G1 X163.335 Y46.423 E500.08828
G1 X164.075 Y46.452 E500.11291
G1 X164.664 Y46.332 E500.1329
G1 X165.256 Y46.086 E500.15422
G1 X165.898 Y45.63 E500.18041
G1 X166.182 Y45.335 E500.19403
G1 X166.581 Y44.679 E500.21957
G1 X166.718 Y44.343 E500.23164
G1 X166.813 Y43.849 E500.24837
G1 X166.851 Y43.555 E500.25823
G1 X166.82 Y42.996 E500.27685
G1 X166.738 Y42.579 E500.29099
G1 X166.654 Y42.317 E500.30014
G1 X166.55 Y42.063 E500.30927
G1 X166.203 Y41.483 E500.33175
G1 X165.948 Y41.202 E500.34437
G1 X165.432 Y40.805 E500.36602
G1 X165.173 Y40.643 E500.37618
G1 X164.852 Y40.514 E500.38769
G1 X164.368 Y40.393 E500.40428
G1 X163.938 Y40.327 E500.41875
G1 X163.369 Y40.366 E500.43772
G1 X165.067 Y38.672 E500.5175
G1 X166.022 Y39.624 E500.56234
G1 X166.375 Y39.867 E500.5766
G1 X166.805 Y40.039 E500.592
G1 X167.128 Y40.052 E500.60275
G1 X167.146 Y40.294 E500.61083
G1 X167.308 Y40.823 E500.62923
G1 X167.558 Y41.162 E500.64324
G1 X168.901 Y42.51 E500.70652
G1 X168.839 Y43.207 E500.7298
G1 X168.887 Y43.596 E500.74283
G1 X169.036 Y44.08 E500.75968
G1 X169.168 Y44.411 E500.77153
G1 X169.528 Y44.96 E500.79337
G1 X169.741 Y45.217 E500.80447
G1 X170.268 Y45.629 E500.82672
G1 X170.599 Y45.819 E500.83941
G1 X170.949 Y45.968 E500.85206
G1 X178.262 Y47.928 E501.10388
G1 X178.906 Y47.997 E501.12542
G1 X179.541 Y47.951 E501.1466
G1 X180.152 Y47.811 E501.16744
G1 X180.079 Y48.098 E501.17729
G1 X180.045 Y48.72 E501.19801
G1 X180.132 Y49.262 E501.21627
G1 X180.275 Y49.715 E501.23207
G1 X180.435 Y50.047 E501.24433
G1 X169.493 Y47.114 E501.62111
G1 X168.893 Y46.983 E501.64153
G1 X168.418 Y46.91 E501.65752
G1 X167.857 Y46.859 E501.67625
G1 X167.418 Y46.843 E501.69087
G1 X166.948 Y46.852 E501.7065
G1 X166.284 Y46.908 E501.72866
G1 X165.545 Y47.034 E501.7536
G1 X164.863 Y47.212 E501.77704
G1 X164.312 Y47.398 E501.79638
G1 X163.657 Y47.677 E501.82006
G1 X163.033 Y48.004 E501.84349
G1 X162.652 Y48.247 E501.85852
M204 S2000
G0 F9000 X162.791 Y48.467
G0 X160.273 Y46.911
G0 X158.803 Y44.666
G0 X161.079 Y42.416
G0 X162.553 Y45.976
G0 X164.423 Y45.442
G0 X164.838 Y45.264
G0 X165.392 Y44.86
G0 X165.811 Y44.178
G0 X165.93 Y43.558
G0 X165.892 Y42.951
G0 X165.742 Y42.502
G0 X164.793 Y40.705
G0 X162.822 Y40.671
G0 X165.064 Y38.405
G0 X165.486 Y38.725
G0 X165.163 Y39.049
M204 S500
G1 F1800 X164.316 Y39.895 E501.89834
G1 X164.316 Y39.896
G1 X164.067 Y40.144 E501.91003
M204 S2000
G0 F9000 X164.547 Y40.23
M204 S500
G1 F1800 X165.446 Y39.332 E501.95229
M204 S2000
G0 F9000 X165.728 Y39.614
M204 S500
G1 F1800 X164.989 Y40.353 E501.98705
M204 S2000
G0 F9000 X165.376 Y40.532
M204 S500
G1 F1800 X166.032 Y39.876 E502.01791
M204 S2000
G0 F9000 X166.387 Y40.088
M204 S500
G1 F1800 X165.709 Y40.766 E502.0498
M204 S2000
G0 F9000 X166.027 Y41.013
M204 S500
G1 F1800 X166.812 Y40.228 E502.08672
M204 S2000
G0 F9000 X167.021 Y40.585
M204 S500
G1 F1800 X166.309 Y41.297 E502.12021
M204 S2000
G0 F9000 X166.53 Y41.642
M204 S500
G1 F1800 X167.181 Y40.99 E502.15086
M204 S2000
G0 F9000 X167.424 Y41.313
M204 S500
G1 F1800 X166.739 Y41.998 E502.18308
M204 S2000
G0 F9000 X166.892 Y42.41
M204 S500
G1 F1800 X167.707 Y41.596 E502.22139
M204 S2000
G0 F9000 X167.989 Y41.879
M204 S500
G1 F1800 X166.998 Y42.871 E502.26803
M204 S2000
G0 F9000 X167.042 Y43.392
M204 S500
G1 F1800 X168.271 Y42.163 E502.32584
M204 S2000
G0 F9000 X168.553 Y42.446
M204 S500
G1 F1800 X166.983 Y44.017 E502.39971
M204 S2000
G0 F9000 X166.699 Y44.866
M204 S500
G1 F1800 X168.664 Y42.901 E502.49213
M204 S2000
G0 F9000 X168.666 Y43.465
M204 S500
G1 F1800 X165.561 Y46.57 E502.63818
G1 X165.22 Y46.911 E502.65422
M204 S2000
G0 F9000 X165.27 Y46.295
M204 S500
G1 F1800 X164.413 Y47.152 E502.69453
M204 S2000
G0 F9000 X164.025 Y46.975
M204 S500
G1 F1800 X164.415 Y46.585 E502.71288
M204 S2000
G0 F9000 X164.024 Y46.975
M204 S500
G1 F1800 X163.43 Y47.57 E502.74084
M204 S2000
G0 F9000 X162.56 Y47.874
M204 S500
G1 F1800 X163.793 Y46.641 E502.79884
M204 S2000
G0 F9000 X163.261 Y46.607
M204 S500
G1 F1800 X162.277 Y47.591 E502.84512
M204 S2000
G0 F9000 X161.994 Y47.308
M204 S500
G1 F1800 X162.816 Y46.486 E502.88379
M204 S2000
G0 F9000 X162.396 Y46.34
M204 S500
G1 F1800 X161.711 Y47.026 E502.91603
M204 S2000
G0 F9000 X161.374 Y46.797
M204 S500
G1 F1800 X162.034 Y46.137 E502.94708
M204 S2000
G0 F9000 X161.71 Y45.896
M204 S500
G1 F1800 X160.979 Y46.627 E502.98146
M204 S2000
G0 F9000 X160.622 Y46.418
M204 S500
G1 F1800 X161.416 Y45.624 E503.01881
M204 S2000
G0 F9000 X161.157 Y45.317
M204 S500
G1 F1800 X160.501 Y45.973 E503.04966
M204 S2000
G0 F9000 X160.281 Y45.628
M204 S500
G1 F1800 X160.924 Y44.984 E503.07993
M204 S2000
G0 F9000 X160.753 Y44.59
M204 S500
G1 F1800 X160.016 Y45.327 E503.1146
M204 S2000
G0 F9000 X159.733 Y45.044
M204 S500
G1 F1800 X160.62 Y44.157 E503.15632
M204 S2000
G0 F9000 X160.488 Y43.723
M204 S500
G1 F1800 X159.45 Y44.761 E503.20514
M204 S2000
G0 F9000 X159.123 Y45.087
G0 X160.273 Y46.911
G0 X162.625 Y48.491
G0 X166.009 Y47.219
G0 X165.933 Y46.764
M204 S500
G1 F1800 X168.778 Y43.919 E503.33896
M204 S2000
G0 F9000 X168.921 Y44.341
M204 S500
G1 F1800 X166.579 Y46.683 E503.44912
M204 S2000
G0 F9000 X167.181 Y46.647
M204 S500
G1 F1800 X169.125 Y44.703 E503.54056
M204 S2000
G0 F9000 X169.347 Y45.047
M204 S500
G1 F1800 X167.739 Y46.655 E503.6162
M204 S2000
G0 F9000 X168.264 Y46.695
M204 S500
G1 F1800 X169.6 Y45.36 E503.67902
M204 S2000
G0 F9000 X169.917 Y45.609
M204 S500
G1 F1800 X168.765 Y46.76 E503.73318
M204 S2000
G0 F9000 X169.237 Y46.854
M204 S500
G1 F1800 X170.243 Y45.848 E503.7805
M204 S2000
G0 F9000 X170.612 Y46.045
M204 S500
G1 F1800 X169.695 Y46.961 E503.82361
M204 S2000
G0 F9000 X170.141 Y47.081
M204 S500
G1 F1800 X171.024 Y46.198 E503.86514
M204 S2000
G0 F9000 X171.47 Y46.318
M204 S500
G1 F1800 X170.588 Y47.2 E503.90663
M204 S2000
G0 F9000 X171.034 Y47.32
M204 S500
G1 F1800 X171.916 Y46.437 E503.94814
M204 S2000
G0 F9000 X172.362 Y46.557
M204 S500
G1 F1800 X171.48 Y47.439 E503.98963
M204 S2000
G0 F9000 X171.925 Y47.56
M204 S500
G1 F1800 X172.809 Y46.676 E504.03121
M204 S2000
G0 F9000 X173.255 Y46.796
M204 S500
G1 F1800 X172.372 Y47.679 E504.07274
M204 S2000
G0 F9000 X172.818 Y47.799
M204 S500
G1 F1800 X173.702 Y46.915 E504.11432
M204 S2000
G0 F9000 X174.148 Y47.034
M204 S500
G1 F1800 X173.264 Y47.918 E504.1559
M204 S2000
G0 F9000 X173.71 Y48.038
M204 S500
G1 F1800 X174.594 Y47.154 E504.19748
M204 S2000
G0 F9000 X175.04 Y47.273
M204 S500
G1 F1800 X174.156 Y48.157 E504.23906
M204 S2000
G0 F9000 X174.603 Y48.277
M204 S500
G1 F1800 X175.486 Y47.393 E504.28062
M204 S2000
G0 F9000 X175.933 Y47.512
M204 S500
G1 F1800 X175.049 Y48.396 E504.3222
M204 S2000
G0 F9000 X175.495 Y48.516
M204 S500
G1 F1800 X176.379 Y47.632 E504.36378
M204 S2000
G0 F9000 X176.826 Y47.75
M204 S500
G1 F1800 X175.941 Y48.635 E504.40541
M204 S2000
G0 F9000 X176.387 Y48.755
M204 S500
G1 F1800 X177.272 Y47.87 E504.44704
M204 S2000
G0 F9000 X177.718 Y47.989
M204 S500
G1 F1800 X176.833 Y48.875 E504.48869
M204 S2000
G0 F9000 X177.279 Y48.994
M204 S500
G1 F1800 X178.164 Y48.109 E504.53032
M204 S2000
G0 F9000 X178.669 Y48.17
M204 S500
G1 F1800 X177.725 Y49.114 E504.57472
M204 S2000
G0 F9000 X178.171 Y49.233
M204 S500
G1 F1800 X179.231 Y48.173 E504.62458
M204 S2000
G0 F9000 X179.844 Y48.127
M204 S500
G1 F1800 X178.618 Y49.353 E504.68225
M204 S2000
G0 F9000 X179.064 Y49.472
M204 S500
G1 F1800 X179.842 Y48.694 E504.71884
M204 S2000
G0 F9000 X179.914 Y49.187
M204 S500
G1 F1800 X179.51 Y49.592 E504.73787
M204 S2000
G0 F9000 X179.313 Y50.325
G1 F2400 E503.93787
;MESH:part_3.stl
G0 F9000 X173.105 Y49.47
G0 X172.825 Y50.518
G0 X173.094 Y53.491
G0 X173.092 Y54.576
G0 X171.448 Y55.648
M204 S500
;TYPE:WALL-INNER
G1 F2400 E504.73787
G1 F1316.3 X170.77 Y55.6 E504.76878
G1 F1376.7 X170.303 Y55.62 E504.78911
M204 S2000
G0 F9000 X169.176 Y56.893
G0 X167.983 Y58.959
G0 X169.537 Y60.957
G0 X165.772 Y61.538
M204 S500
G1 F1800 X175.769 Y61.563 E505.12161
G1 X175.779 Y59.466 E505.19136
G1 X175.843 Y59.201 E505.20043
G1 X176.023 Y58.876 E505.21278
G1 X176.361 Y58.654 E505.22623
G1 X176.78 Y58.566 E505.24047
G1 F1804.5 X181.778 Y58.576 E505.40629
G1 X181.779 Y58.177 E505.41953
G1 X176.78 Y58.166 E505.58538
G1 F1800 X176.363 Y58.075 E505.59958
G1 X176.105 Y57.903 E505.60989
G1 X175.859 Y57.551 E505.62417
G1 X175.783 Y57.299 E505.63293
G1 X175.786 Y55.165 E505.70391
G1 X165.788 Y55.14 E506.03644
G1 X165.779 Y57.239 E506.10625
G1 X165.719 Y57.492 E506.1149
G1 X165.59 Y57.729 E506.12388
G1 X165.457 Y57.877 E506.1305
G1 X165.197 Y58.048 E506.14085
G1 F1791 X164.867 Y58.136 E506.15226
G1 X159.78 Y58.126 E506.3223
G1 F1800 X159.779 Y58.525 E506.33557
G1 F1791 X164.865 Y58.538 E506.50558
G1 X165.196 Y58.627 E506.51704
G1 F1800 X165.454 Y58.8 E506.52737
G1 X165.586 Y58.95 E506.53402
G1 X165.726 Y59.225 E506.54428
G1 X165.769 Y59.413 E506.55069
G1 X165.772 Y61.538 E506.62137
M204 S2000
G0 F9000 X165.371 Y61.938
M204 S500
G1 F1800 X176.169 Y61.964 E506.98052
G1 X176.178 Y59.498 E507.06254
G1 X176.216 Y59.347 E507.06771
G1 X176.371 Y59.121 E507.07683
G1 X176.527 Y59.019 E507.08303
G1 X176.779 Y58.966 E507.09159
G1 X182.176 Y58.976 E507.2711
G1 X182.18 Y57.778 E507.31094
G1 X176.781 Y57.766 E507.49052
G1 X176.531 Y57.711 E507.49903
G1 X176.376 Y57.608 E507.50522
G1 X176.214 Y57.36 E507.51507
G1 X176.186 Y57.229 E507.51953
G1 X176.187 Y54.765 E507.60148
G1 X165.388 Y54.739 E507.96066
G1 X165.381 Y57.198 E508.04245
G1 X165.345 Y57.35 E508.04764
G1 X165.188 Y57.581 E508.05693
G1 X165.032 Y57.684 E508.06315
G1 X164.833 Y57.736 E508.06999
G1 X159.381 Y57.725 E508.25132
G1 X159.377 Y58.924 E508.2912
G1 X164.829 Y58.938 E508.47254
G1 X165.028 Y58.991 E508.47939
G1 X165.262 Y59.185 E508.4895
G1 X165.372 Y59.462 E508.49941
G1 X165.371 Y61.938 E508.58176
M204 S2000
G0 F9000 X165.642 Y61.67
G0 X166.173 Y61.139
M204 S500
G1 F1800 X169.808 Y61.148 E508.70266
G1 F1714.3 X170.122 Y61.129 E508.71365
G1 F1487.6 X170.396 Y61.086 E508.72481
G1 F1551.7 X169.86 Y60.889 E508.74684
G1 F1800 X169.615 Y60.786 E508.75568
G1 X169.363 Y60.649 E508.76522
G1 X169.076 Y60.452 E508.7768
G1 X168.746 Y60.135 E508.79202
G1 X168.493 Y59.796 E508.80609
G1 X168.315 Y59.494 E508.81775
G1 X168.136 Y58.91 E508.83806
G1 X168.067 Y58.582 E508.84921
G1 X168.111 Y57.864 E508.87314
G1 X168.32 Y57.218 E508.89572
G1 X168.617 Y56.726 E508.91484
G1 X168.959 Y56.352 E508.93169
G1 X169.334 Y56.067 E508.94736
G1 X169.771 Y55.844 E508.96367
G1 F1528.7 X170.303 Y55.62 E508.98628
G1 F1417.3 X170.117 Y55.588 E508.99425
G1 F1647.6 X169.727 Y55.549 E509.0085
G1 F1800 X166.187 Y55.541 E509.12624
G1 X166.177 Y57.28 E509.18408
G1 X166.147 Y57.46 E509.19015
G1 X165.982 Y57.888 E509.2054
G1 X165.726 Y58.173 E509.21814
G1 X165.474 Y58.339 E509.22818
G1 X165.725 Y58.506 E509.23821
G1 X165.971 Y58.785 E509.25058
G1 X166.107 Y59.101 E509.26202
G1 X166.175 Y59.405 E509.27238
G1 X166.173 Y61.139 E509.33006
M204 S2000
G0 F9000 X169.537 Y60.957
G0 X170.111 Y60.561
M204 S500
G1 F1800 X169.67 Y60.375 E509.34598
G1 X169.303 Y60.122 E509.3608
G1 X169.067 Y59.896 E509.37167
G1 X168.71 Y59.417 E509.39154
G1 X168.465 Y58.615 E509.41943
G1 X168.512 Y57.949 E509.44164
G1 X168.685 Y57.385 E509.46126
G1 X168.956 Y56.938 E509.47864
G1 X169.201 Y56.67 E509.49072
G1 X169.576 Y56.386 E509.50637
G1 X169.887 Y56.227 E509.51798
G1 X170.344 Y56.087 E509.53388
G1 X170.821 Y56.048 E509.5498
G1 X171.369 Y56.136 E509.56826
G1 X171.633 Y56.218 E509.57745
G1 X171.966 Y56.376 E509.58971
G1 X172.346 Y56.658 E509.60545
G1 X172.606 Y56.943 E509.61828
G1 X172.944 Y57.507 E509.64015
G1 X173.104 Y58.32 E509.66771
G1 X173.002 Y58.944 E509.68874
G1 X172.804 Y59.458 E509.70706
G1 X172.492 Y59.897 E509.72498
G1 X172.201 Y60.167 E509.73818
G1 X171.733 Y60.456 E509.75647
G1 X171.268 Y60.605 E509.77271
G1 X170.599 Y60.652 E509.79502
G1 X170.111 Y60.561 E509.81153
M204 S2000
G0 F9000 X169.867 Y60.024
M204 S500
G1 F1800 X169.444 Y59.733 E509.82861
G1 X169.08 Y59.243 E509.84891
G1 X168.869 Y58.57 E509.87237
G1 X168.905 Y58.022 E509.89063
G1 X169.07 Y57.517 E509.9083
G1 X169.295 Y57.15 E509.92262
G1 X169.442 Y56.989 E509.92987
G1 X169.906 Y56.638 E509.94922
G1 X170.451 Y56.478 E509.96811
G1 X170.803 Y56.449 E509.97986
G1 X171.39 Y56.545 E509.99965
G1 X171.763 Y56.723 E510.01339
G1 X172.108 Y56.979 E510.02768
G1 X172.263 Y57.15 E510.03536
G1 X172.569 Y57.658 E510.05508
G1 X172.698 Y58.319 E510.07748
G1 X172.617 Y58.836 E510.09489
G1 X172.451 Y59.265 E510.11019
G1 X172.166 Y59.664 E510.12649
G1 X171.992 Y59.827 E510.13442
G1 X171.565 Y60.09 E510.1511
G1 X171.16 Y60.214 E510.16519
G1 X170.625 Y60.25 E510.18303
G1 X170.227 Y60.175 E510.1965
G1 X169.867 Y60.024 E510.20948
M204 S2000
G0 F9000 X169.752 Y60.299
G0 X170.396 Y61.086
M204 S500
G1 F1390 X170.665 Y61.101 E510.22109
G1 F1355.9 X171.309 Y61.078 E510.24954
M204 S2000
G0 F9000 X171.289 Y61.087
M204 S500
G1 F1643.8 X171.791 Y61.153 E510.26798
G1 F1800 X175.37 Y61.162 E510.38702
G1 X175.375 Y59.451 E510.44392
G1 X175.47 Y59.055 E510.45747
G1 X175.646 Y58.736 E510.46959
G1 X175.833 Y58.528 E510.47889
G1 X176.084 Y58.363 E510.48888
G1 X175.834 Y58.198 E510.49884
G1 X175.586 Y57.916 E510.51133
G1 X175.44 Y57.565 E510.52398
G1 X175.383 Y57.276 E510.53377
G1 X175.385 Y55.564 E510.59072
G1 X171.871 Y55.555 E510.70759
G1 F1454.5 X171.448 Y55.648 E510.72542
G1 X171.804 Y55.856 E510.74239
G1 F1800 X172.047 Y55.971 E510.75133
G1 X172.285 Y56.114 E510.76057
G1 X172.585 Y56.337 E510.773
G1 X172.948 Y56.736 E510.79094
G1 X173.243 Y57.228 E510.81002
G1 X173.359 Y57.511 E510.82019
G1 X173.485 Y58.198 E510.84342
G1 X173.476 Y58.526 E510.85434
G1 X173.388 Y59.052 E510.87207
G1 X173.196 Y59.552 E510.88989
G1 X173.059 Y59.79 E510.89902
G1 X172.817 Y60.13 E510.9129
G1 X172.411 Y60.508 E510.93135
G1 X172.048 Y60.732 E510.94554
G1 F1643.8 X171.289 Y61.087 E510.97606
M204 S2000
G1 F2400 E510.17606
G0 F9000 X170.231 Y60.479
G0 X170.362 Y59.793
M204 S500
;TYPE:WALL-OUTER
G1 F2400 E510.97606
G1 F1800 X170.078 Y59.679 E510.98624
G1 X169.727 Y59.443 E511.0003
G1 X169.433 Y59.041 E511.01687
G1 X169.277 Y58.524 E511.03483
G1 X169.297 Y58.108 E511.04868
G1 X169.431 Y57.69 E511.06328
G1 X169.655 Y57.33 E511.07738
G1 X170.088 Y57.002 E511.09545
G1 X170.519 Y56.872 E511.11042
G1 X170.799 Y56.854 E511.11976
G1 X171.27 Y56.931 E511.13563
G1 X171.569 Y57.077 E511.1467
G1 X171.902 Y57.324 E511.16049
G1 X172.196 Y57.823 E511.17975
G1 X172.29 Y58.303 E511.19602
G1 X172.231 Y58.728 E511.21029
G1 X172.106 Y59.05 E511.22178
G1 X171.817 Y59.465 E511.2386
G1 X171.375 Y59.73 E511.25574
G1 X171.092 Y59.82 E511.26561
G1 X170.668 Y59.847 E511.27975
G1 X170.362 Y59.793 E511.29008
M204 S2000
G1 F2400 E510.49008
G0 F9000 X170.231 Y60.479
G0 X169.887 Y61.044
G0 X165.241 Y62.069
G0 X164.97 Y62.337
M204 S500
G1 F2400 E511.29008
G1 F1800 X176.568 Y62.365 E511.67583
G1 X176.576 Y59.51 E511.77079
G1 X176.64 Y59.417 E511.77455
G1 X176.778 Y59.366 E511.77944
G1 X182.575 Y59.378 E511.97225
G1 X182.582 Y57.379 E512.03874
G1 X176.782 Y57.366 E512.23165
G1 X176.647 Y57.314 E512.23646
G1 X176.586 Y57.205 E512.24061
G1 X176.588 Y54.366 E512.33504
G1 X164.989 Y54.338 E512.72082
G1 X164.982 Y57.162 E512.81475
G1 X164.945 Y57.256 E512.81811
G1 X164.845 Y57.337 E512.82239
G1 X158.983 Y57.324 E513.01736
G1 X158.976 Y59.323 E513.08385
G1 X164.838 Y59.337 E513.27882
G1 X164.938 Y59.419 E513.28312
G1 X164.974 Y59.512 E513.28644
G1 X164.97 Y62.337 E513.3804
M204 S2000
G0 F9000 X165.241 Y62.069
G0 X166.274 Y60.778
G0 X166.534 Y60.779
M204 S500
;TYPE:SKIN
G1 F1800 X166.535 Y59.364 E513.42746
G1 X166.456 Y59.01 E513.43952
G1 X166.279 Y58.586 E513.45481
G1 X166.059 Y58.341 E513.46576
G1 X166.293 Y58.081 E513.47739
G1 X166.5 Y57.545 E513.4965
G1 X166.534 Y57.331 E513.50371
G1 X166.545 Y55.901 E513.55127
G1 X168.944 Y55.909 E513.63106
G1 X168.747 Y56.058 E513.63928
G1 X168.306 Y56.542 E513.66106
G1 X168.038 Y56.976 E513.67802
G1 X167.94 Y57.222 E513.68683
G1 X167.813 Y57.613 E513.7005
G1 X167.746 Y57.885 E513.70982
G1 X167.718 Y58.388 E513.72658
G1 X167.73 Y58.728 E513.73789
G1 X167.785 Y58.993 E513.74689
G1 X167.989 Y59.652 E513.76984
G1 X168.188 Y59.991 E513.78291
G1 X168.455 Y60.35 E513.79779
G1 X168.907 Y60.786 E513.81868
G1 X166.534 Y60.779 E513.89761
M204 S2000
G0 F9000 X166.274 Y60.778
G0 X169.537 Y60.957
G0 X168.568 Y60.064
G0 X168.197 Y60.339
M204 S500
G1 F1800 X167.952 Y60.584 E513.90913
M204 S2000
G0 F9000 X167.39 Y60.58
M204 S500
G1 F1800 X167.964 Y60.006 E513.93613
M204 S2000
G0 F9000 X167.775 Y59.63
M204 S500
G1 F1800 X166.826 Y60.579 E513.98077
M204 S2000
G0 F9000 X166.733 Y60.106
M204 S500
G1 F1800 X167.639 Y59.2 E514.02339
M204 S2000
G0 F9000 X167.531 Y58.742
M204 S500
G1 F1800 X166.733 Y59.54 E514.06092
M204 S2000
G0 F9000 X166.667 Y59.04
M204 S500
G1 F1800 X167.528 Y58.18 E514.1014
M204 S2000
G0 F9000 X167.636 Y57.506
M204 S500
G1 F1800 X166.513 Y58.629 E514.15422
M204 S2000
G0 F9000 X166.515 Y58.061
M204 S500
G1 F1800 X168.075 Y56.502 E514.22757
M204 S2000
G0 F9000 X167.874 Y56.137
M204 S500
G1 F1800 X166.732 Y57.278 E514.28127
M204 S2000
G0 F9000 X166.737 Y56.707
M204 S500
G1 F1800 X167.341 Y56.104 E514.30965
M204 S2000
G0 F9000 X167.342 Y55.644
G0 X169.563 Y55.74
G0 X168.846 Y57.418
G0 X168.665 Y57.977
G0 X168.629 Y58.602
G0 X168.855 Y59.343
G0 X169.281 Y59.907
G0 X169.749 Y60.233
G0 X172.032 Y60.964
G0 X172.633 Y61.055
G0 X172.634 Y60.792
M204 S500
G1 F1800 X173.085 Y60.369 E514.33022
G1 X173.354 Y59.997 E514.34549
G1 X173.526 Y59.698 E514.35696
G1 X173.75 Y59.128 E514.37733
G1 X173.85 Y58.451 E514.40009
G1 X173.844 Y58.119 E514.41113
G1 X173.708 Y57.419 E514.43485
G1 X173.572 Y57.078 E514.44706
G1 X173.237 Y56.524 E514.4686
G1 X172.796 Y56.045 E514.49025
G1 X172.625 Y55.918 E514.49734
G1 X175.025 Y55.924 E514.57716
G1 X175.023 Y57.176 E514.6188
G1 X175.054 Y57.505 E514.62979
G1 X175.149 Y57.822 E514.6408
G1 X175.348 Y58.184 E514.65454
G1 X175.5 Y58.361 E514.6623
G1 X175.345 Y58.54 E514.67017
G1 X175.134 Y58.92 E514.68463
G1 X175.016 Y59.417 E514.70162
G1 X175.01 Y60.801 E514.74765
G1 X172.634 Y60.792 E514.82668
M204 S2000
G0 F9000 X172.633 Y61.055
G0 X174.725 Y61.059
G0 X174.726 Y60.599
M204 S500
G1 F1800 X174.81 Y60.514 E514.83065
M204 S2000
G0 F9000 X174.813 Y59.946
M204 S500
G1 F1800 X174.162 Y60.596 E514.86125
M204 S2000
G0 F9000 X173.661 Y60.532
M204 S500
G1 F1800 X173.596 Y60.596 E514.86429
G1 X173.661 Y60.531
G1 X174.82 Y59.373 E514.91878
M204 S2000
G0 F9000 X173.955 Y59.107
M204 S500
G1 F1800 X175.032 Y58.03 E514.96944
M204 S2000
G0 F9000 X174.876 Y57.62
M204 S500
G1 F1800 X174.047 Y58.449 E515.00843
M204 S2000
G0 F9000 X174.006 Y57.924
M204 S500
G1 F1800 X174.822 Y57.108 E515.04681
M204 S2000
G0 F9000 X174.822 Y56.542
M204 S500
G1 F1800 X173.912 Y57.452 E515.08962
M204 S2000
G0 F9000 X173.765 Y57.033
M204 S500
G1 F1800 X174.674 Y56.125 E515.13235
M204 S2000
G0 F9000 X174.111 Y56.122
M204 S500
G1 F1800 X173.563 Y56.67 E515.15813
M204 S2000
G0 F9000 X173.334 Y56.333
M204 S500
G1 F1800 X173.549 Y56.118 E515.16824
M204 S2000
G0 F9000 X173.55 Y55.66
G0 X175.213 Y55.735
G0 X175.754 Y58.362
G0 X175.55 Y58.704
G0 X175.146 Y58.481
M204 S500
G1 F1800 X173.516 Y60.111 E515.24491
M204 S2000
G0 F9000 X172.885 Y59.69
G1 F2400 E514.44491
;MESH:part_1.stl
G0 F9000 X172.037 Y55.746
G0 X176.373 Y54.578
G0 X176.375 Y53.498
G0 X183.673 Y53.2
G0 X184.522 Y53.021
G0 X185.655 Y52.478
G0 X186.533 Y51.738
G0 X187.22 Y50.775
G0 X187.571 Y49.933
G0 X187.769 Y48.793
G0 X187.668 Y47.578
G0 X187.285 Y46.489
G0 X186.65 Y45.531
G0 X180.126 Y39.533
G0 X180.316 Y38.274
M204 S500
;TYPE:WALL-INNER
G1 F2400 E515.24491
G1 F1860.5 X180.415 Y38.304 E515.24824
G1 F1726.6 X180.833 Y38.362 E515.26287
G1 F1538.5 X181.286 Y38.343 E515.28051
M204 S2000
G0 F9000 X183.529 Y37.592
M204 S500
G1 F1800 X195.111 Y37.591 E515.66573
G1 X194.918 Y37.213 E515.67985
G1 X194.821 Y36.955 E515.68902
G1 X194.705 Y36.524 E515.70386
G1 X194.659 Y36.082 E515.71864
G1 X194.707 Y35.456 E515.73952
G1 X194.817 Y35.039 E515.75387
G1 X194.904 Y34.8 E515.76233
G1 X195.092 Y34.397 E515.77712
G1 X183.529 Y34.396 E516.16171
G1 X183.662 Y34.643 E516.17104
G1 X183.825 Y35.032 E516.18506
G1 X183.926 Y35.448 E516.1993
G1 X183.972 Y36.046 E516.21925
G1 X183.917 Y36.53 E516.23545
G1 X183.862 Y36.789 E516.24426
G1 X183.733 Y37.202 E516.25865
G1 X183.529 Y37.592 E516.27329
M204 S2000
G0 F9000 X182.694 Y37.991
M204 S500
G1 F1800 X195.905 Y37.991 E516.71269
G1 X195.494 Y37.475 E516.73463
G1 X195.235 Y36.951 E516.75407
G1 X195.091 Y36.42 E516.77237
G1 X195.059 Y36.104 E516.78293
G1 X195.104 Y35.523 E516.80231
G1 X195.226 Y35.055 E516.8184
G1 X195.432 Y34.615 E516.83456
G1 X195.658 Y34.292 E516.84767
G1 X195.936 Y33.998 E516.86113
G1 X182.705 Y33.996 E517.30119
G1 X183.002 Y34.314 E517.31567
G1 X183.259 Y34.716 E517.33154
G1 X183.455 Y35.186 E517.34847
G1 X183.528 Y35.483 E517.35865
G1 X183.568 Y35.994 E517.37569
G1 X183.512 Y36.568 E517.39487
G1 X183.364 Y37.042 E517.41139
G1 X183.142 Y37.475 E517.42757
G1 X182.902 Y37.784 E517.44059
G1 X182.694 Y37.991 E517.45035
M204 S2000
G0 F9000 X181.286 Y38.343
M204 S500
G1 F1525.4 X181.674 Y38.392 E517.4657
G1 F1629 X185.488 Y38.392 E517.60587
G1 F1674.4 X189.302 Y38.392 E517.74224
G1 F1722.5 X193.116 Y38.392 E517.8748
G1 F1773.4 X196.93 Y38.391 E518.00356
G1 F1603.6 X197.347 Y38.343 E518.01923
G1 X196.788 Y38.115 E518.04177
G1 F1800 X196.24 Y37.769 E518.06332
G1 X195.83 Y37.253 E518.08525
G1 X195.609 Y36.802 E518.10195
G1 X195.451 Y36.216 E518.12214
G1 X195.5 Y35.588 E518.14309
G1 X195.605 Y35.19 E518.15678
G1 X195.779 Y34.816 E518.1705
G1 X196.021 Y34.472 E518.18449
G1 X196.381 Y34.126 E518.20109
G1 X196.763 Y33.894 E518.21596
G1 F1702.1 X197.337 Y33.641 E518.23802
G1 X196.842 Y33.598 E518.2555
G1 F1800 X181.638 Y33.596 E518.76118
G1 F1643.8 X181.186 Y33.634 E518.7777
G1 F1610.7 X181.476 Y33.727 E518.78902
G1 F1760.4 X182.071 Y33.998 E518.81126
G1 F1800 X182.408 Y34.259 E518.82544
G1 X182.685 Y34.561 E518.83907
G1 X182.904 Y34.904 E518.8526
G1 X183.121 Y35.425 E518.87137
G1 X183.168 Y35.994 E518.89036
G1 X183.117 Y36.491 E518.90698
G1 X182.991 Y36.894 E518.92102
G1 X182.803 Y37.259 E518.93468
G1 X182.554 Y37.58 E518.94819
G1 X182.164 Y37.926 E518.96553
G1 F1756.1 X181.575 Y38.227 E518.98808
G1 F1572.1 X181.286 Y38.343 E518.99994
M204 S2000
G0 F9000 X182.43 Y37.477
G0 X182.842 Y36.83
G0 X182.958 Y36.461
G0 X183.009 Y35.997
G0 X182.962 Y35.465
G0 X182.761 Y34.98
G0 X182.298 Y34.377
G0 X181.186 Y33.634
M204 S500
G1 F1551.7 X180.87 Y33.622 E519.01214
G1 F1666.7 X180.442 Y33.673 E519.02762
G1 F1841.4 X180.184 Y33.753 E519.03641
M204 S2000
G0 F9000 X197.357 Y33.643
M204 S500
G1 F1535.2 X197.71 Y33.621 E519.0502
G1 F1655.2 X198.014 Y33.642 E519.06122
G1 F1791 X198.391 Y33.728 E519.07415
G1 F1951.2 X198.527 Y33.773 E519.07854
M204 S2000
G0 F9000 X199.298 Y34.377
G0 X199.761 Y34.98
G0 X199.962 Y35.465
G0 X200.009 Y35.997
G0 X199.958 Y36.461
G0 X199.666 Y37.17
G0 X198.612 Y38.176
M204 S500
G1 F2016.8 X198.488 Y38.224 E519.08249
G1 F1899.7 X198.209 Y38.308 E519.09167
G1 F1756.1 X197.82 Y38.358 E519.10504
G1 F1582.4 X197.464 Y38.353 E519.11851
G1 F1475.4 X197.347 Y38.343 E519.12328
M204 S2000
G0 F9000 X197.028 Y37.793
M204 S500
;TYPE:WALL-OUTER
G1 F1800 X196.512 Y37.468 E519.14356
G1 X196.162 Y37.021 E519.16244
G1 X195.98 Y36.644 E519.17637
G1 X195.855 Y36.179 E519.19238
G1 X195.895 Y35.672 E519.2093
G1 X195.99 Y35.31 E519.22174
G1 X196.137 Y35.003 E519.23307
G1 X196.34 Y34.719 E519.24468
G1 X196.647 Y34.432 E519.25865
G1 X197.01 Y34.218 E519.27267
G1 X197.414 Y34.085 E519.28682
G1 X197.729 Y34.044 E519.29738
G1 X198.093 Y34.062 E519.3095
G1 X198.408 Y34.133 E519.32024
G1 F1739.1 X198.435 Y34.128 E519.32119
G1 F1475.4 X198.819 Y34.219 E519.3372
G1 F1338.3 X199.198 Y34.514 E519.35869
G1 F1371.4 X199.421 Y34.778 E519.37377
G1 F1392.6 X199.598 Y35.066 E519.3883
G1 F1431.4 X199.776 Y35.528 E519.40901
G1 F1454.5 X199.818 Y35.995 E519.42831
G1 F1445.8 X199.772 Y36.419 E519.44597
G1 F1431.4 X199.669 Y36.763 E519.46099
G1 F1414.5 X199.517 Y37.067 E519.47537
G1 F1384.6 X199.315 Y37.341 E519.49009
G1 F1343.3 X198.913 Y37.714 E519.51453
G1 F1475.4 X198.517 Y37.829 E519.53127
G1 F1730.8 X198.486 Y37.826 E519.53234
G1 F1800 X198.149 Y37.916 E519.54395
G1 X197.89 Y37.943 E519.55261
G1 X197.462 Y37.909 E519.56689
G1 X197.028 Y37.793 E519.58183
M204 S2000
G1 F2400 E518.78183
G0 F9000 X196.441 Y38.165
G0 X180.333 Y38.378
G0 X180.23 Y38.668
M204 S500
G1 F2400 E519.58183
G1 F1800 X180.676 Y38.77 E519.59705
G1 X181.055 Y38.792 E519.60967
G1 X197.713 Y38.792 E520.16372
G1 X198.198 Y38.727 E520.18
G1 X198.721 Y38.551 E520.19835
G1 F1548.4 X199.074 Y38.283 E520.21549
G1 F1316.3 X199.141 Y38.207 E520.22009
G1 F1297.3 X199.407 Y38.004 E520.23554
G1 F1326 X199.593 Y37.821 E520.24732
G1 F1345.8 X199.811 Y37.568 E520.26217
G1 F1376.7 X200.007 Y37.243 E520.27868
G1 F1406.2 X200.147 Y36.933 E520.29316
G1 F1422.9 X200.243 Y36.619 E520.30697
G1 F1428.6 X200.311 Y36.152 E520.32675
G1 F1425.7 X200.312 Y35.766 E520.34296
G1 F1437.1 X200.251 Y35.381 E520.3592
G1 F1440 X200.102 Y34.916 E520.3795
G1 F1406.2 X199.849 Y34.479 E520.401
G1 F1358.5 X199.663 Y34.23 E520.41469
G1 F1326 X199.417 Y33.988 E520.43027
G1 F1299.6 X199.121 Y33.76 E520.44749
G1 F1390 X198.867 Y33.549 E520.46171
G1 F1647.6 X198.618 Y33.389 E520.47246
G1 F1800 X198.094 Y33.236 E520.49062
G1 X197.732 Y33.198 E520.50272
G1 X180.834 Y33.196 E521.06475
G1 X180.333 Y33.281 E521.08166
G1 X180.044 Y33.394 E521.09198
G1 F1585.9 X179.78 Y33.561 E521.10377
G1 F1343.3 X179.664 Y33.669 E521.11083
G1 F1283.4 X179.407 Y33.83 E521.12498
G1 F1306.7 X179.042 Y34.154 E521.14734
G1 F1350.8 X178.77 Y34.507 E521.16709
G1 F1382 X178.583 Y34.816 E521.18274
G1 F1406.2 X178.424 Y35.251 E521.20246
G1 F1425.7 X178.341 Y35.607 E521.21781
G1 F1431.4 X178.319 Y35.968 E521.23293
G1 F1451.6 X178.327 Y36.258 E521.2449
G1 F1442.9 X178.415 Y36.702 E521.26368
G1 F1411.8 X178.534 Y37.039 E521.27883
G1 F1398.1 X178.648 Y37.278 E521.29017
G1 F1382 X178.903 Y37.679 E521.31076
G1 F1355.9 X179.246 Y38.026 E521.3323
G1 F1304.3 X179.611 Y38.296 E521.35314
G1 F1493.8 X180.23 Y38.668 E521.38208
M204 S2000
G0 F9000 X179.997 Y37.877
M204 S500
G1 F1343.3 X179.461 Y37.502 E521.41124
G1 F1376.7 X179.135 Y37.101 E521.43371
G1 F1406.2 X178.93 Y36.658 E521.45449
G1 F1445.8 X178.814 Y36.193 E521.47434
G1 X178.843 Y35.665 E521.49624
G1 F1428.6 X178.934 Y35.311 E521.51155
G1 F1411.8 X179.079 Y34.986 E521.52665
G1 F1384.6 X179.268 Y34.708 E521.54118
G1 F1345.8 X179.609 Y34.37 E521.56254
G1 F1299.6 X179.945 Y34.158 E521.58084
G1 F1496.9 X180.307 Y34.118 E521.59541
G1 F1800 X180.415 Y34.085 E521.59916
G1 X180.713 Y34.046 E521.60916
G1 X181.092 Y34.062 E521.62178
G1 X181.429 Y34.141 E521.63329
G1 X181.879 Y34.356 E521.64988
G1 X182.146 Y34.565 E521.66115
G1 X182.355 Y34.793 E521.67144
G1 X182.538 Y35.074 E521.68259
G1 X182.728 Y35.523 E521.69881
G1 X182.768 Y35.975 E521.7139
G1 X182.724 Y36.395 E521.72795
G1 X182.613 Y36.753 E521.74042
G1 X182.452 Y37.059 E521.75192
G1 X182.27 Y37.294 E521.7618
G1 X181.956 Y37.576 E521.77584
G1 X181.51 Y37.815 E521.79267
G1 X181.153 Y37.915 E521.805
G1 X180.89 Y37.943 E521.8138
G1 X180.48 Y37.913 E521.82747
G1 X180.416 Y37.897 E521.82966
G1 F1522.2 X179.997 Y37.877 E521.84616
M204 S2000
G0 F9000 X179.942 Y38.079
G0 X180.875 Y38.183
G0 X181.443 Y38.074
G0 X183.858 Y37.13
G0 X184.098 Y37.23
M204 S500
;TYPE:SKIN
G1 F1800 X184.207 Y36.896 E521.85785
G1 X184.272 Y36.589 E521.86828
G1 X184.333 Y36.038 E521.88672
G1 X184.284 Y35.42 E521.90734
G1 X184.126 Y34.758 E521.92998
G1 X194.515 Y34.758 E522.27552
G1 X194.388 Y35.262 E522.29281
G1 X194.339 Y35.547 E522.30242
G1 X194.299 Y36.092 E522.3206
G1 X194.356 Y36.614 E522.33806
G1 X194.523 Y37.231 E522.35932
G1 X184.098 Y37.23 E522.70606
M204 S2000
G0 F9000 X183.858 Y37.13
G0 X183.954 Y35.152
G0 X184.453 Y35.032
M204 S500
G1 F1800 X184.529 Y34.956 E522.70964
M204 S2000
G0 F9000 X185.095 Y34.956
M204 S500
G1 F1800 X184.495 Y35.556 E522.73786
M204 S2000
G0 F9000 X184.525 Y36.091
M204 S500
G1 F1800 X185.66 Y34.956 E522.79124
M204 S2000
G0 F9000 X186.226 Y34.956
M204 S500
G1 F1800 X184.456 Y36.726 E522.8745
M204 S2000
G0 F9000 X184.718 Y37.03
M204 S500
G1 F1800 X186.792 Y34.956 E522.97205
M204 S2000
G0 F9000 X187.357 Y34.956
M204 S500
G1 F1800 X185.283 Y37.03 E523.06961
M204 S2000
G0 F9000 X185.849 Y37.03
M204 S500
G1 F1800 X187.923 Y34.956 E523.16716
M204 S2000
G0 F9000 X188.489 Y34.956
M204 S500
G1 F1800 X186.415 Y37.03 E523.26472
M204 S2000
G0 F9000 X186.98 Y37.03
M204 S500
G1 F1800 X189.054 Y34.956 E523.36227
M204 S2000
G0 F9000 X189.619 Y34.957
M204 S500
G1 F1800 X187.546 Y37.03 E523.45978
M204 S2000
G0 F9000 X188.112 Y37.03
M204 S500
G1 F1800 X190.185 Y34.957 E523.55729
M204 S2000
G0 F9000 X190.751 Y34.957
M204 S500
G1 F1800 X188.678 Y37.03 E523.6548
M204 S2000
G0 F9000 X189.243 Y37.03
M204 S500
G1 F1800 X191.316 Y34.957 E523.7523
M204 S2000
G0 F9000 X191.882 Y34.957
M204 S500
G1 F1800 X189.809 Y37.03 E523.84981
M204 S2000
G0 F9000 X190.375 Y37.03
M204 S500
G1 F1800 X192.448 Y34.957 E523.94732
M204 S2000
G0 F9000 X193.013 Y34.957
M204 S500
G1 F1800 X190.94 Y37.03 E524.04483
M204 S2000
G0 F9000 X191.506 Y37.03
M204 S500
G1 F1800 X193.579 Y34.957 E524.14233
M204 S2000
G0 F9000 X194.145 Y34.957
M204 S500
G1 F1800 X192.072 Y37.03 E524.23984
M204 S2000
G0 F9000 X192.637 Y37.03
M204 S500
G1 F1800 X194.138 Y35.529 E524.31044
M204 S2000
G0 F9000 X194.106 Y36.127
M204 S500
G1 F1800 X193.203 Y37.03 E524.35292
M204 S2000
G0 F9000 X193.769 Y37.03
M204 S500
G1 F1800 X194.159 Y36.64 E524.37126
M204 S2000
G0 F9000 X194.907 Y36.504
G1 F2400 E523.57126
;MESH:NONMESH
G0 F300 X194.907 Y36.504 Z2.2
G0 F9000 X194.804 Y37.413
G0 X183.825 Y37.413
G0 X182.761 Y34.98
G0 X182.298 Y34.377
G0 X181.987 Y34.138
G0 X181.485 Y33.905
G0 X180.722 Y33.804
G0 X180.339 Y33.855
G0 X179.892 Y34.005
G0 X179.483 Y34.254
G0 X178.584 Y35.294
G0 X177.527 Y35.052
G0 X171.427 Y33.135
G0 X162.753 Y33.454
G0 X162.124 Y32.571
G0 X158.202 Y32.615
G0 X158.287 Y32.329
;TIME_ELAPSED:930.126760
;LAYER:10
M204 S500
;TYPE:WALL-INNER
;MESH:part_2.stl
G1 F2400 E524.37126
G1 F1800 X158.015 Y32.248 E524.3807
G1 X157.656 Y32.107 E524.39353
G1 X157.394 Y31.979 E524.40323
G1 X157.093 Y31.802 E524.41484
G1 X156.786 Y31.582 E524.4274
G1 X156.397 Y31.236 E524.44472
G1 X156.182 Y31.001 E524.45531
G1 X156.005 Y30.777 E524.46481
G1 X155.725 Y30.347 E524.48188
G1 X155.547 Y29.986 E524.49526
G1 X155.423 Y29.668 E524.50662
G1 X155.309 Y29.297 E524.51952
G1 X155.226 Y28.808 E524.53602
G1 X155.202 Y28.497 E524.5464
G1 X155.215 Y27.932 E524.56519
G1 X155.259 Y27.598 E524.5764
G1 X155.336 Y27.248 E524.58832
G1 X155.452 Y26.867 E524.60156
G1 X155.68 Y26.373 E524.61966
G1 X155.953 Y25.928 E524.63702
G1 X156.178 Y25.635 E524.64931
G1 X156.591 Y25.207 E524.66909
G1 X156.948 Y24.929 E524.68414
G1 X157.329 Y24.682 E524.69924
G1 X157.802 Y24.462 E524.71659
G1 X158.124 Y24.348 E524.72796
G1 X158.456 Y24.262 E524.73936
G1 X158.866 Y24.192 E524.7532
G1 X159.132 Y24.171 E524.76207
G1 X159.554 Y24.17 E524.77611
G1 X159.892 Y24.197 E524.78739
G1 X160.225 Y24.256 E524.79863
G1 X160.533 Y24.336 E524.80922
G1 X160.887 Y24.459 E524.82168
G1 X161.187 Y24.589 E524.83256
G1 X161.634 Y24.851 E524.84979
G1 X161.913 Y25.049 E524.86117
G1 X162.184 Y25.284 E524.8731
G1 X162.383 Y25.482 E524.88244
G1 X162.631 Y25.773 E524.89515
G1 X162.823 Y26.043 E524.90617
G1 X163.075 Y26.488 E524.92318
G1 X163.215 Y26.804 E524.93468
G1 X163.326 Y27.126 E524.946
G1 X163.409 Y27.458 E524.95739
G1 X163.473 Y27.846 E524.97047
G1 X163.499 Y28.302 E524.98566
G1 X163.485 Y28.671 E524.99794
G1 X163.447 Y28.981 E525.00833
G1 X163.368 Y29.357 E525.02111
G1 X163.264 Y29.695 E525.03287
G1 X163.09 Y30.111 E525.04787
G1 X162.891 Y30.478 E525.06175
G1 X162.606 Y30.888 E525.07836
G1 X162.378 Y31.153 E525.08999
G1 X162.144 Y31.383 E525.1009
G1 X161.876 Y31.61 E525.11258
G1 X161.502 Y31.866 E525.12765
G1 X161.191 Y32.038 E525.13948
G1 X160.886 Y32.176 E525.15061
G1 X160.523 Y32.298 E525.16335
G1 X160.199 Y32.379 E525.17445
G1 X159.739 Y32.448 E525.18993
G1 X159.409 Y32.465 E525.20092
G1 X159 Y32.453 E525.21452
G1 X158.683 Y32.414 E525.22515
G1 X158.287 Y32.329 E525.23862
M204 S2000
G0 F9000 X158.202 Y32.615
G0 X159.747 Y32.688
G0 X160.592 Y32.528
G0 X161.435 Y32.154
G0 X162.662 Y31.437
M204 S500
G1 F1925.1 X162.092 Y31.914 E525.26173
G1 F2093 X161.692 Y32.185 E525.27555
G1 F2099.1 X161.354 Y32.372 E525.28657
G1 F2111.4 X161.021 Y32.521 E525.29691
G1 F2105.3 X160.629 Y32.655 E525.30869
G1 F2087 X160.276 Y32.744 E525.31914
G1 F2080.9 X159.784 Y32.819 E525.33346
G1 F2069 X159.35 Y32.84 E525.34603
G1 X158.978 Y32.825 E525.3568
G1 F2057.1 X158.5 Y32.762 E525.37083
G1 F2051.3 X158.218 Y32.697 E525.37928
G1 F2069 X157.872 Y32.594 E525.38973
G1 X157.528 Y32.459 E525.40042
G1 F2045.5 X157.267 Y32.336 E525.40886
G1 X156.863 Y32.098 E525.42259
G1 F2063 X156.525 Y31.851 E525.43474
G1 F2069 X156.157 Y31.523 E525.449
G1 X155.796 Y31.131 E525.46442
G1 X155.412 Y30.552 E525.48453
G1 F2051.3 X155.264 Y30.268 E525.49387
G1 F2022.5 X155.055 Y29.753 E525.51032
G1 F2063 X154.951 Y29.392 E525.52123
G1 F2080.9 X154.867 Y28.939 E525.53448
G1 F2051.3 X154.831 Y28.567 E525.54539
G1 F2033.9 X154.83 Y28.086 E525.55955
G1 F2045.5 X154.89 Y27.539 E525.57565
G1 F2069 X154.974 Y27.156 E525.587
G1 F2080.9 X155.126 Y26.669 E525.60168
G1 X155.384 Y26.135 E525.61874
G1 F2069 X155.665 Y25.688 E525.63402
G1 F2074.9 X155.893 Y25.396 E525.64471
G1 F2087 X156.281 Y24.984 E525.66094
G1 F2051.3 X156.563 Y24.748 E525.67167
G1 F2033.9 X157.087 Y24.386 E525.69042
G1 F2063 X157.657 Y24.118 E525.7087
G1 F2069 X158.009 Y23.993 E525.71951
G1 F2057.1 X158.5 Y23.865 E525.73428
G1 F2045.5 X159.047 Y23.802 E525.75039
G1 F2063 X159.562 Y23.797 E525.76534
G1 F2099.1 X159.943 Y23.829 E525.77624
G1 F2111.4 X160.308 Y23.894 E525.78675
G1 F2074.9 X160.637 Y23.975 E525.79653
G1 F2033.9 X161.24 Y24.197 E525.81544
G1 X161.746 Y24.473 E525.83241
G1 F2074.9 X162.144 Y24.757 E525.84652
G1 F1935.5 X162.675 Y25.209 E525.86809
M204 S2000
G0 F9000 X163.428 Y26.689
G0 X163.708 Y27.79
G0 X163.723 Y28.69
G0 X163.497 Y29.758
G0 X163.114 Y30.575
G0 X162.574 Y31.294
G0 X162.037 Y31.787
G0 X161.306 Y32.245
G0 X160.338 Y32.581
G0 X158.482 Y32.839
G0 X158.43 Y33.133
M204 S500
G1 F1800 X158.947 Y33.197 E525.88541
G1 X159.366 Y33.215 E525.89936
G1 X159.77 Y33.196 E525.91281
G1 X160.19 Y33.143 E525.92689
G1 X160.561 Y33.063 E525.93952
G1 X160.943 Y32.948 E525.95279
G1 X161.322 Y32.8 E525.96632
G1 X161.682 Y32.624 E525.97965
G1 X162.032 Y32.413 E525.99324
G1 X162.393 Y32.154 E526.00802
G1 X162.69 Y31.912 E526.02076
G1 X163.12 Y31.606 E526.03831
G1 X163.459 Y31.404 E526.05144
G1 X163.886 Y31.194 E526.06726
G1 X164.357 Y31.009 E526.0841
G1 X164.802 Y30.88 E526.09951
G1 X165.262 Y30.786 E526.11512
G1 X165.683 Y30.734 E526.12923
G1 X166.156 Y30.715 E526.14497
G1 X180.238 Y30.713 E526.61334
G1 F1760.4 X180.661 Y30.704 E526.62773
G1 F1621.6 X180.953 Y30.679 E526.63855
G1 F1558.4 X181.396 Y30.688 E526.65557
G1 F1592.9 X181.727 Y30.657 E526.66807
G1 X182.112 Y30.569 E526.68291
G1 X182.458 Y30.42 E526.69707
G1 F1578.9 X182.809 Y30.189 E526.713
G1 F1585.9 X183.157 Y29.866 E526.73093
G1 F1607.1 X183.381 Y29.543 E526.74557
G1 F1596.5 X183.544 Y29.208 E526.75954
G1 F1585.9 X183.688 Y28.744 E526.77788
G1 F1582.4 X183.726 Y28.34 E526.79323
G1 F1610.7 X183.712 Y28.036 E526.80454
G1 F1618 X183.625 Y27.646 E526.81933
G1 F1614.3 X183.479 Y27.261 E526.8346
G1 X183.343 Y27.016 E526.84499
G1 F1596.5 X183.154 Y26.777 E526.85642
G1 F1592.9 X182.971 Y26.577 E526.86661
G1 F1578.9 X182.666 Y26.341 E526.88123
G1 F1603.6 X182.346 Y26.157 E526.89501
G1 F1614.3 X181.954 Y26.013 E526.9105
G1 F1596.5 X181.477 Y25.945 E526.92856
G1 F1585.9 X181.028 Y25.949 E526.94552
G1 F1678.3 X180.564 Y25.92 E526.9621
G1 F1800 X166.131 Y25.916 E527.44214
G1 X165.643 Y25.894 E527.45839
G1 X165.245 Y25.844 E527.47173
G1 X164.744 Y25.738 E527.48876
G1 X164.238 Y25.585 E527.50635
G1 X163.651 Y25.327 E527.52767
G1 X163.264 Y25.118 E527.5423
G1 X162.852 Y24.844 E527.55876
G1 X162.275 Y24.387 E527.58324
G1 X161.858 Y24.102 E527.60004
G1 X161.313 Y23.821 E527.62043
G1 X160.744 Y23.614 E527.64057
G1 X160.228 Y23.495 E527.65818
G1 X159.852 Y23.443 E527.67081
G1 X159.409 Y23.418 E527.68557
G1 X159.022 Y23.427 E527.69844
G1 X158.527 Y23.482 E527.71501
G1 X158.017 Y23.6 E527.73242
G1 X157.636 Y23.724 E527.74574
G1 X157.259 Y23.883 E527.75935
G1 X156.832 Y24.105 E527.77536
G1 X156.329 Y24.45 E527.79565
G1 X155.927 Y24.812 E527.81364
G1 X155.728 Y25.015 E527.82309
G1 X155.46 Y25.334 E527.83695
G1 X155.22 Y25.68 E527.85096
G1 X155.01 Y26.041 E527.86485
G1 X154.83 Y26.42 E527.8788
G1 X154.698 Y26.772 E527.89131
G1 X154.583 Y27.176 E527.90528
G1 X154.505 Y27.577 E527.91886
G1 X154.452 Y28.068 E527.93529
G1 X154.457 Y28.603 E527.95309
G1 X154.498 Y29.005 E527.96653
G1 X154.565 Y29.374 E527.979
G1 X154.696 Y29.872 E527.99613
G1 X154.922 Y30.431 E528.01618
G1 X155.16 Y30.859 E528.03247
G1 X155.449 Y31.289 E528.0497
G1 X155.785 Y31.679 E528.06682
G1 X156.026 Y31.914 E528.07802
G1 X156.324 Y32.169 E528.09106
G1 X156.657 Y32.41 E528.10473
G1 X157.093 Y32.672 E528.12165
G1 X157.563 Y32.879 E528.13873
G1 X157.933 Y33.006 E528.15174
G1 X158.43 Y33.133 E528.16881
M204 S2000
G0 F9000 X158.482 Y32.839
G0 X160.592 Y32.528
G0 X161.633 Y32.066
G0 X163.86 Y30.343
M204 S500
G1 F1800 X164.131 Y30.241 E528.17844
G1 X164.609 Y30.103 E528.19498
G1 X165.164 Y29.992 E528.21381
G1 X165.611 Y29.937 E528.22879
G1 X166.156 Y29.915 E528.24693
G1 X167.577 Y29.915 E528.29419
G1 X167.414 Y29.722 E528.3026
G1 X167.155 Y29.262 E528.32015
G1 X166.991 Y28.752 E528.33797
G1 X166.958 Y28.519 E528.3458
G1 X166.979 Y27.866 E528.36753
G1 X167.118 Y27.435 E528.38259
G1 X167.265 Y27.135 E528.3937
G1 X167.421 Y26.894 E528.40325
G1 X167.574 Y26.717 E528.41103
G1 X166.155 Y26.717 E528.45823
G1 X165.543 Y26.688 E528.47861
G1 X165.027 Y26.618 E528.49593
G1 X164.612 Y26.529 E528.51004
G1 X163.895 Y26.319 E528.53489
G1 X164.101 Y26.927 E528.55624
G1 X164.198 Y27.322 E528.56977
G1 X164.271 Y27.793 E528.58562
G1 X164.299 Y28.332 E528.60358
G1 X164.283 Y28.728 E528.61676
G1 X164.241 Y29.081 E528.62858
G1 X164.14 Y29.567 E528.64509
G1 X164.002 Y30.004 E528.66033
G1 X163.86 Y30.343 E528.67256
M204 S2000
G0 F9000 X162.662 Y31.437
M204 S500
G1 F1791 X162.915 Y31.262 E528.68284
G1 F1800 X163.254 Y31.06 E528.69597
G1 X163.71 Y30.834 E528.71289
G1 X164.244 Y30.625 E528.73197
G1 X164.72 Y30.488 E528.74844
G1 X165.132 Y30.402 E528.76244
G1 X165.647 Y30.335 E528.77971
G1 X166.156 Y30.315 E528.79665
G1 X168.711 Y30.315 E528.88163
G1 F1743.3 X169.091 Y30.303 E528.89469
G1 X168.723 Y30.207 E528.90775
G1 F1800 X168.413 Y30.079 E528.91891
G1 X168.175 Y29.93 E528.92824
G1 X167.942 Y29.728 E528.9385
G1 X167.719 Y29.464 E528.95
G1 X167.535 Y29.135 E528.96253
G1 X167.354 Y28.579 E528.98198
G1 X167.378 Y27.928 E529.00365
G1 X167.53 Y27.462 E529.01995
G1 X167.757 Y27.111 E529.03385
G1 X168.034 Y26.791 E529.04793
G1 X168.546 Y26.487 E529.06774
G1 F1791 X168.799 Y26.395 E529.07673
G1 F1747.6 X169.08 Y26.328 E529.08663
G1 X168.792 Y26.319 E529.0965
G1 F1791 X166.114 Y26.316 E529.18602
G1 F1800 X165.676 Y26.298 E529.2006
G1 X165.195 Y26.241 E529.21671
G1 X164.636 Y26.123 E529.23571
G1 X164.118 Y25.967 E529.2537
G1 X163.461 Y25.679 E529.27756
G1 X163.028 Y25.442 E529.29398
G1 X162.675 Y25.209 E529.30805
G1 X162.967 Y25.555 E529.32311
G1 X163.17 Y25.843 E529.33483
G1 X163.44 Y26.324 E529.35317
G1 X163.562 Y26.594 E529.36303
G1 X163.714 Y27.026 E529.37826
G1 X163.804 Y27.39 E529.39073
G1 X163.872 Y27.82 E529.40521
G1 X163.899 Y28.317 E529.42176
G1 X163.884 Y28.699 E529.43448
G1 X163.844 Y29.031 E529.4456
G1 X163.754 Y29.462 E529.46025
G1 X163.633 Y29.849 E529.47373
G1 X163.46 Y30.266 E529.48875
G1 X163.221 Y30.705 E529.50537
G1 X162.972 Y31.067 E529.51999
G1 F1791 X162.662 Y31.437 E529.53612
M204 S2000
G0 F9000 X164.723 Y30.652
G0 X168.553 Y30.046
G0 X168.71 Y29.793
M204 S500
G1 F1800 X168.308 Y29.541 E529.5519
G1 X168.025 Y29.206 E529.56649
G1 X167.914 Y29.009 E529.57401
G1 X167.754 Y28.519 E529.59115
G1 X167.776 Y27.991 E529.60873
G1 X167.896 Y27.632 E529.62132
G1 X168.139 Y27.258 E529.63615
G1 X168.44 Y26.991 E529.64953
G1 X168.801 Y26.805 E529.66304
G1 X169.221 Y26.717 E529.67731
G1 X174.433 Y26.719 E529.85067
G1 X174.893 Y26.798 E529.86619
G1 X175.408 Y27.108 E529.88618
G1 X175.695 Y27.435 E529.90065
G1 X175.907 Y27.909 E529.91792
G1 X175.947 Y28.478 E529.9369
G1 X175.776 Y29.064 E529.9572
G1 X175.486 Y29.453 E529.97334
G1 X175.109 Y29.735 E529.989
G1 X174.547 Y29.916 E530.00863
G1 X169.247 Y29.916 E530.18491
G1 X168.71 Y29.793 E530.20324
M204 S2000
G0 F9000 X169.091 Y30.303
M204 S500
G1 F1747.6 X169.315 Y30.315 E530.21092
G1 F1809 X174.468 Y30.315 E530.38145
G1 F1777.8 X174.641 Y30.308 E530.38728
M204 S2000
G0 F9000 X176.14 Y29.914
M204 S500
G1 F1800 X179.148 Y29.913 E530.48733
G1 X178.9 Y29.441 E530.50506
G1 X178.767 Y29.088 E530.51761
G1 X178.688 Y28.778 E530.52825
G1 X178.655 Y28.458 E530.53895
G1 X178.649 Y28.201 E530.5475
G1 X178.738 Y27.66 E530.56574
G1 X178.888 Y27.221 E530.58117
G1 X179.159 Y26.721 E530.60008
G1 X176.162 Y26.72 E530.69976
G1 X176.463 Y27.191 E530.71835
G1 X176.595 Y27.488 E530.72916
G1 X176.705 Y27.868 E530.74232
G1 X176.754 Y28.44 E530.76142
G1 X176.714 Y28.699 E530.77013
G1 X176.572 Y29.192 E530.7872
G1 X176.352 Y29.629 E530.80347
G1 X176.14 Y29.914 E530.81528
M204 S2000
G0 F9000 X174.673 Y30.308
M204 S500
G1 F1786.6 X175.181 Y30.315 E530.83231
G1 F1800 X180.221 Y30.313 E530.99994
G1 X179.975 Y30.157 E531.00963
G1 X179.611 Y29.837 E531.02575
G1 X179.317 Y29.413 E531.04291
G1 X179.094 Y28.821 E531.06395
G1 X179.042 Y28.315 E531.08087
G1 X179.133 Y27.726 E531.10069
G1 X179.24 Y27.412 E531.11172
G1 X179.441 Y27.041 E531.12576
G1 X179.596 Y26.828 E531.13452
G1 X179.861 Y26.549 E531.14732
G1 X180.226 Y26.32 E531.16165
G1 X175.244 Y26.319 E531.32735
G1 F1777.8 X174.739 Y26.327 E531.34436
G1 X175.191 Y26.511 E531.36079
G1 F1800 X175.532 Y26.715 E531.37401
G1 X175.771 Y26.915 E531.38437
G1 X175.938 Y27.105 E531.39279
G1 X176.097 Y27.355 E531.40264
G1 X176.23 Y27.652 E531.41347
G1 X176.308 Y27.923 E531.42284
G1 X176.357 Y28.496 E531.44197
G1 X176.188 Y29.078 E531.46213
G1 X176.031 Y29.39 E531.47375
G1 X175.858 Y29.623 E531.4834
G1 X175.656 Y29.826 E531.49292
G1 X175.43 Y29.995 E531.50231
G1 X175.153 Y30.14 E531.51271
G1 F1786.6 X174.673 Y30.308 E531.52975
M204 S2000
G0 F9000 X175.656 Y29.622
G0 X175.989 Y29.175
G0 X176.194 Y28.491
G0 X176.141 Y27.853
G0 X175.897 Y27.307
G0 X175.628 Y26.996
G0 X174.64 Y26.329
M204 S500
G1 F1751.8 X174.433 Y26.319 E531.53683
G1 F1800 X169.287 Y26.317 E531.70799
G1 F1756.1 X169.08 Y26.328 E531.71506
M204 S2000
G0 F9000 X174.522 Y26.48
G0 X174.984 Y26.578
G0 X175.565 Y26.923
G0 X175.897 Y27.307
G0 X176.726 Y29.235
G0 X176.495 Y29.734
G0 X180.916 Y30.468
G0 X180.938 Y30.206
M204 S500
G1 F1690.1 X180.305 Y29.914 E531.73975
G1 F1764.7 X179.91 Y29.567 E531.75759
G1 F1800 X179.673 Y29.223 E531.77148
G1 X179.486 Y28.726 E531.78914
G1 X179.449 Y28.29 E531.80369
G1 X179.542 Y27.695 E531.82373
G1 X179.831 Y27.162 E531.84389
G1 X180.117 Y26.861 E531.8577
G1 F1739.1 X180.552 Y26.587 E531.8754
G1 F1621.6 X181.067 Y26.404 E531.89558
G1 F1582.4 X181.5 Y26.394 E531.91196
G1 F1592.9 X181.856 Y26.457 E531.92555
G1 F1614.3 X182.138 Y26.545 E531.93651
G1 F1603.6 X182.407 Y26.72 E531.94849
G1 F1585.9 X182.695 Y26.93 E531.96194
G1 F1610.7 X183.052 Y27.368 E531.98294
G1 F1607.1 X183.194 Y27.781 E531.99921
G1 F1618 X183.29 Y28.11 E532.01189
G1 F1629 X183.226 Y28.773 E532.03637
G1 F1618 X183.016 Y29.286 E532.05689
G1 F1614.3 X182.777 Y29.61 E532.07182
G1 F1589.4 X182.525 Y29.827 E532.08434
G1 F1585.9 X182.317 Y29.981 E532.09411
G1 F1600 X181.973 Y30.139 E532.10828
G1 F1582.4 X181.492 Y30.24 E532.12687
G1 F1610.7 X180.938 Y30.206 E532.1475
M204 S2000
G0 F9000 X180.978 Y29.772
M204 S500
;TYPE:WALL-OUTER
G1 F1800 X180.525 Y29.576 E532.16392
G1 X180.23 Y29.316 E532.177
G1 X180.022 Y29.015 E532.18917
G1 X179.876 Y28.61 E532.20349
G1 X179.849 Y28.339 E532.21254
G1 X179.927 Y27.825 E532.22983
G1 X180.158 Y27.399 E532.24595
G1 X180.39 Y27.162 E532.25698
G1 X180.738 Y26.942 E532.27068
G1 X181.141 Y26.827 E532.28462
G1 X181.462 Y26.82 E532.29529
G1 X181.939 Y26.916 E532.31148
G1 X182.417 Y27.261 E532.33108
G1 X182.679 Y27.587 E532.345
G1 X182.859 Y28.141 E532.36437
G1 X182.801 Y28.699 E532.38303
G1 X182.652 Y29.059 E532.39599
G1 X182.443 Y29.345 E532.40777
G1 X182.086 Y29.623 E532.42282
G1 X181.842 Y29.734 E532.43173
G1 X181.486 Y29.81 E532.44384
G1 X180.978 Y29.772 E532.46078
M204 S2000
G1 F2400 E531.66078
G0 F9000 X180.92 Y30.468
G0 X169.221 Y30.154
G0 X168.736 Y30.044
G0 X168.039 Y29.686
G0 X168.574 Y29.236
M204 S500
G1 F2400 E532.46078
G1 F1800 X168.305 Y28.917 E532.47466
G1 X168.156 Y28.447 E532.49106
G1 X168.177 Y28.046 E532.50442
G1 X168.273 Y27.787 E532.51361
G1 X168.464 Y27.505 E532.52493
G1 X168.651 Y27.339 E532.53325
G1 X168.913 Y27.198 E532.54315
G1 X169.252 Y27.119 E532.55472
G1 X174.474 Y27.123 E532.72841
G1 X174.78 Y27.198 E532.73889
G1 X175.148 Y27.418 E532.75315
G1 X175.355 Y27.655 E532.76361
G1 X175.514 Y28.011 E532.77658
G1 X175.545 Y28.417 E532.79012
G1 X175.412 Y28.883 E532.80624
G1 X175.2 Y29.167 E532.81803
G1 X174.924 Y29.373 E532.82948
G1 X174.503 Y29.514 E532.84425
G1 X169.27 Y29.511 E533.0183
G1 X168.868 Y29.42 E533.03201
G1 X168.574 Y29.236 E533.04355
M204 S2000
G1 F2400 E532.24355
G0 F9000 X168.039 Y29.686
G0 X162.469 Y31.372
G0 X162.037 Y31.787
G0 X161.306 Y32.245
G0 X160.23 Y32.618
G0 X159.546 Y32.69
G0 X158.201 Y32.615
G0 X158.401 Y31.945
M204 S500
G1 F2400 E533.04355
G1 F1800 X158.114 Y31.859 E533.05351
G1 X157.848 Y31.755 E533.06301
G1 X157.557 Y31.612 E533.07379
G1 X157.298 Y31.458 E533.08382
G1 X157.034 Y31.268 E533.09464
G1 X156.692 Y30.965 E533.10983
G1 X156.478 Y30.731 E533.12038
G1 X156.309 Y30.515 E533.1295
G1 X156.083 Y30.169 E533.14325
G1 X155.919 Y29.838 E533.15553
G1 X155.805 Y29.55 E533.16583
G1 X155.696 Y29.195 E533.17819
G1 X155.624 Y28.764 E533.19272
G1 X155.601 Y28.445 E533.20336
G1 X155.612 Y27.982 E533.21876
G1 X155.65 Y27.683 E533.22879
G1 X155.72 Y27.363 E533.23968
G1 X155.826 Y27.009 E533.25197
G1 X156.056 Y26.519 E533.26997
G1 X156.305 Y26.123 E533.28553
G1 X156.494 Y25.883 E533.29569
G1 X156.858 Y25.505 E533.31315
G1 X157.178 Y25.257 E533.32661
G1 X157.496 Y25.047 E533.33929
G1 X157.968 Y24.827 E533.35661
G1 X158.247 Y24.729 E533.36644
G1 X158.558 Y24.649 E533.37712
G1 X158.879 Y24.593 E533.38796
G1 X159.179 Y24.57 E533.39797
G1 X159.521 Y24.569 E533.40934
G1 X159.842 Y24.596 E533.42006
G1 X160.139 Y24.648 E533.43009
G1 X160.423 Y24.721 E533.43984
G1 X160.717 Y24.822 E533.45018
G1 X161.003 Y24.946 E533.46055
G1 X161.402 Y25.177 E533.47588
G1 X161.67 Y25.368 E533.48683
G1 X161.902 Y25.568 E533.49702
G1 X162.112 Y25.778 E533.50689
G1 X162.318 Y26.023 E533.51754
G1 X162.476 Y26.243 E533.52655
G1 X162.701 Y26.634 E533.54155
G1 X162.837 Y26.937 E533.5526
G1 X162.938 Y27.226 E533.56278
G1 X163.015 Y27.526 E533.57308
G1 X163.071 Y27.852 E533.58408
G1 X163.099 Y28.265 E533.59785
G1 X163.085 Y28.654 E533.6108
G1 X163.05 Y28.931 E533.62009
G1 X162.982 Y29.252 E533.631
G1 X162.895 Y29.541 E533.64104
G1 X162.721 Y29.957 E533.65603
G1 X162.572 Y30.233 E533.66647
G1 X162.3 Y30.629 E533.68245
G1 X162.095 Y30.87 E533.69297
G1 X161.886 Y31.078 E533.70278
G1 X161.644 Y31.283 E533.71332
G1 X161.296 Y31.522 E533.72737
G1 X161.01 Y31.68 E533.73823
G1 X160.74 Y31.802 E533.74809
G1 X160.399 Y31.917 E533.76006
G1 X160.116 Y31.987 E533.76975
G1 X159.675 Y32.051 E533.78457
G1 X159.373 Y32.065 E533.79463
G1 X159.011 Y32.052 E533.80668
G1 X158.716 Y32.014 E533.81657
G1 X158.401 Y31.945 E533.8273
M204 S2000
G1 F2400 E533.0273
G0 F9000 X158.201 Y32.615
G0 X158.482 Y32.839
G0 X158.356 Y33.527
M204 S500
G1 F2400 E533.8273
G1 F1800 X158.913 Y33.596 E533.84596
G1 X159.383 Y33.615 E533.86161
G1 X159.789 Y33.596 E533.87513
G1 X160.24 Y33.541 E533.89024
G1 X160.675 Y33.447 E533.90504
G1 X161.059 Y33.332 E533.91837
G1 X161.482 Y33.167 E533.93347
G1 X161.886 Y32.968 E533.94845
G1 X162.239 Y32.757 E533.96213
G1 X162.603 Y32.498 E533.97699
G1 X162.955 Y32.213 E533.99205
G1 X163.325 Y31.95 E534.00715
G1 X163.679 Y31.74 E534.02084
G1 X164.075 Y31.547 E534.03549
G1 X164.453 Y31.398 E534.04901
G1 X164.884 Y31.272 E534.06394
G1 X165.312 Y31.183 E534.07848
G1 X165.719 Y31.132 E534.09213
G1 X166.156 Y31.115 E534.10667
G1 X181.453 Y31.113 E534.61545
G1 X181.796 Y31.079 E534.62692
G1 X182.245 Y30.976 E534.64224
G1 X182.659 Y30.797 E534.65724
G1 X183.076 Y30.529 E534.67373
G1 X183.391 Y30.228 E534.68822
G1 X183.557 Y30.037 E534.69663
G1 X183.748 Y29.758 E534.70788
G1 X183.942 Y29.367 E534.7224
G1 X184.109 Y28.828 E534.74117
G1 X184.154 Y28.344 E534.75733
G1 X184.128 Y27.979 E534.7695
G1 X184.034 Y27.525 E534.78492
G1 X183.862 Y27.084 E534.80067
G1 X183.7 Y26.783 E534.81204
G1 X183.469 Y26.49 E534.82445
G1 X183.262 Y26.264 E534.83464
G1 X182.903 Y25.98 E534.84986
G1 X182.489 Y25.758 E534.86549
G1 X182.06 Y25.596 E534.88074
G1 X181.506 Y25.521 E534.89934
G1 X166.147 Y25.516 E535.41018
G1 X165.693 Y25.497 E535.42529
G1 X165.279 Y25.444 E535.43917
G1 X164.848 Y25.351 E535.45384
G1 X164.358 Y25.203 E535.47086
G1 X163.841 Y24.975 E535.48966
G1 X163.468 Y24.773 E535.50376
G1 X163.1 Y24.53 E535.51843
G1 X162.513 Y24.065 E535.54334
G1 X162.064 Y23.758 E535.56143
G1 X161.474 Y23.454 E535.58351
G1 X160.858 Y23.23 E535.60531
G1 X160.301 Y23.101 E535.62432
G1 X159.892 Y23.044 E535.63806
G1 X159.43 Y23.017 E535.65345
G1 X159.027 Y23.026 E535.66686
G1 X158.459 Y23.087 E535.68586
G1 X157.909 Y23.215 E535.70464
G1 X157.496 Y23.349 E535.71908
G1 X157.089 Y23.521 E535.73378
G1 X156.626 Y23.761 E535.75112
G1 X156.082 Y24.134 E535.77306
G1 X155.658 Y24.513 E535.79198
G1 X155.431 Y24.747 E535.80282
G1 X155.142 Y25.09 E535.81774
G1 X154.89 Y25.451 E535.83238
G1 X154.656 Y25.853 E535.84785
G1 X154.467 Y26.248 E535.86241
G1 X154.322 Y26.632 E535.87607
G1 X154.194 Y27.083 E535.89166
G1 X154.109 Y27.517 E535.90637
G1 X154.051 Y28.048 E535.92413
G1 X154.056 Y28.609 E535.94279
G1 X154.104 Y29.076 E535.95841
G1 X154.175 Y29.461 E535.97143
G1 X154.316 Y29.998 E535.9899
G1 X154.56 Y30.603 E536.01159
G1 X154.818 Y31.068 E536.02928
G1 X155.13 Y31.533 E536.0479
G1 X155.493 Y31.953 E536.06637
G1 X155.746 Y32.201 E536.07815
G1 X156.076 Y32.484 E536.09261
G1 X156.437 Y32.744 E536.10741
G1 X156.909 Y33.028 E536.12573
G1 X157.417 Y33.252 E536.1442
G1 X157.819 Y33.39 E536.15833
G1 X158.356 Y33.527 E536.17676
M204 S2000
G0 F9000 X158.482 Y32.839
G0 X160.592 Y32.528
G0 X161.529 Y32.112
G0 X164.541 Y30.019
G0 X164.469 Y29.765
M204 S500
;TYPE:SKIN
G1 F1800 X164.596 Y29.136 E536.19811
G1 X164.643 Y28.76 E536.21071
G1 X164.663 Y28.256 E536.22749
G1 X164.631 Y27.772 E536.24362
G1 X164.553 Y27.264 E536.26071
G1 X164.458 Y26.862 E536.27445
G1 X165.08 Y26.992 E536.29559
G1 X165.657 Y27.058 E536.3149
G1 X166.155 Y27.078 E536.33148
G1 X166.895 Y27.078 E536.35609
G1 X166.785 Y27.302 E536.36439
G1 X166.628 Y27.812 E536.38214
G1 X166.599 Y28.538 E536.40631
G1 X166.644 Y28.85 E536.41679
G1 X166.809 Y29.366 E536.43481
G1 X166.91 Y29.554 E536.44191
G1 X166.137 Y29.555 E536.46762
G1 X165.528 Y29.585 E536.4879
G1 X164.989 Y29.655 E536.50598
G1 X164.469 Y29.765 E536.52365
M204 S2000
G0 F9000 X165.19 Y29.425
M204 S500
G1 F1800 X164.807 Y29.042 E536.54167
M204 S2000
G0 F9000 X164.851 Y28.521
M204 S500
G1 F1800 X165.704 Y29.374 E536.58179
M204 S2000
G0 F9000 X166.244 Y29.348
M204 S500
G1 F1800 X164.841 Y27.945 E536.64778
M204 S2000
G0 F9000 X164.76 Y27.299
M204 S500
G1 F1800 X166.464 Y29.003 E536.72794
M204 S2000
G0 F9000 X166.403 Y28.376
M204 S500
G1 F1800 X165.238 Y27.211 E536.78273
M204 S2000
G0 F9000 X165.858 Y27.266
M204 S500
G1 F1800 X166.421 Y27.828 E536.80919
M204 S2000
G0 F9000 X166.547 Y27.389
M204 S500
G1 F1800 X166.448 Y27.29 E536.81385
M204 S2000
G0 F9000 X166.448 Y26.817
G0 X169.202 Y26.478
G0 X174.522 Y26.48
G0 X174.984 Y26.578
G0 X175.565 Y26.923
G0 X175.834 Y27.234
G0 X176.748 Y28.943
G0 X177.4 Y29.132
M204 S500
G1 F1636.4 X177.973 Y29.131 E536.83481
G1 X177.915 Y28.901 E536.84349
G1 F1718.4 X177.899 Y28.543 E536.85598
G1 F1786.6 X177.893 Y28.075 E536.87166
G1 F1682.2 X177.926 Y27.769 E536.88261
G1 F1607.1 X177.973 Y27.506 E536.89257
G1 X177.414 Y27.506 E536.91339
G1 X177.484 Y27.758 E536.92313
G1 F1643.8 X177.506 Y28.771 E536.96003
G1 F1659 X177.4 Y29.132 E536.97361
M204 S2000
G0 F9000 X176.788 Y29.553
M204 S500
G1 F1800 X178.556 Y29.552 E537.03242
G1 X178.424 Y29.202 E537.04486
G1 X178.328 Y28.82 E537.05796
G1 X178.296 Y28.499 E537.06869
G1 X178.291 Y28.143 E537.08053
G1 X178.39 Y27.575 E537.0997
G1 X178.557 Y27.081 E537.11705
G1 X176.809 Y27.081 E537.17519
G1 X176.932 Y27.36 E537.18533
G1 X177.063 Y27.825 E537.2014
G1 X177.1 Y28.27 E537.21625
G1 X177.106 Y28.629 E537.22819
G1 X176.92 Y29.285 E537.25087
G1 X176.788 Y29.553 E537.26081
M204 S2000
G0 F9000 X176.311 Y29.337
G1 F2400 E536.46081
;MESH:part_4.stl
G0 F9000 X174.875 Y29.675
G0 X166.141 Y30.897
G0 X166.174 Y31.98
G0 X165.826 Y36.003
G0 X165.063 Y36.766
G0 X162.109 Y41.204
M204 S500
;TYPE:WALL-INNER
G1 F2400 E537.26081
G1 F1400.8 X161.912 Y41.383 E537.27218
G1 F1368.8 X161.494 Y41.832 E537.29901
M204 S2000
G0 F9000 X158.802 Y44.666
G0 X159.87 Y46.787
G0 X156.154 Y51.312
M204 S500
G1 F1804.5 X159.689 Y47.777 E537.46487
G1 X160.048 Y47.546 E537.47904
G1 F1800 X160.353 Y47.484 E537.48939
G1 X160.553 Y47.496 E537.49605
G1 X160.842 Y47.588 E537.50614
G1 X161.026 Y47.706 E537.51341
G1 X162.565 Y49.236 E537.58559
G1 X163.04 Y48.895 E537.60504
G1 X163.389 Y48.678 E537.6187
G1 X163.958 Y48.375 E537.64015
G1 X164.491 Y48.143 E537.65948
G1 X165.161 Y47.916 E537.68301
G1 X165.801 Y47.757 E537.70494
G1 X166.448 Y47.655 E537.72673
G1 X167.009 Y47.61 E537.74545
G1 X167.399 Y47.603 E537.75842
G1 X167.743 Y47.613 E537.76987
G1 X168.383 Y47.67 E537.79124
G1 X168.646 Y47.71 E537.80008
G1 X169.299 Y47.85 E537.8223
G1 F1791 X181.274 Y51.055 E538.23667
G1 F1496.9 X181.608 Y51.096 E538.25013
G1 F1304.3 X182.035 Y51.292 E538.27169
G1 F1311.5 X182.289 Y51.378 E538.28393
G1 F1302 X182.688 Y51.472 E538.30278
G1 F1297.3 X183.151 Y51.495 E538.32417
G1 F1306.7 X183.447 Y51.477 E538.33776
G1 F1321.1 X183.886 Y51.402 E538.35794
G1 F1316.3 X184.404 Y51.199 E538.38325
G1 F1309.1 X184.707 Y51.017 E538.39941
G1 F1313.9 X185.069 Y50.745 E538.42005
G1 F1323.5 X185.254 Y50.56 E538.43188
G1 F1309.1 X185.455 Y50.315 E538.44637
G1 F1302 X185.652 Y50.018 E538.46276
G1 F1309.1 X185.869 Y49.566 E538.48569
G1 F1302 X185.973 Y49.14 E538.50585
G1 X186.032 Y48.684 E538.527
G1 F1299.6 X186.027 Y48.4 E538.54008
G1 F1297.3 X185.965 Y47.915 E538.56265
G1 F1306.7 X185.836 Y47.501 E538.58251
G1 F1311.5 X185.664 Y47.146 E538.60052
G1 F1309.1 X185.405 Y46.758 E538.62185
G1 F1306.7 X185.188 Y46.505 E538.63713
G1 F1304.3 X184.834 Y46.206 E538.65839
G1 F1309.1 X184.584 Y46.047 E538.67194
G1 F1313.9 X184.229 Y45.862 E538.69018
G1 F1311.5 X183.877 Y45.748 E538.70707
G1 F1306.7 X183.619 Y45.686 E538.71923
G1 X183.072 Y45.638 E538.74439
G1 F1304.3 X182.645 Y45.681 E538.76409
G1 X182.234 Y45.77 E538.78339
G1 F1309.1 X181.769 Y45.964 E538.80643
G1 X181.425 Y46.176 E538.82491
G1 F1306.7 X181.161 Y46.389 E538.84045
G1 F1295 X180.855 Y46.662 E538.85941
G1 F1503.1 X180.499 Y46.803 E538.87466
G1 F1800 X180.272 Y46.929 E538.8833
G1 X179.742 Y47.151 E538.90241
G1 X178.934 Y47.247 E538.92947
G1 X178.317 Y47.16 E538.9502
G1 X171.152 Y45.24 E539.19691
G1 X170.87 Y45.115 E539.20717
G1 X170.468 Y44.854 E539.22311
G1 X170.009 Y44.36 E539.24554
G1 X169.695 Y43.682 E539.27039
G1 X169.617 Y43.121 E539.28923
G1 X169.643 Y42.724 E539.30246
G1 X169.751 Y42.286 E539.31747
G1 X168.113 Y40.645 E539.39459
G1 X167.955 Y40.376 E539.40496
G1 X167.882 Y39.954 E539.41921
G1 X167.944 Y39.65 E539.42953
G1 F1791 X168.115 Y39.353 E539.44098
G1 X171.709 Y35.756 E539.61095
G1 F1804.5 X171.427 Y35.474 E539.62418
G1 F1791 X167.83 Y39.068 E539.79415
G1 X167.534 Y39.24 E539.80559
G1 F1800 X167.23 Y39.302 E539.81591
G1 X167.029 Y39.291 E539.8226
G1 X166.749 Y39.203 E539.83237
G1 X166.554 Y39.087 E539.83991
G1 X165.064 Y37.596 E539.91002
G1 X157.993 Y44.666 E540.2426
G1 X159.496 Y46.168 E540.31327
G1 X159.624 Y46.404 E540.3222
G1 X159.699 Y46.83 E540.33658
G1 X159.637 Y47.135 E540.34694
G1 F1804.5 X159.407 Y47.495 E540.36111
G1 X155.872 Y51.03 E540.52697
G1 X156.154 Y51.312 E540.5402
M204 S2000
G0 F9000 X156.154 Y51.877
M204 S500
G1 F1800 X159.971 Y48.059 E540.71976
G1 X160.187 Y47.921 E540.72829
G1 X160.37 Y47.884 E540.7345
G1 X160.566 Y47.907 E540.74106
G1 X160.756 Y47.994 E540.74801
G1 X162.54 Y49.776 E540.83188
G1 X162.818 Y49.544 E540.84392
G1 X163.272 Y49.221 E540.86246
G1 X163.579 Y49.03 E540.87448
G1 X164.118 Y48.742 E540.89481
G1 X164.651 Y48.51 E540.91414
G1 X165.215 Y48.317 E540.93397
G1 X165.865 Y48.152 E540.95627
G1 X166.48 Y48.054 E540.97699
G1 X167.041 Y48.009 E540.9957
G1 X167.389 Y48.003 E541.00728
G1 X167.709 Y48.012 E541.01793
G1 X168.284 Y48.061 E541.03712
G1 X168.586 Y48.106 E541.04728
G1 X169.205 Y48.239 E541.06834
G1 X181.221 Y51.458 E541.48208
G1 X181.86 Y51.732 E541.50521
G1 X182.156 Y51.837 E541.51565
G1 X182.512 Y51.917 E541.52779
G1 X182.769 Y51.951 E541.53641
G1 X183.157 Y51.975 E541.54934
G1 X183.505 Y51.946 E541.56095
G1 X183.807 Y51.897 E541.57113
G1 X184.133 Y51.814 E541.58232
G1 X184.482 Y51.679 E541.59477
G1 X184.715 Y51.565 E541.60339
G1 X184.967 Y51.416 E541.61313
G1 X185.202 Y51.248 E541.62274
G1 X185.405 Y51.077 E541.63157
G1 X185.594 Y50.889 E541.64043
G1 X185.839 Y50.602 E541.65298
G1 X186.067 Y50.252 E541.66688
G1 X186.234 Y49.906 E541.67965
G1 X186.345 Y49.622 E541.6898
G1 X186.439 Y49.249 E541.70259
G1 X186.481 Y48.996 E541.71112
G1 X186.507 Y48.703 E541.7209
G1 X186.505 Y48.35 E541.73264
G1 X186.454 Y47.972 E541.74533
G1 X186.401 Y47.721 E541.75386
G1 X186.313 Y47.433 E541.76388
G1 X186.217 Y47.194 E541.77245
G1 X186.079 Y46.918 E541.78271
G1 X185.948 Y46.7 E541.79117
G1 X185.798 Y46.49 E541.79975
G1 X185.597 Y46.253 E541.81009
G1 X185.4 Y46.06 E541.81926
G1 X185.116 Y45.822 E541.83158
G1 X184.852 Y45.652 E541.84203
G1 X184.545 Y45.488 E541.8536
G1 X184.313 Y45.391 E541.86197
G1 X184.019 Y45.293 E541.87228
G1 X183.697 Y45.216 E541.88329
G1 X183.231 Y45.172 E541.89886
G1 X182.908 Y45.176 E541.9096
G1 X182.57 Y45.21 E541.9209
G1 X182.214 Y45.29 E541.93303
G1 X181.965 Y45.369 E541.94172
G1 X181.687 Y45.482 E541.9517
G1 X181.444 Y45.604 E541.96075
G1 X181.15 Y45.787 E541.97227
G1 X180.847 Y46.031 E541.9852
G1 X180.552 Y46.291 E541.99828
G1 X180.174 Y46.536 E542.01327
G1 X179.617 Y46.764 E542.03328
G1 X178.932 Y46.843 E542.05622
G1 X178.43 Y46.772 E542.07308
G1 X171.166 Y44.829 E542.32318
G1 X170.729 Y44.547 E542.34047
G1 X170.349 Y44.141 E542.35897
G1 X170.085 Y43.589 E542.37932
G1 X170.013 Y43.105 E542.3956
G1 X170.047 Y42.691 E542.40941
G1 X170.203 Y42.171 E542.42747
G1 X168.408 Y40.368 E542.51209
G1 X168.325 Y40.225 E542.51759
G1 X168.282 Y39.972 E542.52612
G1 X168.319 Y39.789 E542.53233
G1 X168.422 Y39.612 E542.53914
G1 X172.274 Y35.756 E542.72042
G1 X171.427 Y34.909 E542.76026
G1 X167.571 Y38.761 E542.94155
G1 X167.395 Y38.865 E542.94834
G1 X167.212 Y38.902 E542.95455
G1 X166.97 Y38.863 E542.96271
G1 X166.81 Y38.777 E542.96875
G1 X165.064 Y37.03 E543.0509
G1 X157.428 Y44.666 E543.41007
G1 X159.173 Y46.417 E543.49229
G1 X159.276 Y46.617 E543.49978
G1 X159.299 Y46.813 E543.50634
G1 X159.262 Y46.996 E543.51255
G1 X159.124 Y47.212 E543.52107
G1 X155.307 Y51.03 E543.70064
G1 X156.154 Y51.877 E543.74048
M204 S2000
G0 F9000 X156.154 Y51.495
G0 X160.396 Y47.313
G0 X162.595 Y48.701
M204 S500
G1 F1800 X163.2 Y48.325 E543.76417
G1 X163.693 Y48.06 E543.78279
G1 X164.441 Y47.734 E543.80993
G1 X164.958 Y47.559 E543.82808
G1 X165.737 Y47.362 E543.8548
G1 X166.416 Y47.256 E543.87766
G1 X167.064 Y47.208 E543.89927
G1 X167.409 Y47.203 E543.91075
G1 X167.778 Y47.215 E543.92303
G1 X168.354 Y47.264 E543.94226
G1 X168.706 Y47.315 E543.95409
G1 X169.344 Y47.449 E543.97577
G1 X181.008 Y50.572 E544.37738
G1 F1795.5 X181.402 Y50.67 E544.39092
G1 X181.127 Y50.39 E544.404
G1 F1800 X180.869 Y50.062 E544.41788
G1 X180.68 Y49.743 E544.43022
G1 X180.574 Y49.493 E544.43925
G1 X180.474 Y49.122 E544.45203
G1 X180.418 Y48.679 E544.46688
G1 X180.418 Y48.349 E544.47785
G1 X180.477 Y47.936 E544.49173
G1 X180.566 Y47.681 E544.50071
G1 X180.844 Y47.057 E544.52343
G1 X180.544 Y47.249 E544.53528
G1 X179.843 Y47.542 E544.56055
G1 X179.085 Y47.632 E544.58594
G1 X178.808 Y47.633 E544.59515
G1 X178.24 Y47.553 E544.61423
G1 X171.049 Y45.626 E544.86184
G1 X170.654 Y45.451 E544.87621
G1 X170.314 Y45.231 E544.88968
G1 X170.104 Y45.05 E544.8989
G1 X169.755 Y44.672 E544.91601
G1 X169.613 Y44.458 E544.92456
G1 X169.314 Y43.827 E544.94778
G1 X169.208 Y43.127 E544.97133
G1 X169.244 Y42.691 E544.98588
G1 X169.299 Y42.4 E544.99573
G1 X167.805 Y40.903 E545.06607
G1 X167.584 Y40.526 E545.08061
G1 X167.498 Y40.217 E545.09127
G1 X167.482 Y39.937 E545.1006
G1 X167.542 Y39.642 E545.11062
G1 X167.247 Y39.702 E545.12063
G1 X166.967 Y39.686 E545.12996
G1 X166.575 Y39.563 E545.14362
G1 X166.303 Y39.401 E545.15415
G1 X165.064 Y38.162 E545.21243
G1 X162.469 Y40.758 E545.33451
G1 F1714.3 X162.27 Y40.984 E545.34503
G1 F1490.7 X162.109 Y41.204 E545.35598
G1 F1555.1 X162.61 Y40.967 E545.37732
G1 F1800 X162.863 Y40.86 E545.38645
G1 X163.241 Y40.757 E545.39948
G1 X163.676 Y40.704 E545.41406
G1 X164.047 Y40.707 E545.4264
G1 X164.307 Y40.744 E545.43513
G1 X164.597 Y40.818 E545.44509
G1 X165.064 Y41.002 E545.46178
G1 X165.618 Y41.407 E545.48461
G1 X165.795 Y41.587 E545.493
G1 X166.12 Y41.986 E545.51012
G1 X166.238 Y42.213 E545.51863
G1 X166.431 Y42.791 E545.5389
G1 X166.491 Y43.059 E545.54803
G1 X166.499 Y43.317 E545.55662
G1 X166.424 Y44.055 E545.58129
G1 X166.135 Y44.752 E545.60638
G1 X165.803 Y45.199 E545.6249
G1 X165.618 Y45.403 E545.63406
G1 X165.406 Y45.56 E545.64284
G1 X164.97 Y45.824 E545.65979
G1 X164.641 Y45.966 E545.67171
G1 X164.046 Y46.091 E545.69193
G1 X163.34 Y46.068 E545.71542
G1 X162.862 Y45.924 E545.73203
G1 X162.615 Y45.823 E545.7409
G1 X162.236 Y45.606 E545.75543
G1 X161.754 Y45.184 E545.77674
G1 X161.365 Y44.624 E545.79942
G1 X161.246 Y44.335 E545.80981
G1 X161.126 Y43.803 E545.82795
G1 X161.1 Y43.393 E545.84161
G1 X161.136 Y42.954 E545.85626
G1 X161.247 Y42.508 E545.87155
G1 F1722.5 X161.4 Y42.113 E545.88627
G1 F1460.4 X161.494 Y41.832 E545.89842
G1 X161.244 Y42.007 E545.91093
G1 F1722.5 X160.933 Y42.294 E545.92564
G1 F1800 X158.559 Y44.666 E546.03726
G1 X159.813 Y45.919 E546.09622
G1 X159.994 Y46.251 E546.10879
G1 X160.082 Y46.568 E546.11974
G1 X160.099 Y46.848 E546.12907
G1 X160.039 Y47.144 E546.13911
G1 X160.335 Y47.084 E546.14916
G1 X160.71 Y47.107 E546.16165
G1 X161.02 Y47.229 E546.17273
G1 X161.307 Y47.414 E546.18409
G1 X162.595 Y48.701 E546.24465
M204 S2000
G0 F9000 X160.273 Y46.91
G0 X158.802 Y44.666
G0 X161.078 Y42.417
G0 X162.262 Y45.291
G0 X162.871 Y45.511
M204 S500
G1 F1800 X162.449 Y45.259 E546.261
G1 X162.053 Y44.914 E546.27847
G1 X161.651 Y44.32 E546.30232
G1 X161.518 Y43.719 E546.32279
G1 X161.499 Y43.426 E546.33256
G1 X161.534 Y42.986 E546.34724
G1 X161.614 Y42.668 E546.35815
G1 X161.843 Y42.15 E546.37698
G1 X162.273 Y41.653 E546.39884
G1 X162.681 Y41.371 E546.41534
G1 X163.021 Y41.228 E546.42761
G1 X163.29 Y41.155 E546.43688
G1 X163.725 Y41.101 E546.45146
G1 X163.99 Y41.103 E546.46027
G1 X164.361 Y41.156 E546.47274
G1 X164.864 Y41.351 E546.49068
G1 X165.418 Y41.755 E546.51348
G1 X165.831 Y42.278 E546.53565
G1 X166.095 Y43.046 E546.56266
G1 X166.098 Y43.324 E546.57191
G1 X166.032 Y43.957 E546.59307
G1 X165.786 Y44.551 E546.61446
G1 X165.482 Y44.96 E546.63141
G1 X165.306 Y45.153 E546.6401
G1 X164.766 Y45.48 E546.66109
G1 X164.531 Y45.581 E546.6696
G1 X164.004 Y45.691 E546.68751
G1 X163.415 Y45.664 E546.70712
G1 X162.871 Y45.511 E546.72591
M204 S2000
G0 F9000 X163.033 Y45.141
M204 S500
G1 F1800 X162.732 Y44.972 E546.73739
G1 X162.353 Y44.646 E546.75402
G1 X162.026 Y44.164 E546.77339
G1 X161.89 Y43.548 E546.79437
G1 X161.941 Y42.919 E546.81536
G1 X162.184 Y42.365 E546.83548
G1 X162.54 Y41.954 E546.85357
G1 X162.871 Y41.726 E546.86694
G1 X163.258 Y41.562 E546.88092
G1 X163.856 Y41.488 E546.90096
G1 X164.258 Y41.545 E546.91446
G1 X164.664 Y41.7 E546.92892
G1 X165.132 Y42.039 E546.94814
G1 X165.475 Y42.468 E546.96641
G1 X165.709 Y43.153 E546.99048
G1 X165.64 Y43.861 E547.01414
G1 X165.437 Y44.351 E547.03178
G1 X165.092 Y44.815 E547.05101
G1 X164.485 Y45.183 E547.07462
G1 X163.958 Y45.292 E547.09252
G1 X163.478 Y45.268 E547.10851
G1 X163.033 Y45.141 E547.1239
M204 S2000
G1 F2400 E546.3239
G0 F9000 X162.947 Y45.425
G0 X160.97 Y43.84
G0 X161.078 Y42.417
G0 X158.802 Y44.666
G0 X160.273 Y46.91
G0 X162.625 Y48.491
G0 X168.094 Y47.52
G0 X182.102 Y50.734
M204 S500
G1 F2400 E547.1239
G1 F1309.1 X181.887 Y50.618 E547.13507
G1 F1496.9 X181.627 Y50.327 E547.15068
G1 F1791 X181.441 Y50.143 E547.15942
G1 F1800 X181.183 Y49.815 E547.1733
G1 X181.049 Y49.587 E547.1821
G1 X180.942 Y49.337 E547.19114
G1 X180.871 Y49.072 E547.20027
G1 X180.798 Y48.498 E547.21951
G1 X180.889 Y47.94 E547.23832
G1 X181.146 Y47.361 E547.25939
G1 F1509.4 X181.253 Y47.04 E547.27281
G1 F1304.3 X181.714 Y46.646 E547.30064
G1 F1306.7 X181.928 Y46.511 E547.31224
G1 X182.393 Y46.293 E547.33576
G1 F1311.5 X182.937 Y46.194 E547.36101
G1 F1316.3 X183.501 Y46.22 E547.38669
G1 F1318.7 X183.938 Y46.335 E547.4072
G1 F1316.3 X184.43 Y46.582 E547.43224
G1 F1313.9 X184.914 Y47.011 E547.46171
G1 F1311.5 X185.19 Y47.417 E547.48412
G1 X185.396 Y47.892 E547.50776
G1 X185.5 Y48.657 E547.543
G1 X185.367 Y49.312 E547.57351
G1 X185.199 Y49.715 E547.59344
G1 F1316.3 X184.783 Y50.284 E547.6255
G1 F1318.7 X184.253 Y50.656 E547.6549
G1 F1316.3 X183.798 Y50.849 E547.67738
G1 X183.498 Y50.933 E547.69155
G1 F1304.3 X183.153 Y50.937 E547.70738
G1 F1302 X182.746 Y50.918 E547.72612
G1 F1306.7 X182.44 Y50.846 E547.74052
G1 F1316.3 X182.102 Y50.734 E547.75672
M204 S2000
G0 F9000 X182.25 Y50.291
M204 S500
G1 F1800 X181.804 Y49.957 E547.77525
G1 X181.447 Y49.502 E547.79449
G1 X181.278 Y49.103 E547.8089
G1 X181.203 Y48.5 E547.82911
G1 X181.273 Y48.062 E547.84386
G1 X181.564 Y47.404 E547.86779
G1 X182.07 Y46.975 E547.88985
G1 X182.542 Y46.748 E547.90727
G1 X182.931 Y46.676 E547.92043
G1 X183.386 Y46.69 E547.93557
G1 X183.724 Y46.767 E547.9471
G1 X184.153 Y46.973 E547.96293
G1 X184.556 Y47.329 E547.98082
G1 X184.785 Y47.672 E547.99453
G1 X184.943 Y48.049 E548.00813
G1 X185.015 Y48.64 E548.02793
G1 X184.922 Y49.14 E548.04485
G1 X184.788 Y49.471 E548.05672
G1 X184.458 Y49.937 E548.07572
G1 X184.044 Y50.225 E548.09249
G1 X183.498 Y50.464 E548.11231
G1 X182.807 Y50.451 E548.1353
G1 X182.25 Y50.291 E548.15457
M204 S2000
G0 F9000 X182.453 Y49.937
M204 S500
;TYPE:WALL-OUTER
G1 F1800 X182.086 Y49.669 E548.16969
G1 X181.785 Y49.275 E548.18618
G1 X181.669 Y49 E548.19611
G1 X181.61 Y48.535 E548.2117
G1 X181.654 Y48.196 E548.22307
G1 X181.894 Y47.654 E548.24278
G1 X182.268 Y47.324 E548.25937
G1 X182.651 Y47.139 E548.27352
G1 X182.971 Y47.074 E548.28438
G1 X183.348 Y47.088 E548.29693
G1 X183.598 Y47.148 E548.30548
G1 X183.928 Y47.312 E548.31773
G1 X184.237 Y47.579 E548.33132
G1 X184.427 Y47.85 E548.34232
G1 X184.55 Y48.15 E548.35311
G1 X184.609 Y48.624 E548.369
G1 X184.534 Y49.041 E548.38309
G1 X184.439 Y49.267 E548.39124
G1 X184.156 Y49.661 E548.40738
G1 X183.84 Y49.88 E548.42016
G1 X183.425 Y50.057 E548.43517
G1 X182.863 Y50.051 E548.45386
G1 X182.453 Y49.937 E548.46802
M204 S2000
G1 F2400 E547.66802
G0 F9000 X182.266 Y50.611
G0 X165.59 Y47.229
G0 X162.625 Y48.491
G0 X160.273 Y46.91
G0 X158.802 Y44.666
G0 X161.078 Y42.417
G0 X162.262 Y45.291
G0 X163.339 Y45.543
G0 X163.54 Y44.873
M204 S500
G1 F2400 E548.46802
G1 F1800 X163.173 Y44.761 E548.48078
G1 X162.961 Y44.644 E548.48883
G1 X162.669 Y44.39 E548.50171
G1 X162.408 Y44.02 E548.51677
G1 X162.293 Y43.522 E548.53376
G1 X162.335 Y43.018 E548.55059
G1 X162.533 Y42.567 E548.56697
G1 X162.797 Y42.267 E548.58026
G1 X163.082 Y42.071 E548.59176
G1 X163.364 Y41.952 E548.60194
G1 X163.878 Y41.895 E548.61914
G1 X164.138 Y41.932 E548.62788
G1 X164.454 Y42.046 E548.63905
G1 X164.852 Y42.332 E548.65535
G1 X165.118 Y42.659 E548.66937
G1 X165.304 Y43.208 E548.68865
G1 X165.246 Y43.761 E548.70715
G1 X165.099 Y44.127 E548.72027
G1 X164.814 Y44.511 E548.73617
G1 X164.333 Y44.808 E548.75497
G1 X163.938 Y44.887 E548.76837
G1 X163.54 Y44.873 E548.78162
M204 S2000
G1 F2400 E547.98162
G0 F9000 X163.339 Y45.543
G0 X161.324 Y43.032
G0 X161.256 Y42.104
G0 X158.442 Y44.666
G0 X159.706 Y46.487
G0 X156.154 Y52.061
G0 X156.154 Y52.443
M204 S500
G1 F2400 E548.78162
G1 F1800 X160.299 Y48.297 E548.97661
G1 X160.488 Y48.292 E548.9829
G1 X162.516 Y50.318 E549.07824
G1 X163.05 Y49.87 E549.10142
G1 X163.514 Y49.541 E549.12034
G1 X163.769 Y49.382 E549.13034
G1 X164.278 Y49.109 E549.14955
G1 X164.826 Y48.871 E549.16942
G1 X165.358 Y48.692 E549.18809
G1 X165.929 Y48.547 E549.20768
G1 X166.512 Y48.453 E549.22732
G1 X167.085 Y48.408 E549.24644
G1 X167.675 Y48.41 E549.26606
G1 X168.263 Y48.462 E549.2857
G1 X168.538 Y48.504 E549.29495
G1 X169.101 Y48.625 E549.3141
G1 X181.117 Y51.844 E549.72785
G1 X181.712 Y52.104 E549.74945
G1 X182.044 Y52.222 E549.76116
G1 X182.442 Y52.311 E549.77473
G1 X182.731 Y52.35 E549.78443
G1 X183.162 Y52.376 E549.79879
G1 X183.554 Y52.343 E549.81187
G1 X183.888 Y52.289 E549.82313
G1 X184.255 Y52.196 E549.83572
G1 X184.754 Y52.003 E549.85351
G1 X185.185 Y51.752 E549.8701
G1 X185.448 Y51.564 E549.88086
G1 X185.675 Y51.373 E549.89072
G1 X185.888 Y51.161 E549.90072
G1 X186.16 Y50.842 E549.91466
G1 X186.416 Y50.449 E549.93026
G1 X186.601 Y50.066 E549.94441
G1 X186.727 Y49.744 E549.95591
G1 X186.831 Y49.331 E549.97007
G1 X186.879 Y49.046 E549.97969
G1 X186.907 Y48.719 E549.9906
G1 X186.905 Y48.322 E550.00381
G1 X186.849 Y47.904 E550.01783
G1 X186.789 Y47.621 E550.02746
G1 X186.691 Y47.3 E550.03862
G1 X186.582 Y47.03 E550.0483
G1 X186.43 Y46.725 E550.05964
G1 X186.282 Y46.48 E550.06916
G1 X186.093 Y46.216 E550.07996
G1 X185.889 Y45.979 E550.09036
G1 X185.669 Y45.763 E550.10061
G1 X185.354 Y45.499 E550.11428
G1 X185.054 Y45.306 E550.12615
G1 X184.717 Y45.126 E550.13885
G1 X184.453 Y45.016 E550.14837
G1 X184.129 Y44.908 E550.15972
G1 X183.763 Y44.82 E550.17224
G1 X183.247 Y44.772 E550.18948
G1 X182.886 Y44.776 E550.20149
G1 X182.506 Y44.814 E550.21419
G1 X182.11 Y44.903 E550.22769
G1 X181.828 Y44.992 E550.23753
G1 X181.483 Y45.136 E550.24996
G1 X181.249 Y45.254 E550.25868
G1 X180.918 Y45.46 E550.27164
G1 X180.601 Y45.715 E550.28517
G1 X180.278 Y45.996 E550.29941
G1 X179.994 Y46.175 E550.31058
G1 X179.535 Y46.368 E550.32714
G1 X178.954 Y46.437 E550.3466
G1 X178.464 Y46.371 E550.36305
G1 X171.329 Y44.459 E550.60873
G1 X171.004 Y44.249 E550.6216
G1 X170.688 Y43.922 E550.63672
G1 X170.468 Y43.449 E550.65407
G1 X170.418 Y43.106 E550.6656
G1 X170.44 Y42.791 E550.67611
G1 X170.561 Y42.371 E550.69064
G1 X170.732 Y42.136 E550.70031
G1 X168.728 Y40.128 E550.79467
G1 X168.682 Y39.99 E550.7995
G1 X168.728 Y39.87 E550.80378
G1 X172.84 Y35.756 E550.99724
G1 X171.427 Y34.343 E551.0637
G1 X167.314 Y38.455 E551.25714
G1 X167.194 Y38.502 E551.26143
G1 X167.078 Y38.479 E551.26536
G1 X165.064 Y36.464 E551.36012
G1 X156.862 Y44.666 E551.74592
G1 X158.893 Y46.701 E551.84154
G1 X158.886 Y46.884 E551.84763
G1 X154.741 Y51.03 E552.04262
G1 X156.154 Y52.443 E552.10909
M204 S2000
G0 F9000 X156.154 Y52.061
G0 X160.396 Y47.878
G0 X161.095 Y48.568
G0 X162.79 Y48.467
G0 X162.652 Y48.247
M204 S500
;TYPE:SKIN
G1 F1800 X161.551 Y47.146 E552.16088
G1 X161.084 Y46.841 E552.17943
G1 X160.652 Y46.742 E552.19417
G1 X160.453 Y46.73 E552.2008
G1 X160.437 Y46.5 E552.20847
G1 X160.321 Y46.098 E552.22238
G1 X160.148 Y45.783 E552.23434
G1 X159.948 Y45.543 E552.24473
G1 X159.07 Y44.666 E552.286
G1 X160.773 Y42.966 E552.36604
G1 X160.742 Y43.367 E552.37941
G1 X160.774 Y43.882 E552.39657
G1 X160.897 Y44.429 E552.41522
G1 X161.035 Y44.773 E552.42755
G1 X161.471 Y45.411 E552.45325
G1 X162.027 Y45.901 E552.4779
G1 X162.468 Y46.151 E552.49476
G1 X162.741 Y46.265 E552.5046
G1 X163.055 Y46.36 E552.51551
G1 X163.338 Y46.425 E552.52517
G1 X164.097 Y46.45 E552.55043
G1 X164.734 Y46.314 E552.57209
G1 X165.16 Y46.131 E552.58751
G1 X165.605 Y45.86 E552.60484
G1 X165.845 Y45.682 E552.61478
G1 X166.083 Y45.426 E552.62641
G1 X166.466 Y44.892 E552.64826
G1 X166.774 Y44.15 E552.67498
G1 X166.856 Y43.397 E552.70018
G1 X166.847 Y42.994 E552.71358
G1 X166.778 Y42.692 E552.72389
G1 X166.527 Y41.959 E552.74966
G1 X166.318 Y41.658 E552.76185
G1 X166.078 Y41.362 E552.77452
G1 X165.865 Y41.144 E552.78466
G1 X165.396 Y40.797 E552.80406
G1 X165.111 Y40.626 E552.81512
G1 X164.705 Y40.474 E552.82954
G1 X164.381 Y40.392 E552.84065
G1 X164.095 Y40.35 E552.85027
G1 X163.635 Y40.347 E552.86557
G1 X163.353 Y40.381 E552.87501
G1 X165.063 Y38.672 E552.95542
G1 X165.924 Y39.534 E552.99594
G1 X166.162 Y39.737 E553.00635
G1 X166.412 Y39.886 E553.01603
G1 X166.809 Y40.04 E553.03019
G1 X167.127 Y40.053 E553.04078
G1 X167.144 Y40.285 E553.04851
G1 X167.276 Y40.769 E553.0652
G1 X167.54 Y41.148 E553.08056
G1 X168.898 Y42.511 E553.14456
G1 X168.86 Y42.958 E553.15948
G1 X168.866 Y43.278 E553.17012
G1 X168.967 Y43.931 E553.1921
G1 X169.294 Y44.625 E553.21762
G1 X169.482 Y44.912 E553.22903
G1 X169.837 Y45.294 E553.24637
G1 X170.104 Y45.522 E553.25805
G1 X170.455 Y45.753 E553.27203
G1 X170.929 Y45.964 E553.28928
G1 X178.161 Y47.905 E553.53833
G1 X178.778 Y47.992 E553.55906
G1 X179.121 Y47.99 E553.57047
G1 X179.751 Y47.914 E553.59157
G1 X180.135 Y47.83 E553.60464
G1 X180.06 Y48.306 E553.62067
G1 X180.061 Y48.726 E553.63464
G1 X180.116 Y49.159 E553.64916
G1 X180.233 Y49.607 E553.66456
G1 X180.415 Y50.04 E553.68018
G1 X169.427 Y47.099 E554.05851
G1 X168.802 Y46.966 E554.07976
G1 X168.506 Y46.92 E554.08972
G1 X167.806 Y46.855 E554.11311
G1 X167.419 Y46.843 E554.12598
G1 X166.961 Y46.852 E554.14122
G1 X166.367 Y46.899 E554.16104
G1 X165.558 Y47.03 E554.1883
G1 X164.848 Y47.215 E554.2127
G1 X164.188 Y47.446 E554.23596
G1 X163.651 Y47.68 E554.25544
G1 X163.033 Y48.004 E554.27865
G1 X162.652 Y48.247 E554.29368
M204 S2000
G0 F9000 X162.791 Y48.467
G0 X160.741 Y47.027
G0 X160.846 Y46.578
M204 S500
G1 F1800 X160.593 Y46.324 E554.3056
M204 S2000
G0 F9000 X160.151 Y46.446
G0 X158.802 Y44.666
G0 X161.078 Y42.417
G0 X161.274 Y44.671
G0 X160.896 Y44.93
M204 S500
G1 F1800 X159.992 Y44.027 E554.3481
M204 S2000
G0 F9000 X159.709 Y44.31
M204 S500
G1 F1800 X163.125 Y47.725 E554.50875
M204 S2000
G0 F9000 X163.497 Y47.532
M204 S500
G1 F1800 X162.191 Y46.225 E554.57021
M204 S2000
G0 F9000 X163.105 Y46.574
M204 S500
G1 F1800 X163.888 Y47.357 E554.60704
M204 S2000
G0 F9000 X164.292 Y47.195
M204 S500
G1 F1800 X164.004 Y46.907 E554.62059
G1 X164.003 Y46.906
G1 X163.739 Y46.642 E554.633
M204 S2000
G0 F9000 X164.278 Y46.616
M204 S500
G1 F1800 X164.712 Y47.049 E554.65339
M204 S2000
G0 F9000 X165.155 Y46.927
M204 S500
G1 F1800 X164.744 Y46.516 E554.67273
M204 S2000
G0 F9000 X165.146 Y46.352
M204 S500
G1 F1800 X165.613 Y46.819 E554.69469
M204 S2000
G0 F9000 X166.099 Y46.739
M204 S500
G1 F1800 X165.511 Y46.151 E554.72235
M204 S2000
G0 F9000 X165.851 Y45.926
M204 S500
G1 F1800 X166.604 Y46.678 E554.75774
M204 S2000
G0 F9000 X167.138 Y46.647
M204 S500
G1 F1800 X166.145 Y45.654 E554.80445
M204 S2000
G0 F9000 X166.393 Y45.336
M204 S500
G1 F1800 X167.708 Y46.652 E554.86633
M204 S2000
G0 F9000 X168.324 Y46.702
M204 S500
G1 F1800 X166.632 Y45.01 E554.94592
M204 S2000
G0 F9000 X166.797 Y44.609
M204 S500
G1 F1800 X168.989 Y46.801 E555.04902
M204 S2000
G0 F9000 X169.725 Y46.971
M204 S500
G1 F1800 X166.962 Y44.209 E555.17896
M204 S2000
G0 F9000 X167.022 Y43.703
M204 S500
G1 F1800 X170.498 Y47.178 E555.34244
M204 S2000
G0 F9000 X171.27 Y47.385
M204 S500
G1 F1800 X167.051 Y43.166 E555.54089
M204 S2000
G0 F9000 X166.908 Y42.457
M204 S500
G1 F1800 X169.068 Y44.617 E555.64249
M204 S2000
G0 F9000 X168.731 Y43.714
M204 S500
G1 F1800 X164.517 Y39.501 E555.84068
M204 S2000
G0 F9000 X164.234 Y39.783
M204 S500
G1 F1800 X164.307 Y39.856 E555.84411
G1 X164.308 Y39.857
G1 X164.722 Y40.271 E555.86358
M204 S2000
G0 F9000 X164.035 Y40.15
M204 S500
G1 F1800 X163.951 Y40.066 E555.86753
M204 S2000
G0 F9000 X163.627 Y39.741
G0 X164.476 Y38.893
G0 X164.8 Y39.218
M204 S500
G1 F1800 X168.661 Y43.079 E556.04914
M204 S2000
G0 F9000 X169.123 Y43.07
G0 X169.122 Y42.456
G0 X167.674 Y40.887
G0 X167.294 Y41.146
M204 S500
G1 F1800 X166.052 Y39.904 E556.10756
M204 S2000
G0 F9000 X166.308 Y39.521
G0 X165.064 Y38.405
G0 X162.815 Y40.679
G0 X161.065 Y43.984
G0 X160.617 Y44.085
M204 S500
G1 F1800 X160.514 Y43.983 E556.11238
G1 X160.513 Y43.982
G1 X160.275 Y43.744 E556.12358
M204 S2000
G0 F9000 X159.951 Y43.418
G0 X159.102 Y44.266
G0 X159.427 Y44.592
M204 S500
G1 F1800 X162.753 Y47.919 E556.28005
M204 S2000
G1 F2400 E555.48005
G0 F9000 X163.011 Y48.327
G0 X169.377 Y47.292
G0 X180.814 Y50.33
G0 X180.438 Y47.492
G0 X170.592 Y45.532
G0 X170.393 Y45.942
M204 S500
G1 F2400 E556.28005
G1 F1800 X172.043 Y47.592 E556.35766
M204 S2000
G0 F9000 X172.816 Y47.799
M204 S500
G1 F1800 X171.279 Y46.263 E556.42993
M204 S2000
G0 F9000 X172.053 Y46.471
M204 S500
G1 F1800 X173.588 Y48.006 E556.50213
M204 S2000
G0 F9000 X174.361 Y48.213
M204 S500
G1 F1800 X172.826 Y46.678 E556.57433
M204 S2000
G0 F9000 X173.599 Y46.886
M204 S500
G1 F1800 X175.134 Y48.42 E556.64651
M204 S2000
G0 F9000 X175.906 Y48.627
M204 S500
G1 F1800 X174.372 Y47.093 E556.71867
M204 S2000
G0 F9000 X175.145 Y47.3
M204 S500
G1 F1800 X176.679 Y48.834 E556.79082
M204 S2000
G0 F9000 X177.451 Y49.041
M204 S500
G1 F1800 X175.918 Y47.508 E556.86293
M204 S2000
G0 F9000 X176.691 Y47.715
M204 S500
G1 F1800 X178.224 Y49.247 E556.93501
M204 S2000
G0 F9000 X178.997 Y49.455
M204 S500
G1 F1800 X177.465 Y47.923 E557.00707
M204 S2000
G0 F9000 X178.225 Y48.117
M204 S500
G1 F1800 X179.769 Y49.662 E557.07972
M204 S2000
G0 F9000 X179.93 Y49.257
M204 S500
G1 F1800 X178.861 Y48.188 E557.13001
M204 S2000
G0 F9000 X179.397 Y48.158
M204 S500
G1 F1800 X179.861 Y48.622 E557.15183
M204 S2000
G0 F9000 X180.615 Y48.62
G1 F2400 E556.35183
;MESH:part_3.stl
G0 F9000 X180.814 Y50.33
G0 X172.789 Y49.386
G0 X172.509 Y50.434
G0 X172.778 Y53.49
G0 X172.776 Y54.575
G0 X171.119 Y55.614
M204 S500
;TYPE:WALL-INNER
G1 F2400 E557.15183
G1 F1409 X170.773 Y55.6 E557.16654
G1 F1387.3 X170.345 Y55.62 E557.18503
M204 S2000
G0 F9000 X169.257 Y56.839
G0 X167.941 Y58.73
G0 X169.499 Y60.959
G0 X165.772 Y61.538
M204 S500
G1 F1800 X175.769 Y61.563 E557.51754
G1 X175.775 Y59.413 E557.58905
G1 X175.898 Y59.083 E557.60076
G1 X176.101 Y58.825 E557.61168
G1 X176.361 Y58.654 E557.62203
G1 X176.78 Y58.566 E557.63627
G1 F1804.5 X181.778 Y58.576 E557.80209
G1 X181.779 Y58.177 E557.81533
G1 X176.78 Y58.166 E557.98118
G1 F1800 X176.362 Y58.075 E557.99541
G1 X176.104 Y57.902 E558.00574
G1 X175.854 Y57.539 E558.0204
G1 X175.785 Y57.244 E558.03047
G1 X175.786 Y55.165 E558.09962
G1 X165.788 Y55.14 E558.43216
G1 X165.78 Y57.226 E558.50154
G1 X165.721 Y57.486 E558.51041
G1 X165.59 Y57.729 E558.51959
G1 X165.457 Y57.877 E558.52621
G1 X165.197 Y58.048 E558.53656
G1 F1791 X164.867 Y58.136 E558.54797
G1 X159.78 Y58.126 E558.71801
G1 F1800 X159.779 Y58.525 E558.73128
G1 F1791 X164.865 Y58.538 E558.90129
G1 X165.196 Y58.627 E558.91275
G1 F1800 X165.454 Y58.8 E558.92308
G1 X165.705 Y59.166 E558.93784
G1 X165.774 Y59.497 E558.94909
G1 X165.772 Y61.538 E559.01697
M204 S2000
G0 F9000 X165.371 Y61.938
M204 S500
G1 F1800 X176.169 Y61.964 E559.37612
G1 X176.176 Y59.515 E559.45757
G1 X176.207 Y59.369 E559.46253
G1 X176.37 Y59.121 E559.4724
G1 X176.526 Y59.019 E559.4786
G1 X176.779 Y58.966 E559.4872
G1 X182.176 Y58.976 E559.66671
G1 X182.18 Y57.778 E559.70655
G1 X176.781 Y57.766 E559.88612
G1 X176.53 Y57.711 E559.89467
G1 X176.375 Y57.608 E559.90086
G1 X176.225 Y57.39 E559.90966
G1 X176.184 Y57.213 E559.91571
G1 X176.187 Y54.765 E559.99713
G1 X165.389 Y54.739 E560.35627
G1 X165.379 Y57.21 E560.43846
G1 X165.346 Y57.346 E560.44311
G1 X165.188 Y57.581 E560.45253
G1 X165.032 Y57.684 E560.45875
G1 X164.833 Y57.736 E560.46559
G1 X159.381 Y57.725 E560.64692
G1 X159.377 Y58.924 E560.6868
G1 X164.829 Y58.938 E560.86814
G1 X165.028 Y58.991 E560.87499
G1 X165.183 Y59.095 E560.88119
G1 X165.333 Y59.314 E560.89002
G1 X165.375 Y59.513 E560.89679
G1 X165.371 Y61.938 E560.97744
M204 S2000
G0 F9000 X165.642 Y61.67
G0 X166.173 Y61.139
M204 S500
G1 F1800 X169.749 Y61.148 E561.09638
G1 F1558.4 X170.359 Y61.087 E561.11993
G1 X169.814 Y60.876 E561.14238
G1 F1800 X169.396 Y60.664 E561.15797
G1 X169.106 Y60.468 E561.16961
G1 X168.902 Y60.289 E561.17864
G1 X168.708 Y60.081 E561.1881
G1 X168.473 Y59.769 E561.20109
G1 X168.325 Y59.527 E561.21053
G1 X168.235 Y59.278 E561.21933
G1 X168.07 Y58.525 E561.24497
G1 X168.113 Y57.85 E561.26747
G1 X168.357 Y57.155 E561.29197
G1 X168.511 Y56.898 E561.30193
G1 X168.743 Y56.589 E561.31478
G1 X168.995 Y56.33 E561.3268
G1 X169.298 Y56.091 E561.33964
G1 X169.73 Y55.86 E561.35593
G1 F1538.5 X170.345 Y55.62 E561.38162
G1 F1490.7 X170.037 Y55.565 E561.39419
G1 F1734.9 X169.681 Y55.55 E561.40648
G1 F1800 X166.187 Y55.541 E561.52269
G1 X166.183 Y57.26 E561.57987
G1 X166.124 Y57.545 E561.58955
G1 X165.977 Y57.894 E561.60214
G1 X165.726 Y58.173 E561.61463
G1 X165.474 Y58.339 E561.62466
G1 X165.725 Y58.506 E561.63469
G1 X165.91 Y58.716 E561.644
G1 X166.077 Y59.018 E561.65548
G1 X166.173 Y59.481 E561.6712
G1 X166.173 Y61.139 E561.72635
M204 S2000
G0 F9000 X169.499 Y60.959
G0 X169.995 Y60.519
M204 S500
G1 F1800 X169.461 Y60.248 E561.74627
G1 X169.088 Y59.919 E561.76281
G1 X168.709 Y59.418 E561.7837
G1 X168.622 Y59.177 E561.79222
G1 X168.473 Y58.497 E561.81538
G1 X168.506 Y57.941 E561.8339
G1 X168.745 Y57.252 E561.85816
G1 X169.063 Y56.829 E561.87576
G1 X169.243 Y56.644 E561.88435
G1 X169.546 Y56.405 E561.89718
G1 X169.854 Y56.24 E561.9088
G1 F1804.5 X170.281 Y56.102 E561.92369
G1 X170.659 Y56.056 E561.93632
G1 F1800 X171.179 Y56.076 E561.95363
G1 X171.78 Y56.271 E561.97465
G1 X172.196 Y56.53 E561.99095
G1 X172.507 Y56.838 E562.0055
G1 X172.669 Y57.049 E562.01435
G1 X172.907 Y57.461 E562.03018
G1 X173.013 Y57.737 E562.04001
G1 X173.083 Y58.302 E562.05895
G1 X173.046 Y58.788 E562.07516
G1 X172.807 Y59.461 E562.09891
G1 X172.505 Y59.865 E562.11569
G1 X172.292 Y60.075 E562.12564
G1 X171.942 Y60.329 E562.14002
G1 X171.685 Y60.464 E562.14968
G1 X171.105 Y60.667 E562.17011
G1 X170.387 Y60.626 E562.19403
G1 X169.995 Y60.519 E562.20755
M204 S2000
G0 F9000 X170.411 Y60.227
M204 S500
G1 F1800 X170.176 Y60.163 E562.21565
G1 X169.691 Y59.917 E562.23374
G1 X169.383 Y59.647 E562.24736
G1 X169.03 Y59.179 E562.26686
G1 X168.876 Y58.437 E562.29206
G1 X168.904 Y58.009 E562.30633
G1 X169.1 Y57.446 E562.32616
G1 X169.431 Y57.006 E562.34447
G1 X169.877 Y56.653 E562.36339
G1 X170.376 Y56.49 E562.38085
G1 X170.763 Y56.447 E562.3938
G1 F1804.5 X171.115 Y56.477 E562.40552
G1 X171.606 Y56.635 E562.42263
G1 F1800 X171.948 Y56.848 E562.43603
G1 X172.283 Y57.179 E562.45169
G1 X172.622 Y57.768 E562.4743
G1 X172.679 Y58.347 E562.49365
G1 X172.654 Y58.692 E562.50515
G1 X172.454 Y59.265 E562.52534
G1 X172.131 Y59.697 E562.54328
G1 X171.635 Y60.057 E562.56366
G1 X171.046 Y60.263 E562.58442
G1 X170.411 Y60.227 E562.60557
M204 S2000
G0 F9000 X170.359 Y61.087
M204 S500
G1 F1411.8 X170.953 Y61.106 E562.63077
G1 F1420.1 X171.204 Y61.096 E562.64136
G1 F1496.9 X171.449 Y61.131 E562.65126
G1 F1706.2 X171.87 Y61.154 E562.66606
G1 F1800 X175.37 Y61.162 E562.78247
G1 X175.375 Y59.433 E562.83997
G1 X175.451 Y59.108 E562.85108
G1 X175.645 Y58.737 E562.865
G1 X175.832 Y58.529 E562.8743
G1 X176.084 Y58.363 E562.88434
G1 X175.833 Y58.196 E562.89437
G1 X175.584 Y57.915 E562.90685
G1 X175.437 Y57.556 E562.91976
G1 X175.383 Y57.277 E562.92921
G1 X175.385 Y55.564 E562.98618
G1 X171.836 Y55.555 E563.10422
G1 F1764.7 X171.461 Y55.562 E563.11695
G1 F1538.5 X171.119 Y55.614 E563.13041
G1 F1565.2 X171.789 Y55.853 E563.15762
G1 F1800 X172.098 Y55.998 E563.16897
G1 X172.315 Y56.133 E563.17747
G1 X172.559 Y56.326 E563.18782
G1 X172.789 Y56.554 E563.19859
G1 X173.016 Y56.849 E563.21097
G1 X173.254 Y57.263 E563.22685
G1 X173.361 Y57.5 E563.2355
G1 X173.429 Y57.805 E563.2459
G1 X173.483 Y58.292 E563.26219
G1 X173.45 Y58.74 E563.27713
G1 X173.385 Y59.027 E563.28692
G1 X173.198 Y59.552 E563.30546
G1 X173.042 Y59.815 E563.31563
G1 X172.826 Y60.105 E563.32766
G1 X172.527 Y60.399 E563.3416
G1 X172.177 Y60.653 E563.35599
G1 X171.817 Y60.841 E563.36949
G1 F1568.6 X171.204 Y61.096 E563.39483
M204 S2000
G1 F2400 E562.59483
G0 F9000 X170.077 Y60.446
G0 X170.393 Y59.825
M204 S500
;TYPE:WALL-OUTER
G1 F2400 E563.39483
G1 F1800 X169.898 Y59.566 E563.41341
G1 X169.666 Y59.357 E563.4238
G1 X169.409 Y59.011 E563.43814
G1 X169.28 Y58.431 E563.4579
G1 X169.298 Y58.108 E563.46866
G1 X169.449 Y57.655 E563.48454
G1 X169.703 Y57.309 E563.49881
G1 X170.07 Y57.01 E563.51456
G1 X170.483 Y56.881 E563.52895
G1 X170.914 Y56.838 E563.54336
G1 X171.418 Y56.995 E563.56091
G1 X171.679 Y57.151 E563.57103
G1 X171.962 Y57.424 E563.58411
G1 X172.227 Y57.891 E563.60197
G1 X172.278 Y58.32 E563.61633
G1 X172.259 Y58.596 E563.62554
G1 X172.104 Y59.058 E563.64174
G1 X171.848 Y59.408 E563.65617
G1 X171.447 Y59.699 E563.67265
G1 X170.991 Y59.856 E563.68869
G1 X170.393 Y59.825 E563.7086
M204 S2000
G1 F2400 E562.9086
G0 F9000 X170.077 Y60.446
G0 X169.843 Y61.064
G0 X165.241 Y62.069
G0 X164.97 Y62.337
M204 S500
G1 F2400 E563.7086
G1 F1800 X176.568 Y62.365 E564.09435
G1 X176.576 Y59.513 E564.18921
G1 X176.64 Y59.417 E564.19305
G1 X176.778 Y59.366 E564.19794
G1 X182.575 Y59.378 E564.39075
G1 X182.582 Y57.379 E564.45724
G1 X176.782 Y57.366 E564.65015
G1 X176.647 Y57.314 E564.65496
G1 X176.583 Y57.182 E564.65984
G1 X176.588 Y54.366 E564.7535
G1 X164.989 Y54.338 E565.13929
G1 X164.982 Y57.162 E565.23321
G1 X164.945 Y57.256 E565.23657
G1 X164.845 Y57.337 E565.24085
G1 X158.983 Y57.324 E565.43582
G1 X158.976 Y59.323 E565.50231
G1 X164.838 Y59.337 E565.69728
G1 X164.971 Y59.494 E565.70413
G1 X164.97 Y62.337 E565.79869
M204 S2000
G0 F9000 X165.241 Y62.069
G0 X166.273 Y60.779
G0 X166.534 Y60.779
M204 S500
;TYPE:SKIN
G1 F1800 X166.534 Y59.48 E565.84189
G1 X166.497 Y59.162 E565.85254
G1 X166.402 Y58.863 E565.86297
G1 X166.215 Y58.523 E565.87588
G1 X166.059 Y58.341 E565.88385
G1 X166.22 Y58.155 E565.89203
G1 X166.442 Y57.73 E565.90798
G1 X166.539 Y57.313 E565.92222
G1 X166.548 Y55.902 E565.96915
G1 X168.948 Y55.909 E566.04898
G1 X168.756 Y56.06 E566.0571
G1 X168.466 Y56.358 E566.07093
G1 X168.212 Y56.697 E566.08502
G1 X168.012 Y57.03 E566.09794
G1 X167.81 Y57.628 E566.11893
G1 X167.747 Y57.928 E566.12913
G1 X167.71 Y58.527 E566.14909
G1 X167.892 Y59.389 E566.17839
G1 X168.001 Y59.684 E566.18885
G1 X168.184 Y59.989 E566.20068
G1 X168.421 Y60.3 E566.21369
G1 X168.643 Y60.539 E566.22454
G1 X168.918 Y60.786 E566.23683
G1 X166.534 Y60.779 E566.31612
M204 S2000
G0 F9000 X166.732 Y60.384
M204 S500
G1 F1800 X166.927 Y60.578 E566.32527
M204 S2000
G0 F9000 X167.495 Y60.581
M204 S500
G1 F1800 X166.733 Y59.819 E566.36112
M204 S2000
G0 F9000 X166.704 Y59.224
M204 S500
G1 F1800 X167.915 Y60.435 E566.41808
G1 X168.063 Y60.583 E566.42504
M204 S2000
G0 F9000 X167.823 Y59.777
M204 S500
G1 F1800 X166.36 Y58.314 E566.49385
M204 S2000
G0 F9000 X166.558 Y57.946
M204 S500
G1 F1800 X167.598 Y58.986 E566.54277
M204 S2000
G0 F9000 X167.519 Y58.341
M204 S500
G1 F1800 X166.695 Y57.518 E566.58151
M204 S2000
G0 F9000 X166.742 Y56.999
M204 S500
G1 F1800 X167.565 Y57.822 E566.62022
M204 S2000
G0 F9000 X167.684 Y57.375
M204 S500
G1 F1800 X166.745 Y56.437 E566.66436
M204 S2000
G0 F9000 X166.979 Y56.104
M204 S500
G1 F1800 X167.824 Y56.95 E566.70413
M204 S2000
G0 F9000 X168.038 Y56.598
M204 S500
G1 F1800 X167.546 Y56.106 E566.72727
M204 S2000
G0 F9000 X168.113 Y56.108
M204 S500
G1 F1800 X168.28 Y56.275 E566.73513
M204 S2000
G0 F9000 X168.646 Y56.551
G0 X168.636 Y58.477
G0 X168.809 Y59.282
G0 X169.21 Y59.812
G0 X169.555 Y60.114
G0 X170.224 Y60.452
G0 X171.989 Y60.963
G0 X172.636 Y61.055
G0 X172.637 Y60.794
M204 S500
G1 F1800 X173.093 Y60.348 E566.75634
G1 X173.329 Y60.033 E566.76944
G1 X173.526 Y59.7 E566.7823
G1 X173.747 Y59.079 E566.80423
G1 X173.809 Y58.777 E566.81448
G1 X173.845 Y58.302 E566.83033
G1 X173.785 Y57.754 E566.84866
G1 X173.737 Y57.471 E566.85821
G1 X173.582 Y57.112 E566.87121
G1 X173.327 Y56.669 E566.88822
G1 X173.056 Y56.315 E566.90304
G1 X172.817 Y56.073 E566.91436
G1 X172.621 Y55.917 E566.92269
G1 X175.025 Y55.924 E567.00265
G1 X175.029 Y57.436 E567.05294
G1 X175.141 Y57.804 E567.06573
G1 X175.343 Y58.18 E567.07993
G1 X175.501 Y58.365 E567.08802
G1 X175.287 Y58.595 E567.09847
G1 X175.064 Y59.1 E567.11683
G1 X175.015 Y59.542 E567.13162
G1 X175.011 Y60.801 E567.17349
G1 X172.637 Y60.794 E567.25245
M204 S2000
G0 F9000 X173.402 Y60.265
M204 S500
G1 F1800 X173.643 Y60.506 E567.26379
G1 X173.644 Y60.507
G1 X173.732 Y60.595 E567.26793
M204 S2000
G0 F9000 X174.3 Y60.597
M204 S500
G1 F1800 X173.625 Y59.922 E567.29968
M204 S2000
G0 F9000 X173.796 Y59.528
M204 S500
G1 F1800 X174.81 Y60.542 E567.34737
M204 S2000
G0 F9000 X174.813 Y59.979
M204 S500
G1 F1800 X173.944 Y59.109 E567.38827
M204 S2000
G0 F9000 X174.021 Y58.621
M204 S500
G1 F1800 X174.825 Y59.425 E567.42609
M204 S2000
G0 F9000 X174.913 Y58.947
M204 S500
G1 F1800 X174.021 Y58.055 E567.46805
M204 S2000
G0 F9000 X173.927 Y57.395
M204 S500
G1 F1800 X175.085 Y58.554 E567.52254
M204 S2000
G0 F9000 X174.943 Y57.846
M204 S500
G1 F1800 X173.524 Y56.427 E567.58928
G1 X173.523 Y56.426
G1 X173.215 Y56.118 E567.60377
M204 S2000
G0 F9000 X173.783 Y56.12
M204 S500
G1 F1800 X174.829 Y57.166 E567.65297
M204 S2000
G0 F9000 X174.826 Y56.598
M204 S500
G1 F1800 X174.35 Y56.122 E567.67536
M204 S2000
G0 F9000 X174.352 Y55.361
G1 F2400 E566.87536
;MESH:part_1.stl
G0 F9000 X176.373 Y54.578
G0 X176.375 Y53.498
G0 X183.673 Y53.2
G0 X184.522 Y53.021
G0 X185.655 Y52.478
G0 X186.533 Y51.739
G0 X187.176 Y50.864
G0 X187.551 Y50.012
G0 X187.736 Y49.165
G0 X187.769 Y48.256
G0 X187.509 Y47.019
G0 X186.998 Y45.991
G0 X186.39 Y45.283
G0 X180.188 Y39.549
G0 X180.322 Y38.279
M204 S500
;TYPE:WALL-INNER
G1 F2400 E567.67536
G1 F1836.7 X180.454 Y38.313 E567.6798
G1 F1743.3 X180.892 Y38.367 E567.69496
G1 F1625.3 X181.081 Y38.357 E567.70193
M204 S2000
G0 F9000 X183.531 Y37.589
M204 S500
G1 F1800 X195.098 Y37.591 E568.08665
G1 X194.919 Y37.219 E568.10038
G1 X194.769 Y36.806 E568.115
G1 X194.695 Y36.392 E568.12898
G1 X194.674 Y36.062 E568.13998
G1 X194.695 Y35.626 E568.1545
G1 X194.74 Y35.328 E568.16452
G1 X194.818 Y35.034 E568.17464
G1 X194.905 Y34.797 E568.18304
G1 X195.092 Y34.396 E568.19775
G1 X183.528 Y34.395 E568.58238
G1 X183.662 Y34.643 E568.59175
G1 X183.825 Y35.032 E568.60578
G1 X183.926 Y35.448 E568.62002
G1 X183.972 Y36.045 E568.63993
G1 X183.917 Y36.53 E568.65617
G1 X183.862 Y36.789 E568.66497
G1 X183.733 Y37.202 E568.67936
G1 X183.531 Y37.589 E568.69388
M204 S2000
G0 F9000 X182.699 Y37.987
M204 S500
G1 F1800 X195.946 Y37.99 E569.13448
G1 X195.634 Y37.678 E569.14916
G1 X195.329 Y37.174 E569.16875
G1 X195.157 Y36.707 E569.1853
G1 X195.069 Y36.21 E569.20209
G1 X195.099 Y35.538 E569.22446
G1 X195.228 Y35.05 E569.24125
G1 X195.429 Y34.621 E569.25701
G1 X195.658 Y34.292 E569.27034
G1 X195.938 Y33.996 E569.28389
G1 X182.705 Y33.996 E569.72402
G1 X183.002 Y34.314 E569.7385
G1 X183.259 Y34.716 E569.75437
G1 X183.455 Y35.186 E569.7713
G1 X183.528 Y35.483 E569.78148
G1 X183.568 Y35.992 E569.79846
G1 X183.512 Y36.568 E569.8177
G1 X183.362 Y37.048 E569.83443
G1 X183.139 Y37.48 E569.8506
G1 X182.903 Y37.784 E569.8634
G1 X182.699 Y37.987 E569.87297
M204 S2000
G0 F9000 X181.081 Y38.357
M204 S500
G1 F1674.4 X181.518 Y38.388 E569.88864
G1 F1800 X196.926 Y38.391 E570.40111
G1 F1603.6 X197.345 Y38.343 E570.41685
G1 X196.788 Y38.115 E570.43932
G1 F1800 X196.372 Y37.853 E570.45568
G1 X195.952 Y37.429 E570.47553
G1 X195.688 Y36.994 E570.49245
G1 X195.545 Y36.599 E570.50642
G1 X195.471 Y36.185 E570.52041
G1 X195.497 Y35.595 E570.54005
G1 X195.603 Y35.194 E570.55385
G1 X195.779 Y34.817 E570.56769
G1 X196.02 Y34.471 E570.58171
G1 X196.382 Y34.125 E570.59837
G1 F1722.5 X196.886 Y33.82 E570.61884
G1 F1585.9 X197.479 Y33.63 E570.64235
G1 F1651.4 X196.976 Y33.595 E570.66063
G1 F1800 X181.637 Y33.596 E571.17081
G1 F1643.8 X181.186 Y33.634 E571.18729
G1 F1614.3 X181.478 Y33.73 E571.19869
G1 F1764.7 X182.072 Y33.999 E571.22081
G1 F1800 X182.408 Y34.259 E571.23494
G1 X182.685 Y34.561 E571.24857
G1 X182.904 Y34.904 E571.26211
G1 X183.121 Y35.425 E571.28088
G1 X183.168 Y35.992 E571.2998
G1 X183.117 Y36.491 E571.31648
G1 X182.991 Y36.894 E571.33053
G1 X182.803 Y37.259 E571.34418
G1 X182.551 Y37.584 E571.35786
G1 X182.046 Y38.028 E571.38023
G1 F1773.4 X181.379 Y38.281 E571.40431
G1 F1651.4 X181.081 Y38.357 E571.41546
M204 S2000
G0 F9000 X179.929 Y38.013
G0 X179.475 Y37.726
G0 X179.081 Y37.33
G0 X178.834 Y36.923
G0 X178.633 Y36.173
G0 X178.657 Y35.621
G0 X178.92 Y34.897
G0 X179.142 Y34.579
G0 X179.335 Y34.395
G0 X180.259 Y33.729
M204 S500
G1 F1822.8 X180.443 Y33.671 E571.4218
G1 F1659 X180.871 Y33.626 E571.43733
G1 F1535.2 X181.186 Y33.634 E571.44961
M204 S2000
G0 F9000 X197.479 Y33.63
M204 S500
G1 F1545.1 X197.677 Y33.626 E571.45729
G1 F1666.7 X198.1 Y33.656 E571.47252
G1 F1850.9 X198.42 Y33.737 E571.4832
G1 F1961.9 X198.525 Y33.773 E571.48658
M204 S2000
G0 F9000 X199.298 Y34.377
G0 X199.761 Y34.98
G0 X199.962 Y35.465
G0 X200.009 Y35.997
G0 X199.958 Y36.461
G0 X199.666 Y37.17
G0 X199.43 Y37.477
G0 X198.437 Y38.243
M204 S500
G1 F1909.8 X198.057 Y38.341 E571.49889
G1 F1710.2 X197.769 Y38.355 E571.50898
G1 F1548.4 X197.486 Y38.354 E571.51992
G1 F1478.4 X197.345 Y38.343 E571.52565
M204 S2000
G0 F9000 X197.026 Y37.793
M204 S500
;TYPE:WALL-OUTER
G1 F1800 X196.609 Y37.523 E571.54217
G1 X196.256 Y37.16 E571.55901
G1 X196.062 Y36.839 E571.57149
G1 X195.939 Y36.514 E571.58305
G1 X195.877 Y36.182 E571.59428
G1 X195.9 Y35.636 E571.61246
G1 X195.978 Y35.342 E571.62257
G1 X196.12 Y35.032 E571.63391
G1 X196.314 Y34.749 E571.64532
G1 X196.647 Y34.432 E571.66062
G1 X197.065 Y34.179 E571.67687
G1 X197.553 Y34.059 E571.69358
G1 X198.064 Y34.057 E571.71058
G1 X198.407 Y34.134 E571.72227
G1 F1739.1 X198.435 Y34.129 E571.72325
G1 F1472.4 X198.831 Y34.222 E571.73979
G1 F1328.4 X199.162 Y34.488 E571.75893
G1 F1363.6 X199.421 Y34.778 E571.776
G1 F1392.6 X199.597 Y35.063 E571.7904
G1 F1428.6 X199.77 Y35.504 E571.81025
G1 F1445.8 X199.818 Y35.971 E571.82969
G1 F1428.6 X199.775 Y36.414 E571.84834
G1 F1420.1 X199.666 Y36.768 E571.86396
G1 F1409 X199.516 Y37.068 E571.87821
G1 F1382 X199.314 Y37.342 E571.89295
G1 F1350.8 X198.87 Y37.747 E571.91959
G1 F1302 X198.688 Y37.827 E571.92873
G1 F1454.5 X198.35 Y37.88 E571.94281
G1 F1751.8 X198.33 Y37.876 E571.94351
G1 F1800 X197.983 Y37.937 E571.95523
G1 X197.461 Y37.91 E571.97261
G1 X197.026 Y37.793 E571.9876
M204 S2000
G1 F2400 E571.1876
G0 F9000 X196.44 Y38.165
G0 X180.288 Y38.367
G0 X180.176 Y38.643
M204 S500
G1 F2400 E571.9876
G1 F1800 X180.569 Y38.755 E572.00119
G1 X180.911 Y38.788 E572.01261
G1 X197.711 Y38.792 E572.57138
G1 X198.184 Y38.73 E572.58725
G1 F1777.8 X198.62 Y38.586 E572.60271
G1 F1472.4 X198.917 Y38.347 E572.61821
G1 F1290.3 X199.127 Y38.227 E572.62944
G1 F1326 X199.5 Y37.929 E572.65099
G1 F1348.3 X199.798 Y37.586 E572.67117
G1 F1376.7 X199.993 Y37.269 E572.68735
G1 F1406.2 X200.135 Y36.964 E572.70168
G1 F1420.1 X200.276 Y36.503 E572.722
G1 F1428.6 X200.32 Y35.947 E572.74537
G1 F1437.1 X200.293 Y35.637 E572.75834
G1 F1442.9 X200.251 Y35.382 E572.76906
G1 F1440 X200.103 Y34.918 E572.78931
G1 F1411.8 X199.812 Y34.407 E572.81424
G1 F1353.4 X199.416 Y33.988 E572.83975
G1 F1295 X199.043 Y33.717 E572.86106
G1 F1313.9 X198.975 Y33.65 E572.86541
G1 F1496.9 X198.677 Y33.409 E572.88074
G1 F1730.8 X198.082 Y33.231 E572.90222
G1 F1800 X197.696 Y33.196 E572.91511
G1 X180.835 Y33.195 E573.47591
G1 X180.334 Y33.281 E573.49282
G1 X180.118 Y33.365 E573.50053
G1 F1535.2 X179.789 Y33.573 E573.51571
G1 F1306.7 X179.733 Y33.625 E573.51921
G1 F1285.7 X179.382 Y33.846 E573.53852
G1 F1309.1 X179.093 Y34.104 E573.55624
G1 F1348.3 X178.833 Y34.413 E573.57417
G1 F1384.6 X178.593 Y34.81 E573.59423
G1 F1411.8 X178.461 Y35.129 E573.60887
G1 F1425.7 X178.358 Y35.497 E573.62492
G1 F1428.6 X178.31 Y36.107 E573.65056
G1 F1434.3 X178.388 Y36.628 E573.67255
G1 F1422.9 X178.532 Y37.04 E573.69091
G1 F1398.1 X178.65 Y37.278 E573.70229
G1 F1379.3 X178.82 Y37.555 E573.71639
G1 F1345.8 X179.056 Y37.844 E573.73299
G1 F1304.3 X179.4 Y38.149 E573.75409
G1 F1288 X179.685 Y38.333 E573.76986
G1 F1281.1 X179.8 Y38.392 E573.7759
G1 F1493.8 X180.176 Y38.643 E573.79402
M204 S2000
G0 F9000 X180.02 Y37.876
M204 S500
G1 F1288 X179.607 Y37.623 E573.81653
G1 F1335.8 X179.229 Y37.229 E573.841
G1 F1392.6 X179.002 Y36.843 E573.86025
G1 F1422.9 X178.879 Y36.488 E573.87606
G1 F1440 X178.825 Y36.172 E573.88939
G1 X178.843 Y35.668 E573.91036
G1 F1431.4 X178.936 Y35.302 E573.92615
G1 F1411.8 X179.075 Y34.996 E573.9404
G1 F1384.6 X179.274 Y34.699 E573.95586
G1 F1355.9 X179.572 Y34.392 E573.97475
G1 F1309.1 X180.014 Y34.116 E573.99858
G1 F1493.8 X180.352 Y34.109 E574.01213
G1 F1800 X180.553 Y34.059 E574.01902
G1 X181.09 Y34.061 E574.03688
G1 X181.389 Y34.128 E574.04707
G1 X181.879 Y34.356 E574.06505
G1 X182.146 Y34.565 E574.07633
G1 X182.355 Y34.793 E574.08661
G1 X182.538 Y35.074 E574.09777
G1 X182.728 Y35.523 E574.11398
G1 X182.768 Y35.975 E574.12908
G1 X182.724 Y36.395 E574.14312
G1 X182.613 Y36.753 E574.15559
G1 X182.452 Y37.059 E574.16709
G1 X182.244 Y37.322 E574.17824
G1 X181.838 Y37.679 E574.19622
G1 X181.308 Y37.881 E574.21509
G1 X181.007 Y37.934 E574.22525
G1 X180.494 Y37.915 E574.24233
G1 X180.424 Y37.9 E574.24471
G1 F1493.8 X180.02 Y37.876 E574.26093
M204 S2000
G0 F9000 X179.963 Y38.085
G0 X180.998 Y38.177
G0 X184.098 Y37.488
G0 X184.099 Y37.228
M204 S500
;TYPE:SKIN
G1 F1800 X184.206 Y36.899 E574.27244
G1 X184.272 Y36.59 E574.28294
G1 X184.333 Y36.037 E574.30145
G1 X184.284 Y35.42 E574.32203
G1 X184.124 Y34.757 E574.34472
G1 X194.516 Y34.756 E574.69036
G1 X194.386 Y35.258 E574.70761
G1 X194.338 Y35.587 E574.71866
G1 X194.316 Y36.097 E574.73564
G1 X194.338 Y36.436 E574.74694
G1 X194.389 Y36.736 E574.75706
G1 X194.522 Y37.231 E574.77411
G1 X184.099 Y37.228 E575.12078
M204 S2000
G0 F9000 X184.448 Y36.804
M204 S500
G1 F1800 X184.671 Y37.027 E575.13127
M204 S2000
G0 F9000 X185.237 Y37.027
M204 S500
G1 F1800 X184.503 Y36.293 E575.1658
M204 S2000
G0 F9000 X184.508 Y35.732
M204 S500
G1 F1800 X185.802 Y37.027 E575.22668
M204 S2000
G0 F9000 X186.368 Y37.027
M204 S500
G1 F1800 X184.46 Y35.119 E575.31643
G1 X184.403 Y35.062 E575.31911
M204 S2000
G0 F9000 X184.863 Y34.957
M204 S500
G1 F1800 X186.934 Y37.027 E575.4165
M204 S2000
G0 F9000 X187.499 Y37.027
M204 S500
G1 F1800 X185.429 Y34.957 E575.51387
M204 S2000
G0 F9000 X185.995 Y34.957
M204 S500
G1 F1800 X188.066 Y37.028 E575.61128
M204 S2000
G0 F9000 X188.632 Y37.028
M204 S500
G1 F1800 X186.56 Y34.957 E575.70872
M204 S2000
G0 F9000 X187.126 Y34.957
M204 S500
G1 F1800 X189.197 Y37.028 E575.80613
M204 S2000
G0 F9000 X189.763 Y37.028
M204 S500
G1 F1800 X187.692 Y34.957 E575.90355
M204 S2000
G0 F9000 X188.257 Y34.957
M204 S500
G1 F1800 X190.329 Y37.028 E576.00098
M204 S2000
G0 F9000 X190.894 Y37.028
M204 S500
G1 F1800 X188.823 Y34.957 E576.0984
M204 S2000
G0 F9000 X189.389 Y34.957
M204 S500
G1 F1800 X191.461 Y37.029 E576.19586
M204 S2000
G0 F9000 X192.026 Y37.029
M204 S500
G1 F1800 X189.955 Y34.957 E576.29329
M204 S2000
G0 F9000 X190.52 Y34.957
M204 S500
G1 F1800 X192.592 Y37.029 E576.39075
M204 S2000
G0 F9000 X193.158 Y37.029
M204 S500
G1 F1800 X191.086 Y34.957 E576.48822
M204 S2000
G0 F9000 X191.652 Y34.957
M204 S500
G1 F1800 X193.723 Y37.029 E576.58565
M204 S2000
G0 F9000 X194.225 Y36.964
M204 S500
G1 F1800 X192.217 Y34.957 E576.68008
M204 S2000
G0 F9000 X192.783 Y34.957
M204 S500
G1 F1800 X194.127 Y36.301 E576.7433
M204 S2000
G0 F9000 X194.131 Y35.74
M204 S500
G1 F1800 X193.349 Y34.957 E576.7801
M204 S2000
G0 F9000 X193.914 Y34.957
M204 S500
G1 F1800 X194.187 Y35.23 E576.79294
M204 S2000
G0 F9000 X194.943 Y35.346
G1 F2400 E575.99294
;MESH:NONMESH
G0 F300 X194.943 Y35.346 Z2.4
G0 F9000 X194.798 Y34.574
G0 X180.536 Y33.818
G0 X180.08 Y33.93
G0 X178.972 Y34.49
G0 X178.063 Y33.898
G0 X171.427 Y33.135
G0 X162.753 Y33.454
G0 X162.124 Y32.571
G0 X158.202 Y32.615
G0 X158.287 Y32.329
;TIME_ELAPSED:1014.841708
;LAYER:11
M204 S500
;TYPE:WALL-INNER
;MESH:part_2.stl
G1 F2400 E576.79294
G1 F1800 X157.99 Y32.24 E576.80326
G1 X157.655 Y32.107 E576.81524
G1 X157.344 Y31.951 E576.82682
G1 X157.046 Y31.77 E576.83841
G1 X156.648 Y31.467 E576.85505
G1 X156.405 Y31.24 E576.86611
G1 X156.015 Y30.796 E576.88577
G1 X155.732 Y30.358 E576.90311
G1 X155.542 Y29.972 E576.91742
G1 X155.419 Y29.656 E576.9287
G1 X155.33 Y29.356 E576.93911
G1 X155.235 Y28.873 E576.95548
G1 X155.198 Y28.449 E576.96963
G1 X155.215 Y27.919 E576.98727
G1 X155.259 Y27.595 E576.99815
G1 X155.336 Y27.248 E577.00997
G1 X155.437 Y26.924 E577.02126
G1 X155.622 Y26.486 E577.03707
G1 X155.779 Y26.195 E577.04807
G1 X155.961 Y25.917 E577.05912
G1 X156.187 Y25.624 E577.07143
G1 X156.399 Y25.396 E577.08178
G1 X156.649 Y25.164 E577.09313
G1 X156.901 Y24.962 E577.10387
G1 X157.186 Y24.772 E577.11526
G1 X157.682 Y24.513 E577.13387
G1 X157.959 Y24.403 E577.14378
G1 X158.321 Y24.293 E577.15637
G1 X158.778 Y24.204 E577.17185
G1 X159.141 Y24.17 E577.18398
G1 X159.554 Y24.17 E577.19772
G1 X159.893 Y24.198 E577.20903
G1 X160.226 Y24.256 E577.22027
G1 X160.561 Y24.345 E577.2318
G1 X160.852 Y24.444 E577.24202
G1 X161.185 Y24.59 E577.25412
G1 X161.501 Y24.764 E577.26612
G1 X161.756 Y24.932 E577.27627
G1 X162.011 Y25.131 E577.28703
G1 X162.372 Y25.471 E577.30352
G1 X162.621 Y25.762 E577.31626
G1 X162.826 Y26.049 E577.32799
G1 X163.049 Y26.429 E577.34265
G1 X163.256 Y26.902 E577.35982
G1 X163.363 Y27.257 E577.37215
G1 X163.446 Y27.649 E577.38548
G1 X163.483 Y27.951 E577.3956
G1 X163.499 Y28.297 E577.40712
G1 X163.48 Y28.719 E577.42117
G1 X163.447 Y28.981 E577.42995
G1 X163.375 Y29.325 E577.44164
G1 X163.284 Y29.64 E577.45255
G1 X163.088 Y30.117 E577.4697
G1 X162.899 Y30.468 E577.48296
G1 X162.712 Y30.748 E577.49416
G1 X162.497 Y31.022 E577.50574
G1 X162.319 Y31.215 E577.51447
G1 X161.886 Y31.599 E577.53372
G1 X161.491 Y31.875 E577.54975
G1 X161.187 Y32.04 E577.56125
G1 X160.877 Y32.179 E577.57255
G1 X160.553 Y32.291 E577.58396
G1 X160.211 Y32.378 E577.59569
G1 X159.737 Y32.448 E577.61163
G1 X159.4 Y32.465 E577.62285
G1 X158.99 Y32.452 E577.6365
G1 X158.684 Y32.415 E577.64675
G1 X158.287 Y32.329 E577.66026
M204 S2000
G0 F9000 X158.202 Y32.615
G0 X159.736 Y32.689
G0 X160.62 Y32.519
G0 X161.434 Y32.157
G0 X162.806 Y31.307
M204 S500
G1 F1827.4 X162.16 Y31.863 E577.68818
G1 F2099.1 X161.681 Y32.193 E577.70477
G1 F2111.4 X161.35 Y32.374 E577.71547
G1 X161.012 Y32.524 E577.72595
G1 X160.659 Y32.647 E577.73655
G1 F2099.1 X160.288 Y32.742 E577.74747
G1 F2087 X159.782 Y32.819 E577.76216
G1 F2063 X159.316 Y32.839 E577.77569
G1 F2057.1 X158.933 Y32.822 E577.78685
G1 F2074.9 X158.596 Y32.778 E577.79666
G1 F2087 X158.216 Y32.695 E577.80781
G1 X157.869 Y32.592 E577.8182
G1 F2074.9 X157.524 Y32.457 E577.82889
G1 F2069 X157.186 Y32.29 E577.8398
G1 X156.872 Y32.103 E577.85037
G1 F2057.1 X156.391 Y31.746 E577.8678
G1 F2039.7 X156.069 Y31.429 E577.88107
G1 F2045.5 X155.746 Y31.062 E577.89538
G1 F2069 X155.419 Y30.563 E577.91264
G1 F2051.3 X155.265 Y30.268 E577.92235
G1 F2028.2 X155.056 Y29.753 E577.93876
G1 F2033.9 X154.933 Y29.293 E577.95277
G1 F2051.3 X154.867 Y28.939 E577.96328
G1 X154.831 Y28.567 E577.97419
G1 F2033.9 X154.83 Y28.059 E577.98914
G1 F2051.3 X154.88 Y27.6 E578.00262
G1 F2069 X154.953 Y27.242 E578.01319
G1 F2063 X155.08 Y26.809 E578.02629
G1 F2074.9 X155.287 Y26.325 E578.04148
G1 F2087 X155.457 Y26.007 E578.05182
G1 F2069 X155.664 Y25.689 E578.0628
G1 F2063 X155.908 Y25.376 E578.07432
G1 F2051.3 X156.134 Y25.129 E578.08409
G1 F2022.5 X156.563 Y24.748 E578.10107
G1 X157.027 Y24.429 E578.11774
G1 F2051.3 X157.525 Y24.174 E578.13407
G1 F2063 X157.766 Y24.077 E578.14161
G1 F2074.9 X158.237 Y23.931 E578.15584
G1 F2093 X158.687 Y23.835 E578.169
G1 F2080.9 X159.164 Y23.795 E578.18277
G1 F2074.9 X159.565 Y23.797 E578.19434
G1 F2087 X159.946 Y23.83 E578.20531
G1 F2099.1 X160.31 Y23.894 E578.21585
G1 F2069 X160.654 Y23.98 E578.22611
G1 F2033.9 X161.231 Y24.194 E578.24422
G1 F2039.7 X161.666 Y24.426 E578.2587
G1 F2074.9 X161.966 Y24.625 E578.26908
G1 F2087 X162.24 Y24.836 E578.279
G1 F1940.7 X162.652 Y25.19 E578.29576
M204 S2000
G0 F9000 X163.469 Y26.784
G0 X163.722 Y27.935
G0 X163.677 Y29.053
G0 X163.497 Y29.758
G0 X163.118 Y30.568
G0 X162.467 Y31.406
G0 X161.625 Y32.072
G0 X160.62 Y32.519
G0 X159.612 Y32.671
G0 X158.03 Y32.724
G0 X157.941 Y33.008
M204 S500
G1 F1800 X158.336 Y33.109 E578.30932
G1 X158.894 Y33.193 E578.32809
G1 X159.331 Y33.215 E578.34264
G1 X159.755 Y33.197 E578.35676
G1 X160.174 Y33.146 E578.3708
G1 X160.561 Y33.063 E578.38396
G1 X160.928 Y32.954 E578.39669
G1 X161.322 Y32.8 E578.41076
G1 X161.669 Y32.631 E578.4236
G1 X162.032 Y32.413 E578.43768
G1 X162.37 Y32.172 E578.45149
G1 X162.763 Y31.856 E578.46826
G1 X163.047 Y31.652 E578.47989
G1 X163.427 Y31.421 E578.49468
G1 X163.847 Y31.21 E578.51032
G1 X164.315 Y31.023 E578.52708
G1 X164.836 Y30.865 E578.54519
G1 X165.394 Y30.766 E578.56404
G1 X165.875 Y30.722 E578.5801
G1 X180.741 Y30.713 E579.07455
G1 F1698.1 X181.176 Y30.69 E579.0899
G1 F1618 X181.434 Y30.693 E579.09945
G1 F1614.3 X181.725 Y30.659 E579.11032
G1 F1600 X182.118 Y30.561 E579.12547
G1 X182.374 Y30.457 E579.13581
G1 F1614.3 X182.635 Y30.321 E579.14673
G1 X182.892 Y30.119 E579.15885
G1 F1585.9 X183.151 Y29.867 E579.17249
G1 X183.367 Y29.563 E579.18657
G1 F1607.1 X183.553 Y29.197 E579.20186
G1 F1621.6 X183.668 Y28.828 E579.21613
G1 F1607.1 X183.718 Y28.426 E579.23122
G1 X183.719 Y28.13 E579.24225
G1 X183.659 Y27.747 E579.25669
G1 F1589.4 X183.536 Y27.379 E579.2713
G1 F1585.9 X183.349 Y27.033 E579.28615
G1 F1578.9 X183.095 Y26.704 E579.30191
G1 F1592.9 X182.742 Y26.395 E579.31954
G1 X182.398 Y26.192 E579.33456
G1 F1585.9 X182.048 Y26.04 E579.34896
G1 F1592.9 X181.682 Y25.96 E579.36304
G1 F1589.4 X181.342 Y25.944 E579.37586
G1 F1558.4 X180.858 Y25.951 E579.39446
G1 F1600 X180.624 Y25.931 E579.40324
G1 F1739.1 X180.26 Y25.916 E579.41579
G1 F1800 X166.131 Y25.916 E579.88572
G1 X165.66 Y25.896 E579.9014
G1 X165.195 Y25.836 E579.91699
G1 X164.769 Y25.744 E579.93149
G1 X164.245 Y25.587 E579.94968
G1 X163.693 Y25.349 E579.96967
G1 X163.248 Y25.107 E579.98652
G1 X162.87 Y24.858 E580.00158
G1 X162.275 Y24.387 E580.02682
G1 X161.859 Y24.103 E580.04357
G1 X161.316 Y23.823 E580.06389
G1 X160.762 Y23.619 E580.08353
G1 X160.229 Y23.495 E580.10173
G1 X159.891 Y23.446 E580.11309
G1 X159.409 Y23.418 E580.12914
G1 X159.022 Y23.427 E580.14202
G1 X158.527 Y23.483 E580.15859
G1 X158.017 Y23.602 E580.17601
G1 X157.621 Y23.731 E580.18986
G1 X157.246 Y23.89 E580.20341
G1 X156.833 Y24.105 E580.21889
G1 X156.329 Y24.45 E580.23921
G1 X155.867 Y24.862 E580.2598
G1 X155.506 Y25.27 E580.27792
G1 X155.224 Y25.672 E580.29425
G1 X155.041 Y25.984 E580.30628
G1 X154.83 Y26.424 E580.32251
G1 X154.701 Y26.759 E580.33445
G1 X154.589 Y27.154 E580.3481
G1 X154.509 Y27.556 E580.36174
G1 X154.453 Y28.039 E580.37791
G1 X154.455 Y28.587 E580.39614
G1 X154.501 Y29.017 E580.41052
G1 X154.565 Y29.374 E580.42258
G1 X154.698 Y29.872 E580.43973
G1 X154.923 Y30.431 E580.45977
G1 X155.16 Y30.859 E580.47604
G1 X155.448 Y31.29 E580.49328
G1 X155.804 Y31.697 E580.51127
G1 X156.094 Y31.984 E580.52484
G1 X156.491 Y32.295 E580.54161
G1 X156.834 Y32.52 E580.55525
G1 X157.199 Y32.717 E580.56905
G1 X157.523 Y32.863 E580.58087
G1 X157.941 Y33.008 E580.59558
M204 S2000
G0 F9000 X158.03 Y32.724
G0 X159.736 Y32.689
G0 X160.62 Y32.519
G0 X161.625 Y32.072
G0 X163.868 Y30.324
M204 S500
G1 F1800 X164.668 Y30.078 E580.62342
G1 X165.258 Y29.977 E580.64333
G1 X165.816 Y29.924 E580.66197
G1 X167.576 Y29.92 E580.72051
G1 X167.356 Y29.65 E580.7321
G1 X167.185 Y29.346 E580.7437
G1 X167.079 Y29.083 E580.75313
G1 X166.985 Y28.721 E580.76557
G1 X166.956 Y27.999 E580.7896
G1 X167.093 Y27.511 E580.80646
G1 X167.311 Y27.072 E580.82276
G1 X167.578 Y26.717 E580.83753
G1 X166.098 Y26.715 E580.88676
G1 X165.584 Y26.693 E580.90387
G1 X165.028 Y26.618 E580.92253
G1 X164.588 Y26.524 E580.9375
G1 X163.873 Y26.311 E580.96231
G1 X164.023 Y26.671 E580.97528
G1 X164.155 Y27.126 E580.99104
G1 X164.22 Y27.428 E581.00131
G1 X164.281 Y27.889 E581.01678
G1 X164.299 Y28.297 E581.03036
G1 X164.286 Y28.678 E581.04304
G1 X164.241 Y29.081 E581.05653
G1 X164.168 Y29.448 E581.06898
G1 X164.052 Y29.866 E581.0834
G1 X163.868 Y30.324 E581.09982
M204 S2000
G0 F9000 X162.806 Y31.307
M204 S500
G1 F1710.2 X163.294 Y31.038 E581.11933
G1 F1800 X163.74 Y30.82 E581.13584
G1 X164.117 Y30.669 E581.14935
G1 X164.801 Y30.462 E581.17311
G1 X165.409 Y30.361 E581.19361
G1 X165.846 Y30.323 E581.2082
G1 X168.42 Y30.32 E581.29381
G1 F1710.2 X168.97 Y30.299 E581.31308
G1 F1682.2 X168.73 Y30.221 E581.32206
G1 F1769 X168.462 Y30.105 E581.33195
G1 F1800 X168.206 Y29.954 E581.34183
G1 X167.981 Y29.77 E581.3515
G1 X167.732 Y29.509 E581.3635
G1 X167.556 Y29.195 E581.37547
G1 X167.449 Y28.932 E581.38491
G1 X167.382 Y28.674 E581.39378
G1 X167.357 Y28.037 E581.41498
G1 X167.477 Y27.623 E581.42932
G1 X167.633 Y27.31 E581.44095
G1 X167.884 Y26.969 E581.45503
G1 X168.143 Y26.725 E581.46687
G1 X168.386 Y26.567 E581.47651
G1 F1795.5 X168.69 Y26.434 E581.48757
G1 F1730.8 X169.045 Y26.331 E581.50036
G1 X168.676 Y26.318 E581.51313
G1 F1795.5 X166.114 Y26.316 E581.59856
G1 F1800 X165.592 Y26.291 E581.61594
G1 X165.112 Y26.227 E581.63204
G1 X164.679 Y26.134 E581.64677
G1 X164.129 Y25.97 E581.66586
G1 X163.531 Y25.715 E581.68748
G1 X163.028 Y25.442 E581.70652
G1 F1813.6 X162.652 Y25.19 E581.72146
G1 X162.946 Y25.527 E581.73622
G1 F1800 X163.123 Y25.773 E581.7463
G1 X163.36 Y26.159 E581.76137
G1 X163.621 Y26.724 E581.78207
G1 X163.764 Y27.21 E581.79892
G1 X163.843 Y27.599 E581.81212
G1 X163.882 Y27.92 E581.82288
G1 X163.899 Y28.297 E581.83543
G1 X163.886 Y28.664 E581.84764
G1 X163.844 Y29.031 E581.85993
G1 X163.748 Y29.482 E581.87527
G1 X163.668 Y29.753 E581.88466
G1 X163.457 Y30.271 E581.90327
G1 X163.232 Y30.689 E581.91906
G1 F1710.2 X162.806 Y31.307 E581.94533
M204 S2000
G0 F9000 X164.599 Y30.695
G0 X168.418 Y29.975
G0 X168.53 Y29.701
M204 S500
G1 F1800 X168.166 Y29.404 E581.96096
G1 X167.926 Y29.045 E581.97532
G1 X167.783 Y28.69 E581.98805
G1 X167.757 Y28.102 E582.00762
G1 X167.889 Y27.637 E582.0237
G1 X168.271 Y27.118 E582.04514
G1 X168.685 Y26.849 E582.06156
G1 X169.218 Y26.717 E582.07982
G1 X174.605 Y26.717 E582.25899
G1 X175.112 Y26.9 E582.27692
G1 X175.474 Y27.169 E582.29192
G1 X175.727 Y27.492 E582.30557
G1 X175.906 Y27.917 E582.3209
G1 X175.946 Y28.326 E582.33457
G1 X175.873 Y28.83 E582.35151
G1 X175.658 Y29.25 E582.3672
G1 X175.399 Y29.52 E582.37965
G1 X175.004 Y29.788 E582.39552
G1 X174.506 Y29.913 E582.4126
G1 X169.231 Y29.91 E582.58805
G1 X168.883 Y29.844 E582.59983
G1 X168.53 Y29.701 E582.6125
M204 S2000
G0 F9000 X168.97 Y30.299
M204 S500
G1 F1682.2 X169.176 Y30.313 E582.61985
G1 F1760.4 X174.434 Y30.315 E582.79866
G1 F1747.6 X174.608 Y30.308 E582.80463
M204 S2000
G0 F9000 X176.14 Y29.916
M204 S500
G1 F1800 X179.164 Y29.915 E582.90521
G1 X178.917 Y29.486 E582.92167
G1 X178.812 Y29.239 E582.9306
G1 X178.726 Y28.955 E582.94047
G1 X178.64 Y28.49 E582.9562
G1 X178.649 Y28.08 E582.96984
G1 X178.745 Y27.61 E582.98579
G1 X178.853 Y27.289 E582.99706
G1 X178.972 Y27.04 E583.00623
G1 X179.168 Y26.716 E583.01883
G1 X176.129 Y26.716 E583.11991
G1 X176.309 Y26.937 E583.12939
G1 X176.496 Y27.256 E583.14168
G1 X176.608 Y27.521 E583.15125
G1 X176.703 Y27.86 E583.16296
G1 X176.756 Y28.315 E583.1782
G1 X176.679 Y28.847 E583.19608
G1 X176.541 Y29.281 E583.21122
G1 X176.411 Y29.535 E583.22072
G1 X176.14 Y29.916 E583.23627
M204 S2000
G0 F9000 X174.608 Y30.308
M204 S500
G1 F1756.1 X175.017 Y30.317 E583.25021
G1 F1800 X180.231 Y30.314 E583.42363
G1 X179.961 Y30.148 E583.43417
G1 X179.636 Y29.844 E583.44897
G1 X179.333 Y29.444 E583.46566
G1 X179.139 Y28.986 E583.48221
G1 X179.037 Y28.44 E583.50068
G1 X179.043 Y28.147 E583.51043
G1 X179.162 Y27.57 E583.53002
G1 X179.372 Y27.131 E583.54621
G1 X179.65 Y26.751 E583.56187
G1 X180.175 Y26.317 E583.58453
G1 X174.499 Y26.317 E583.77331
G1 X174.842 Y26.378 E583.7849
G1 X175.169 Y26.495 E583.79645
G1 X175.424 Y26.634 E583.80611
G1 X175.649 Y26.8 E583.81541
G1 X175.838 Y26.985 E583.8242
G1 X175.994 Y27.184 E583.83261
G1 X176.128 Y27.412 E583.84141
G1 X176.24 Y27.677 E583.85098
G1 X176.308 Y27.919 E583.85934
G1 X176.357 Y28.272 E583.87119
G1 X176.283 Y28.789 E583.88856
G1 X176.185 Y29.099 E583.89938
G1 X176.055 Y29.354 E583.9089
G1 X175.883 Y29.594 E583.91872
G1 X175.687 Y29.798 E583.92813
G1 X175.383 Y30.041 E583.94107
G1 X175.003 Y30.201 E583.95479
G1 F1756.1 X174.608 Y30.308 E583.96874
M204 S2000
G0 F9000 X175.497 Y29.762
G0 X175.852 Y29.391
G0 X176.104 Y28.903
G0 X176.196 Y28.27
G0 X176.133 Y27.841
G0 X175.935 Y27.37
G0 X175.641 Y26.998
G0 X175.406 Y26.824
G0 X174.499 Y26.317
M204 S500
G1 F1800 X169.29 Y26.317 E584.14199
G1 F1734.9 X169.045 Y26.331 E584.15046
M204 S2000
G0 F9000 X174.646 Y26.478
G0 X175.227 Y26.69
G0 X175.641 Y26.998
G0 X175.935 Y27.37
G0 X176.683 Y29.357
G0 X176.509 Y29.736
G0 X178.83 Y29.737
G0 X181.164 Y30.515
G0 X181.221 Y30.245
M204 S500
G1 F1651.4 X180.698 Y30.106 E584.17008
G1 F1747.6 X180.325 Y29.913 E584.18446
G1 F1800 X180.002 Y29.665 E584.19801
G1 X179.684 Y29.245 E584.21553
G1 X179.523 Y28.866 E584.22923
G1 X179.421 Y28.309 E584.24806
G1 X179.543 Y27.701 E584.26868
G1 X179.718 Y27.335 E584.28218
G1 X179.941 Y27.03 E584.29474
G1 F1726.6 X180.349 Y26.692 E584.31311
G1 F1589.4 X180.898 Y26.419 E584.33621
G1 F1561.8 X181.534 Y26.393 E584.36061
G1 F1596.5 X181.912 Y26.471 E584.37508
G1 F1585.9 X182.194 Y26.599 E584.38677
G1 F1589.4 X182.466 Y26.741 E584.39833
G1 F1603.6 X182.877 Y27.124 E584.41931
G1 F1600 X183.119 Y27.553 E584.43774
G1 X183.281 Y28.045 E584.45712
G1 F1596.5 X183.266 Y28.395 E584.47026
G1 F1607.1 X183.231 Y28.759 E584.48388
G1 F1629 X183.159 Y28.994 E584.49291
G1 F1632.7 X182.895 Y29.478 E584.51313
G1 F1636.4 X182.424 Y29.941 E584.53729
G1 F1632.7 X181.916 Y30.16 E584.55758
G1 F1629 X181.404 Y30.252 E584.57669
G1 F1618 X181.221 Y30.245 E584.58347
M204 S2000
G0 F9000 X180.854 Y29.735
M204 S500
;TYPE:WALL-OUTER
G1 F1800 X180.509 Y29.557 E584.59638
G1 X180.274 Y29.361 E584.60656
G1 X180.022 Y29.018 E584.62072
G1 X179.917 Y28.771 E584.62964
G1 X179.826 Y28.312 E584.64521
G1 X179.936 Y27.806 E584.66243
G1 X180.055 Y27.557 E584.67161
G1 X180.257 Y27.287 E584.68282
G1 X180.593 Y27.018 E584.69714
G1 X180.973 Y26.848 E584.71099
G1 X181.471 Y26.82 E584.72758
G1 X181.804 Y26.885 E584.73886
G1 X182.201 Y27.08 E584.75357
G1 X182.532 Y27.391 E584.76868
G1 X182.714 Y27.691 E584.78035
G1 X182.855 Y28.125 E584.79553
G1 X182.809 Y28.755 E584.81654
G1 X182.577 Y29.181 E584.83267
G1 X182.206 Y29.571 E584.85057
G1 X181.777 Y29.756 E584.86611
G1 X181.345 Y29.837 E584.88073
G1 X180.854 Y29.735 E584.89741
M204 S2000
G1 F2400 E584.09741
G0 F9000 X180.535 Y30.355
G0 X169.254 Y30.154
G0 X168.297 Y29.894
G0 X168.734 Y29.352
M204 S500
G1 F2400 E584.89741
G1 F1800 X168.486 Y29.15 E584.90805
G1 X168.322 Y28.937 E584.91699
G1 X168.178 Y28.603 E584.92909
G1 X168.159 Y28.164 E584.9437
G1 X168.253 Y27.818 E584.95563
G1 X168.551 Y27.414 E584.97232
G1 X168.852 Y27.219 E584.98425
G1 X169.255 Y27.119 E584.99806
G1 X174.535 Y27.117 E585.17368
G1 X174.923 Y27.257 E585.18739
G1 X175.208 Y27.479 E585.19941
G1 X175.391 Y27.724 E585.20958
G1 X175.503 Y27.989 E585.21915
G1 X175.549 Y28.267 E585.22852
G1 X175.486 Y28.707 E585.24331
G1 X175.328 Y29.017 E585.25488
G1 X175.072 Y29.273 E585.26692
G1 X174.806 Y29.425 E585.27711
G1 X174.469 Y29.511 E585.28868
G1 X169.285 Y29.514 E585.4611
G1 X169.033 Y29.473 E585.46959
G1 X168.734 Y29.352 E585.48032
M204 S2000
G1 F2400 E584.68032
G0 F9000 X168.297 Y29.894
G0 X164.798 Y30.627
G0 X162.326 Y31.502
G0 X162.067 Y31.764
G0 X161.295 Y32.252
G0 X160.259 Y32.612
G0 X159.543 Y32.689
G0 X158.201 Y32.615
G0 X158.401 Y31.945
M204 S500
G1 F2400 E585.48032
G1 F1800 X158.113 Y31.859 E585.49032
G1 X157.833 Y31.748 E585.50033
G1 X157.548 Y31.607 E585.51091
G1 X157.286 Y31.45 E585.52107
G1 X156.919 Y31.173 E585.53636
G1 X156.711 Y30.981 E585.54578
G1 X156.358 Y30.588 E585.56335
G1 X156.09 Y30.18 E585.57958
G1 X155.914 Y29.825 E585.59276
G1 X155.808 Y29.557 E585.60235
G1 X155.714 Y29.241 E585.61331
G1 X155.626 Y28.781 E585.62889
G1 X155.597 Y28.417 E585.64103
G1 X155.612 Y27.971 E585.65588
G1 X155.648 Y27.696 E585.6651
G1 X155.72 Y27.363 E585.67643
G1 X155.806 Y27.079 E585.6863
G1 X155.986 Y26.652 E585.70171
G1 X156.13 Y26.387 E585.71175
G1 X156.295 Y26.137 E585.72171
G1 X156.49 Y25.887 E585.73225
G1 X156.686 Y25.676 E585.74183
G1 X156.932 Y25.449 E585.75296
G1 X157.165 Y25.265 E585.76284
G1 X157.415 Y25.101 E585.77278
G1 X157.83 Y24.885 E585.78834
G1 X158.123 Y24.77 E585.79881
G1 X158.42 Y24.681 E585.80913
G1 X158.876 Y24.594 E585.82457
G1 X159.191 Y24.569 E585.83508
G1 X159.521 Y24.569 E585.84605
G1 X159.842 Y24.596 E585.85677
G1 X160.139 Y24.648 E585.86679
G1 X160.431 Y24.724 E585.87683
G1 X160.713 Y24.82 E585.88674
G1 X161.002 Y24.947 E585.89724
G1 X161.28 Y25.099 E585.90778
G1 X161.539 Y25.271 E585.91812
G1 X161.766 Y25.447 E585.92767
G1 X162.09 Y25.755 E585.94254
G1 X162.297 Y25.996 E585.95311
G1 X162.483 Y26.255 E585.96371
G1 X162.673 Y26.571 E585.97597
G1 X162.873 Y27.018 E585.99226
G1 X162.981 Y27.378 E586.00476
G1 X163.049 Y27.698 E586.01564
G1 X163.084 Y27.987 E586.02533
G1 X163.099 Y28.297 E586.03565
G1 X163.085 Y28.652 E586.04747
G1 X163.047 Y28.949 E586.05742
G1 X162.98 Y29.255 E586.06784
G1 X162.893 Y29.547 E586.07798
G1 X162.719 Y29.962 E586.09294
G1 X162.565 Y30.247 E586.10372
G1 X162.395 Y30.503 E586.11394
G1 X162.203 Y30.75 E586.12434
G1 X162.025 Y30.943 E586.13308
G1 X161.661 Y31.27 E586.14935
G1 X161.279 Y31.533 E586.16478
G1 X161.006 Y31.682 E586.17512
G1 X160.724 Y31.808 E586.18539
G1 X160.438 Y31.907 E586.19546
G1 X160.115 Y31.989 E586.20654
G1 X159.674 Y32.051 E586.22136
G1 X159.343 Y32.065 E586.23238
G1 X159.011 Y32.052 E586.24343
G1 X158.716 Y32.014 E586.25332
G1 X158.401 Y31.945 E586.26404
M204 S2000
G1 F2400 E585.46404
G0 F9000 X158.201 Y32.615
G0 X158.391 Y32.816
G0 X158.252 Y33.501
M204 S500
G1 F2400 E586.26404
G1 F1800 X158.789 Y33.591 E586.28215
G1 X159.347 Y33.615 E586.30073
G1 X159.787 Y33.596 E586.31538
G1 X160.24 Y33.541 E586.33056
G1 X160.675 Y33.447 E586.34536
G1 X161.058 Y33.332 E586.35866
G1 X161.482 Y33.167 E586.37379
G1 X161.859 Y32.983 E586.38774
G1 X162.239 Y32.757 E586.40245
G1 X162.622 Y32.483 E586.41811
G1 X162.955 Y32.212 E586.43239
G1 X163.276 Y31.98 E586.44556
G1 X163.649 Y31.755 E586.46005
G1 X164.039 Y31.563 E586.47451
G1 X164.431 Y31.406 E586.48856
G1 X164.962 Y31.246 E586.507
G1 X165.478 Y31.158 E586.52441
G1 X165.905 Y31.121 E586.53867
G1 X181.455 Y31.114 E587.05586
G1 X181.799 Y31.079 E587.06736
G1 X182.25 Y30.965 E587.08283
G1 X182.555 Y30.842 E587.09377
G1 X182.864 Y30.676 E587.10544
G1 X183.168 Y30.442 E587.1182
G1 X183.479 Y30.148 E587.13243
G1 X183.734 Y29.78 E587.14732
G1 X183.946 Y29.355 E587.16312
G1 X184.081 Y28.919 E587.1783
G1 X184.145 Y28.452 E587.19398
G1 X184.139 Y28.083 E587.20625
G1 X184.076 Y27.647 E587.22091
G1 X183.928 Y27.209 E587.23628
G1 X183.709 Y26.8 E587.25171
G1 X183.407 Y26.408 E587.26817
G1 X182.992 Y26.051 E587.28638
G1 X182.595 Y25.81 E587.30183
G1 X182.178 Y25.632 E587.31691
G1 X181.738 Y25.536 E587.33189
G1 X181.342 Y25.517 E587.34507
G1 X166.147 Y25.516 E587.85046
G1 X165.692 Y25.497 E587.86561
G1 X165.279 Y25.444 E587.87946
G1 X164.848 Y25.351 E587.89412
G1 X164.36 Y25.204 E587.91107
G1 X163.841 Y24.976 E587.92993
G1 X163.468 Y24.773 E587.94405
G1 X163.1 Y24.53 E587.95872
G1 X162.513 Y24.065 E587.98362
G1 X162.064 Y23.758 E588.00172
G1 X161.477 Y23.456 E588.02367
G1 X160.877 Y23.235 E588.04494
G1 X160.303 Y23.101 E588.06454
G1 X159.932 Y23.048 E588.07701
G1 X159.431 Y23.017 E588.0937
G1 X159.027 Y23.026 E588.10714
G1 X158.459 Y23.087 E588.12614
G1 X157.909 Y23.216 E588.14493
G1 X157.496 Y23.349 E588.15936
G1 X157.089 Y23.521 E588.17406
G1 X156.627 Y23.761 E588.19138
G1 X156.082 Y24.134 E588.21334
G1 X155.583 Y24.579 E588.23558
G1 X155.191 Y25.021 E588.25523
G1 X154.886 Y25.456 E588.2729
G1 X154.687 Y25.796 E588.286
G1 X154.468 Y26.251 E588.3028
G1 X154.321 Y26.633 E588.31641
G1 X154.2 Y27.059 E588.33114
G1 X154.115 Y27.478 E588.34536
G1 X154.052 Y28.017 E588.36341
G1 X154.056 Y28.608 E588.38307
G1 X154.1 Y29.046 E588.39771
G1 X154.175 Y29.461 E588.41173
G1 X154.317 Y29.998 E588.43021
G1 X154.561 Y30.603 E588.45191
G1 X154.818 Y31.068 E588.46958
G1 X155.13 Y31.533 E588.4882
G1 X155.502 Y31.961 E588.50706
G1 X155.83 Y32.285 E588.5224
G1 X156.257 Y32.62 E588.54045
G1 X156.628 Y32.864 E588.55522
G1 X157.008 Y33.07 E588.56959
G1 X157.376 Y33.235 E588.58301
G1 X157.826 Y33.391 E588.59885
G1 X158.252 Y33.501 E588.61348
M204 S2000
G0 F9000 X158.391 Y32.816
G0 X160.259 Y32.612
G0 X161.295 Y32.252
G0 X161.99 Y31.813
G0 X164.219 Y29.663
G0 X164.474 Y29.745
M204 S500
;TYPE:SKIN
G1 F1800 X164.599 Y29.122 E588.63462
G1 X164.645 Y28.705 E588.64857
G1 X164.658 Y28.306 E588.66185
G1 X164.631 Y27.774 E588.67957
G1 X164.57 Y27.339 E588.69417
G1 X164.467 Y26.86 E588.71047
G1 X164.949 Y26.971 E588.72692
G1 X165.538 Y27.051 E588.74669
G1 X166.089 Y27.075 E588.76504
G1 X166.909 Y27.077 E588.79231
G1 X166.759 Y27.379 E588.80352
G1 X166.636 Y27.814 E588.81856
G1 X166.595 Y28.109 E588.82847
G1 X166.626 Y28.748 E588.84974
G1 X166.739 Y29.201 E588.86527
G1 X166.882 Y29.56 E588.87813
G1 X165.791 Y29.565 E588.91441
G1 X165.324 Y29.605 E588.93
G1 X164.474 Y29.745 E588.95865
M204 S2000
G0 F9000 X164.219 Y29.663
G0 X164.183 Y30.037
G0 X167.202 Y29.74
G0 X166.976 Y29.083
G0 X166.528 Y29.198
M204 S500
G1 F1800 X166.364 Y29.362 E588.96637
M204 S2000
G0 F9000 X165.796 Y29.364
M204 S500
G1 F1800 X166.423 Y28.737 E588.99586
M204 S2000
G0 F9000 X166.398 Y28.197
M204 S500
G1 F1800 X165.167 Y29.428 E589.05376
M204 S2000
G0 F9000 X164.787 Y29.242
M204 S500
G1 F1800 X166.506 Y27.523 E589.13462
M204 S2000
G0 F9000 X166.184 Y27.28
M204 S500
G1 F1800 X164.847 Y28.617 E589.19751
M204 S2000
G0 F9000 X164.846 Y28.052
M204 S500
G1 F1800 X165.644 Y27.254 E589.23504
M204 S2000
G0 F9000 X165.134 Y27.198
M204 S500
G1 F1800 X164.798 Y27.534 E589.25085
M204 S2000
G0 F9000 X164.343 Y27.596
G0 X164.194 Y26.615
G0 X167.202 Y26.896
G0 X167.544 Y28.732
G0 X167.744 Y29.229
G0 X168.004 Y29.581
G0 X168.409 Y29.907
G0 X168.887 Y30.102
G0 X169.254 Y30.154
G0 X174.541 Y30.152
G0 X175.028 Y30.026
G0 X176.758 Y28.922
G0 X177.406 Y29.129
M204 S500
G1 F1600 X177.962 Y29.13 E589.27165
G1 X177.913 Y28.867 E589.28166
G1 F1690.1 X177.885 Y28.573 E589.29212
G1 F1822.8 X177.874 Y28.098 E589.30773
G1 F1739.1 X177.914 Y27.765 E589.31927
G1 F1629 X177.969 Y27.5 E589.32922
G1 X177.408 Y27.499 E589.34984
G1 X177.479 Y27.753 E589.35953
G1 F1751.8 X177.495 Y28.133 E589.37253
G1 F1870.1 X177.497 Y28.491 E589.38399
G1 F1777.8 X177.464 Y28.939 E589.39912
G1 F1655.2 X177.406 Y29.129 E589.4063
M204 S2000
G0 F9000 X176.827 Y29.555
M204 S500
G1 F1800 X178.534 Y29.555 E589.46308
G1 X178.376 Y29.039 E589.48103
G1 X178.283 Y28.524 E589.49843
G1 X178.265 Y28.172 E589.51016
G1 X178.388 Y27.545 E589.53141
G1 X178.544 Y27.077 E589.54782
G1 X176.81 Y27.077 E589.60549
G1 X176.945 Y27.397 E589.61704
G1 X177.062 Y27.817 E589.63154
G1 X177.105 Y28.151 E589.64274
G1 X177.1 Y28.444 E589.65249
G1 X177.035 Y28.898 E589.66774
G1 X176.827 Y29.555 E589.69066
M204 S2000
G0 F9000 X176.827 Y30.116
G1 F2400 E588.89066
;MESH:part_4.stl
G0 F9000 X165.898 Y30.902
G0 X165.951 Y31.985
G0 X165.826 Y36.003
G0 X165.063 Y36.766
G0 X162.112 Y41.197
M204 S500
;TYPE:WALL-INNER
G1 F2400 E589.69066
G1 F1437.1 X161.869 Y41.412 E589.70418
G1 F1457.5 X161.7 Y41.598 E589.7145
G1 F1333.3 X161.426 Y41.925 E589.73366
M204 S2000
G0 F9000 X158.803 Y44.666
G0 X159.87 Y46.787
G0 X156.154 Y51.312
M204 S500
G1 F1804.5 X159.689 Y47.777 E589.89952
G1 X160.048 Y47.546 E589.91368
G1 F1800 X160.352 Y47.484 E589.924
G1 X160.552 Y47.495 E589.93066
G1 X160.825 Y47.58 E589.94017
G1 X161.042 Y47.719 E589.94874
G1 X162.565 Y49.236 E590.02024
G1 X163.04 Y48.895 E590.03969
G1 X163.389 Y48.678 E590.05336
G1 X163.883 Y48.412 E590.07202
G1 X164.57 Y48.113 E590.09694
G1 X165.161 Y47.916 E590.11766
G1 X165.745 Y47.768 E590.1377
G1 X166.366 Y47.665 E590.15863
G1 X166.957 Y47.613 E590.17837
G1 X167.398 Y47.603 E590.19304
G1 X167.71 Y47.611 E590.20342
G1 X168.319 Y47.663 E590.22375
G1 X168.706 Y47.721 E590.23676
G1 X169.26 Y47.84 E590.25561
G1 X181.316 Y51.069 E590.67073
G1 F1484.5 X181.495 Y51.041 E590.67803
G1 F1288 X182.015 Y51.282 E590.70467
G1 F1309.1 X182.265 Y51.367 E590.71675
G1 F1304.3 X182.743 Y51.475 E590.73924
G1 F1302 X183.156 Y51.496 E590.75826
G1 X183.572 Y51.462 E590.77745
G1 F1304.3 X183.989 Y51.358 E590.79717
G1 X184.297 Y51.241 E590.8123
G1 X184.553 Y51.114 E590.82541
G1 X184.796 Y50.954 E590.83877
G1 X185.153 Y50.671 E590.85968
G1 F1302 X185.455 Y50.316 E590.88111
G1 F1309.1 X185.679 Y49.974 E590.89981
G1 F1321.1 X185.839 Y49.621 E590.91737
G1 F1326 X185.974 Y49.165 E590.93884
G1 F1316.3 X186.027 Y48.821 E590.95467
G1 F1306.7 X186.032 Y48.323 E590.97749
G1 F1311.5 X185.936 Y47.804 E591.00158
G1 F1321.1 X185.843 Y47.528 E591.01478
G1 X185.722 Y47.253 E591.0284
G1 F1311.5 X185.484 Y46.866 E591.04914
G1 F1316.3 X185.257 Y46.564 E591.06632
G1 F1318.7 X184.884 Y46.241 E591.08872
G1 F1311.5 X184.569 Y46.036 E591.10588
G1 F1309.1 X184.055 Y45.791 E591.13192
G1 F1304.3 X183.522 Y45.673 E591.15698
G1 F1316.3 X183.119 Y45.639 E591.17537
G1 F1323.5 X182.677 Y45.67 E591.19541
G1 F1313.9 X182.245 Y45.775 E591.21567
G1 F1311.5 X181.767 Y45.961 E591.23908
G1 F1304.3 X181.426 Y46.177 E591.25761
G1 F1302 X181.149 Y46.397 E591.27388
G1 F1281.1 X180.819 Y46.702 E591.29488
G1 F1445.8 X180.569 Y46.783 E591.30576
G1 F1751.8 X179.915 Y47.098 E591.33057
G1 F1800 X179.303 Y47.211 E591.35127
G1 X178.575 Y47.223 E591.37548
G1 X171.15 Y45.24 E591.63109
G1 X170.85 Y45.104 E591.64205
G1 X170.405 Y44.805 E591.65988
G1 X169.925 Y44.232 E591.68474
G1 X169.625 Y43.479 E591.7117
G1 X169.625 Y42.793 E591.73452
G1 X169.738 Y42.272 E591.75225
G1 X168.128 Y40.657 E591.8281
G1 X167.983 Y40.439 E591.8368
G1 X167.894 Y40.156 E591.84667
G1 X167.882 Y39.956 E591.85334
G1 X167.944 Y39.651 E591.86369
G1 F1791 X168.115 Y39.353 E591.87517
G1 X171.709 Y35.756 E592.04514
G1 F1804.5 X171.427 Y35.474 E592.05837
G1 F1791 X167.83 Y39.068 E592.22834
G1 X167.533 Y39.24 E592.23981
G1 F1800 X167.228 Y39.302 E592.25016
G1 X167.028 Y39.29 E592.25683
G1 X166.676 Y39.164 E592.26926
G1 X166.477 Y39.01 E592.27763
G1 X165.064 Y37.596 E592.34412
G1 X157.994 Y44.666 E592.67667
G1 X159.476 Y46.156 E592.74656
G1 X159.591 Y46.33 E592.7535
G1 X159.688 Y46.631 E592.76402
G1 X159.699 Y46.831 E592.77068
G1 X159.637 Y47.135 E592.781
G1 F1804.5 X159.407 Y47.495 E592.79517
G1 X155.872 Y51.03 E592.96103
G1 X156.154 Y51.312 E592.97427
M204 S2000
G0 F9000 X156.154 Y51.877
M204 S500
G1 F1800 X159.971 Y48.059 E593.15383
G1 X160.187 Y47.921 E593.16235
G1 X160.369 Y47.884 E593.16853
G1 X160.654 Y47.941 E593.1782
G1 X160.821 Y48.059 E593.185
G1 X162.54 Y49.776 E593.26581
G1 X162.818 Y49.544 E593.27785
G1 X163.272 Y49.221 E593.29638
G1 X163.579 Y49.03 E593.30841
G1 X164.118 Y48.742 E593.32874
G1 X164.651 Y48.51 E593.34807
G1 X165.215 Y48.317 E593.3679
G1 X165.865 Y48.152 E593.3902
G1 X166.477 Y48.054 E593.41082
G1 X167.028 Y48.01 E593.4292
G1 X167.388 Y48.003 E593.44118
G1 X167.688 Y48.01 E593.45116
G1 X168.284 Y48.061 E593.47105
G1 X168.586 Y48.106 E593.48121
G1 X169.205 Y48.239 E593.50227
G1 X181.258 Y51.467 E593.91728
G1 X181.831 Y51.719 E593.9381
G1 X182.13 Y51.824 E593.94864
G1 X182.52 Y51.918 E593.96198
G1 X182.778 Y51.954 E593.97065
G1 X183.163 Y51.974 E593.98347
G1 X183.505 Y51.945 E593.99488
G1 X183.807 Y51.896 E594.00506
G1 X184.134 Y51.814 E594.01627
G1 X184.477 Y51.681 E594.02851
G1 X184.789 Y51.528 E594.04007
G1 X185.076 Y51.34 E594.05148
G1 X185.396 Y51.085 E594.06509
G1 X185.595 Y50.887 E594.07442
G1 X185.838 Y50.602 E594.08688
G1 X186.016 Y50.33 E594.09769
G1 X186.157 Y50.071 E594.1075
G1 X186.275 Y49.805 E594.11718
G1 X186.363 Y49.548 E594.12621
G1 X186.434 Y49.275 E594.1356
G1 X186.483 Y48.983 E594.14544
G1 X186.506 Y48.73 E594.15389
G1 X186.505 Y48.393 E594.1651
G1 X186.48 Y48.139 E594.17359
G1 X186.428 Y47.84 E594.18368
G1 X186.361 Y47.58 E594.19261
G1 X186.261 Y47.297 E594.2026
G1 X186.146 Y47.041 E594.21193
G1 X186.024 Y46.82 E594.22033
G1 X185.876 Y46.596 E594.22926
G1 X185.689 Y46.355 E594.2394
G1 X185.513 Y46.168 E594.24794
G1 X185.278 Y45.952 E594.25856
G1 X185.057 Y45.784 E594.26779
G1 X184.819 Y45.632 E594.27719
G1 X184.595 Y45.51 E594.28567
G1 X184.312 Y45.39 E594.29589
G1 X184.07 Y45.309 E594.30438
G1 X183.593 Y45.201 E594.32065
G1 X183.14 Y45.167 E594.33576
G1 X182.758 Y45.188 E594.34848
G1 X182.505 Y45.223 E594.35698
G1 X182.212 Y45.291 E594.36698
G1 X181.964 Y45.368 E594.37562
G1 X181.688 Y45.482 E594.38555
G1 X181.445 Y45.604 E594.39459
G1 X181.15 Y45.787 E594.40614
G1 X180.836 Y46.04 E594.41955
G1 X180.453 Y46.377 E594.43652
G1 X179.805 Y46.711 E594.46077
G1 X179.218 Y46.817 E594.48061
G1 X178.632 Y46.823 E594.5001
G1 X171.155 Y44.827 E594.75749
G1 X170.675 Y44.505 E594.77672
G1 X170.285 Y44.04 E594.7969
G1 X170.024 Y43.394 E594.82008
G1 X170.025 Y42.831 E594.8388
G1 X170.097 Y42.506 E594.84987
G1 X170.228 Y42.196 E594.86107
G1 X168.429 Y40.394 E594.94576
G1 X168.342 Y40.263 E594.95099
G1 X168.282 Y39.973 E594.96084
G1 X168.319 Y39.79 E594.96705
G1 X168.422 Y39.612 E594.97389
G1 X172.274 Y35.756 E595.15517
G1 X171.427 Y34.909 E595.19501
G1 X167.571 Y38.761 E595.37629
G1 X167.394 Y38.865 E595.38312
G1 X167.211 Y38.902 E595.38933
G1 X167.015 Y38.878 E595.39589
G1 X166.813 Y38.774 E595.40345
G1 X165.064 Y37.03 E595.4856
G1 X157.428 Y44.666 E595.84477
G1 X159.166 Y46.408 E595.92662
G1 X159.247 Y46.541 E595.9318
G1 X159.299 Y46.814 E595.94104
G1 X159.262 Y46.996 E595.94722
G1 X159.124 Y47.212 E595.95574
G1 X155.307 Y51.03 E596.13531
G1 X156.154 Y51.877 E596.17515
M204 S2000
G0 F9000 X156.154 Y51.495
G0 X160.396 Y47.313
G0 X162.595 Y48.701
M204 S500
G1 F1800 X163.2 Y48.325 E596.19884
G1 X163.746 Y48.033 E596.21943
G1 X164.441 Y47.734 E596.2446
G1 X165.062 Y47.528 E596.26636
G1 X165.659 Y47.377 E596.28684
G1 X166.301 Y47.27 E596.30849
G1 X167.011 Y47.21 E596.33219
G1 X167.408 Y47.203 E596.34539
G1 X167.732 Y47.211 E596.35617
G1 X168.353 Y47.264 E596.3769
G1 X168.79 Y47.33 E596.3916
G1 X169.345 Y47.449 E596.41048
G1 X181.447 Y50.692 E596.8272
G1 X181.123 Y50.39 E596.84193
G1 X180.848 Y50.064 E596.85611
G1 X180.657 Y49.685 E596.87023
G1 X180.524 Y49.333 E596.88274
G1 X180.439 Y48.95 E596.89579
G1 X180.404 Y48.498 E596.91087
G1 X180.439 Y48.237 E596.91963
G1 X180.552 Y47.689 E596.93824
G1 F1751.8 X180.786 Y47.146 E596.95845
G1 X180.531 Y47.242 E596.96776
G1 F1800 X180.167 Y47.431 E596.9814
G1 X179.889 Y47.51 E596.99101
G1 X179.331 Y47.615 E597.0099
G1 X178.516 Y47.622 E597.03701
G1 X171.046 Y45.626 E597.29418
G1 X170.628 Y45.436 E597.30945
G1 X170.294 Y45.213 E597.3228
G1 X170.068 Y45.024 E597.3326
G1 X169.717 Y44.608 E597.35071
G1 X169.533 Y44.322 E597.36202
G1 X169.269 Y43.668 E597.38547
G1 X169.227 Y43.404 E597.39437
G1 X169.225 Y42.891 E597.41143
G1 X169.257 Y42.6 E597.42117
G1 X169.301 Y42.401 E597.42794
G1 X167.827 Y40.92 E597.49744
G1 X167.623 Y40.615 E597.50965
G1 X167.499 Y40.218 E597.52348
G1 X167.482 Y39.938 E597.53281
G1 X167.542 Y39.642 E597.54285
G1 X167.246 Y39.702 E597.5529
G1 X166.966 Y39.685 E597.56223
G1 X166.641 Y39.593 E597.57346
G1 X166.273 Y39.371 E597.58776
G1 X165.064 Y38.162 E597.64463
G1 X162.404 Y40.822 E597.76974
G1 F1568.6 X162.112 Y41.197 E597.78788
G1 X162.542 Y40.995 E597.80602
G1 F1800 X162.997 Y40.811 E597.82234
G1 X163.388 Y40.728 E597.83563
G1 X163.7 Y40.698 E597.84606
G1 X163.976 Y40.702 E597.85524
G1 X164.305 Y40.746 E597.86628
G1 X164.797 Y40.877 E597.88321
G1 X165.316 Y41.156 E597.90281
G1 X165.511 Y41.318 E597.91124
G1 X165.918 Y41.706 E597.92995
G1 X166.268 Y42.294 E597.95271
G1 X166.43 Y42.799 E597.97035
G1 X166.506 Y43.139 E597.98193
G1 X166.448 Y43.911 E598.00768
G1 X166.301 Y44.406 E598.02486
G1 X166.014 Y44.94 E598.04502
G1 X165.818 Y45.213 E598.0562
G1 X165.396 Y45.56 E598.07437
G1 X165.173 Y45.709 E598.08329
G1 X164.605 Y45.978 E598.10419
G1 X163.942 Y46.107 E598.12666
G1 X163.561 Y46.091 E598.13934
G1 X163.056 Y45.987 E598.15649
G1 X162.818 Y45.91 E598.16481
G1 X162.505 Y45.774 E598.17616
G1 X162.049 Y45.45 E598.19477
G1 X161.837 Y45.266 E598.2041
G1 X161.426 Y44.723 E598.22675
G1 X161.194 Y44.171 E598.24667
G1 X161.096 Y43.65 E598.2643
G1 X161.102 Y43.105 E598.28243
G1 X161.189 Y42.682 E598.29679
G1 F1475.4 X161.426 Y41.925 E598.32898
G1 F1353.4 X161.081 Y42.144 E598.34706
G1 F1545.1 X159.821 Y43.405 E598.41613
G1 F1706.2 X158.56 Y44.666 E598.4787
G1 F1800 X159.76 Y45.867 E598.53517
G1 X159.947 Y46.147 E598.54637
G1 X160.078 Y46.477 E598.55818
G1 X160.099 Y46.849 E598.57057
G1 X160.039 Y47.144 E598.58059
G1 X160.334 Y47.084 E598.5906
G1 X160.614 Y47.1 E598.59993
G1 X160.996 Y47.218 E598.61322
G1 X161.29 Y47.405 E598.62481
G1 X162.595 Y48.701 E598.68598
M204 S2000
G0 F9000 X160.273 Y46.911
G0 X158.803 Y44.666
G0 X161.044 Y42.447
G0 X162.164 Y45.257
G0 X163.059 Y45.58
M204 S500
G1 F1800 X162.667 Y45.4 E598.70033
G1 X162.166 Y45.041 E598.72083
G1 X161.765 Y44.498 E598.74328
G1 X161.581 Y44.058 E598.75914
G1 X161.489 Y43.576 E598.77547
G1 X161.493 Y43.186 E598.78844
G1 X161.581 Y42.764 E598.80278
G1 F1804.5 X161.758 Y42.301 E598.81922
G1 X162.142 Y41.755 E598.84137
G1 F1800 X162.356 Y41.585 E598.85046
G1 X162.755 Y41.334 E598.86613
G1 X163.08 Y41.202 E598.8778
G1 X163.578 Y41.096 E598.89474
G1 X164.095 Y41.104 E598.91193
G1 X164.64 Y41.248 E598.93068
G1 X165.116 Y41.501 E598.94861
G1 X165.596 Y41.95 E598.97047
G1 X165.898 Y42.453 E598.98999
G1 X166.05 Y42.922 E599.00638
G1 X166.098 Y43.24 E599.01708
G1 X166.05 Y43.827 E599.03667
G1 X165.932 Y44.25 E599.05128
G1 X165.589 Y44.884 E599.07525
G1 X165.051 Y45.326 E599.09841
G1 X164.478 Y45.597 E599.11949
G1 X163.875 Y45.707 E599.13988
G1 X163.626 Y45.697 E599.14817
G1 X163.059 Y45.58 E599.16742
M204 S2000
G0 F9000 X163.183 Y45.197
M204 S500
G1 F1800 X162.871 Y45.056 E599.17881
G1 X162.449 Y44.751 E599.19613
G1 X162.129 Y44.318 E599.21404
G1 X161.967 Y43.947 E599.2275
G1 X161.883 Y43.502 E599.24256
G1 X161.885 Y43.268 E599.25035
G1 X161.988 Y42.775 E599.2671
G1 X162.153 Y42.435 E599.27967
G1 X162.466 Y41.989 E599.29779
G1 X162.968 Y41.673 E599.31752
G1 X163.163 Y41.593 E599.32453
G1 X163.621 Y41.497 E599.34009
G1 X164.041 Y41.503 E599.35406
G1 X164.49 Y41.621 E599.3695
G1 X164.891 Y41.836 E599.38464
G1 X165.28 Y42.211 E599.40261
G1 X165.532 Y42.618 E599.41853
G1 X165.704 Y43.156 E599.43732
G1 X165.656 Y43.773 E599.4579
G1 X165.554 Y44.102 E599.46936
G1 X165.277 Y44.623 E599.48898
G1 X164.834 Y44.986 E599.50803
G1 X164.354 Y45.213 E599.52569
G1 X163.778 Y45.32 E599.54518
G1 X163.183 Y45.197 E599.56539
M204 S2000
G1 F2400 E598.76539
G0 F9000 X163.065 Y45.47
G0 X161.009 Y44.056
G0 X161.044 Y42.447
G0 X158.803 Y44.666
G0 X160.273 Y46.911
G0 X162.625 Y48.491
G0 X168.095 Y47.52
G0 X182.286 Y50.81
M204 S500
G1 F2400 E599.56539
G1 F1285.7 X181.765 Y50.542 E599.59267
G1 F1484.5 X181.691 Y50.378 E599.59992
G1 F1800 X181.296 Y50.003 E599.61804
G1 X181.031 Y49.545 E599.63564
G1 X180.899 Y49.193 E599.64814
G1 X180.838 Y48.919 E599.65748
G1 X180.802 Y48.451 E599.67309
G1 X180.952 Y47.768 E599.69635
G1 F1751.8 X181.141 Y47.378 E599.71116
G1 F1445.8 X181.231 Y47.097 E599.72338
G1 F1281.1 X181.52 Y46.803 E599.74264
G1 F1311.5 X181.955 Y46.486 E599.76721
G1 F1316.3 X182.449 Y46.281 E599.79154
G1 F1318.7 X182.913 Y46.197 E599.81295
G1 F1323.5 X183.24 Y46.181 E599.82776
G1 X183.878 Y46.319 E599.85728
G1 F1316.3 X184.265 Y46.488 E599.87649
G1 F1321.1 X184.757 Y46.835 E599.90377
G1 F1323.5 X184.952 Y47.049 E599.91687
G1 F1318.7 X185.243 Y47.515 E599.94181
G1 F1316.3 X185.352 Y47.75 E599.95359
G1 X185.485 Y48.374 E599.98261
G1 X185.452 Y49.031 E600.01253
G1 F1323.5 X185.377 Y49.336 E600.02674
G1 F1321.1 X185.094 Y49.892 E600.05501
G1 F1313.9 X184.668 Y50.371 E600.08422
G1 F1316.3 X184.203 Y50.683 E600.10969
G1 F1309.1 X183.813 Y50.833 E600.1288
G1 F1304.3 X183.56 Y50.907 E600.1409
G1 F1306.7 X182.996 Y50.952 E600.16682
G1 X182.286 Y50.81 E600.2
M204 S2000
G0 F9000 X182.434 Y50.348
M204 S500
G1 F1800 X182.001 Y50.12 E600.21627
G1 X181.673 Y49.81 E600.23128
G1 X181.434 Y49.479 E600.24486
G1 X181.242 Y48.967 E600.26305
G1 X181.211 Y48.484 E600.27915
G1 X181.339 Y47.859 E600.30037
G1 X181.61 Y47.402 E600.31804
G1 X181.83 Y47.163 E600.32884
G1 X182.181 Y46.905 E600.34333
G1 X182.558 Y46.744 E600.35696
G1 X183.119 Y46.644 E600.37592
G1 X183.727 Y46.769 E600.39656
G1 X184.006 Y46.891 E600.40669
G1 X184.522 Y47.256 E600.42771
G1 X184.88 Y47.828 E600.45016
G1 X185.004 Y48.402 E600.46969
G1 X184.968 Y49.104 E600.49307
G1 X184.704 Y49.605 E600.5119
G1 X184.325 Y50.033 E600.53092
G1 X183.949 Y50.276 E600.54581
G1 X183.483 Y50.435 E600.56218
G1 X182.999 Y50.469 E600.57832
G1 X182.434 Y50.348 E600.59754
M204 S2000
G0 F9000 X182.553 Y49.965
M204 S500
;TYPE:WALL-OUTER
G1 F1800 X182.251 Y49.802 E600.60895
G1 X181.919 Y49.484 E600.62424
G1 X181.78 Y49.264 E600.6329
G1 X181.638 Y48.886 E600.64633
G1 X181.609 Y48.508 E600.65894
G1 X181.709 Y48.028 E600.67525
G1 X181.904 Y47.679 E600.68854
G1 X182.096 Y47.463 E600.69816
G1 X182.385 Y47.253 E600.71004
G1 X182.688 Y47.127 E600.72095
G1 X183.115 Y47.051 E600.73538
G1 X183.599 Y47.149 E600.7518
G1 X183.816 Y47.245 E600.75969
G1 X184.218 Y47.532 E600.77612
G1 X184.51 Y48 E600.79447
G1 X184.606 Y48.459 E600.81007
G1 X184.571 Y48.988 E600.8277
G1 X184.368 Y49.387 E600.84259
G1 X184.091 Y49.705 E600.85662
G1 X183.792 Y49.905 E600.86858
G1 X183.435 Y50.036 E600.88123
G1 X183.048 Y50.067 E600.89414
G1 X182.553 Y49.965 E600.91095
M204 S2000
G1 F2400 E600.11095
G0 F9000 X182.221 Y50.58
G0 X180.279 Y48.96
G0 X180.401 Y47.514
G0 X169.594 Y44.712
G0 X169.109 Y42.442
G0 X167.308 Y39.876
G0 X165.064 Y38.404
G0 X162.843 Y40.65
G0 X166.363 Y42.14
G0 X165.461 Y45.146
G0 X163.643 Y45.599
G0 X163.786 Y44.914
M204 S500
G1 F2400 E600.91095
G1 F1800 X163.326 Y44.818 E600.92658
G1 X163.093 Y44.721 E600.93497
G1 X162.736 Y44.465 E600.94959
G1 X162.475 Y44.118 E600.96403
G1 X162.356 Y43.84 E600.97408
G1 X162.268 Y43.389 E600.98937
G1 X162.378 Y42.887 E601.00646
G1 X162.481 Y42.665 E601.0146
G1 X162.747 Y42.29 E601.02989
G1 X163.21 Y41.992 E601.04821
G1 X163.682 Y41.898 E601.06421
G1 X164.005 Y41.908 E601.07496
G1 X164.328 Y41.992 E601.08606
G1 X164.667 Y42.173 E601.09884
G1 X164.968 Y42.462 E601.11272
G1 X165.157 Y42.771 E601.12477
G1 X165.297 Y43.206 E601.13997
G1 X165.26 Y43.698 E601.15638
G1 X165.185 Y43.948 E601.16506
G1 X164.963 Y44.363 E601.18071
G1 X164.602 Y44.654 E601.19614
G1 X164.215 Y44.833 E601.21032
G1 X163.786 Y44.914 E601.22484
M204 S2000
G1 F2400 E600.42484
G0 F9000 X163.643 Y45.599
G0 X161.297 Y43.141
G0 X161.215 Y42.13
G0 X158.443 Y44.666
G0 X159.707 Y46.487
G0 X156.154 Y52.061
G0 X156.154 Y52.443
M204 S500
G1 F2400 E601.22484
G1 F1800 X160.299 Y48.297 E601.41983
G1 X160.481 Y48.29 E601.42589
G1 X162.516 Y50.318 E601.52144
G1 X163.05 Y49.87 E601.54463
G1 X163.514 Y49.541 E601.56354
G1 X163.769 Y49.382 E601.57354
G1 X164.278 Y49.109 E601.59275
G1 X164.826 Y48.871 E601.61262
G1 X165.358 Y48.692 E601.63129
G1 X165.929 Y48.547 E601.65089
G1 X166.51 Y48.453 E601.67046
G1 X167.036 Y48.41 E601.68801
G1 X167.378 Y48.403 E601.69939
G1 X167.673 Y48.41 E601.70921
G1 X168.263 Y48.462 E601.72891
G1 X168.538 Y48.504 E601.73816
G1 X169.101 Y48.625 E601.75731
G1 X181.138 Y51.851 E602.17179
G1 X181.684 Y52.091 E602.19163
G1 X182.016 Y52.208 E602.20334
G1 X182.446 Y52.312 E602.21805
G1 X182.74 Y52.352 E602.22792
G1 X183.169 Y52.375 E602.24221
G1 X183.554 Y52.343 E602.25506
G1 X183.888 Y52.288 E602.26632
G1 X184.256 Y52.196 E602.27893
G1 X184.637 Y52.048 E602.29253
G1 X184.987 Y51.876 E602.3055
G1 X185.31 Y51.665 E602.31833
G1 X185.662 Y51.385 E602.33329
G1 X185.889 Y51.159 E602.34394
G1 X186.16 Y50.842 E602.35782
G1 X186.36 Y50.535 E602.37
G1 X186.516 Y50.249 E602.38084
G1 X186.648 Y49.951 E602.39168
G1 X186.747 Y49.663 E602.40181
G1 X186.826 Y49.359 E602.41225
G1 X186.881 Y49.033 E602.42325
G1 X186.906 Y48.746 E602.43283
G1 X186.905 Y48.373 E602.44524
G1 X186.877 Y48.086 E602.45483
G1 X186.82 Y47.756 E602.46597
G1 X186.744 Y47.463 E602.47603
G1 X186.633 Y47.148 E602.48714
G1 X186.504 Y46.862 E602.49758
G1 X186.366 Y46.612 E602.50708
G1 X186.201 Y46.362 E602.51704
G1 X185.993 Y46.095 E602.5283
G1 X185.795 Y45.883 E602.53794
G1 X185.535 Y45.645 E602.54967
G1 X185.287 Y45.456 E602.56004
G1 X185.022 Y45.286 E602.57051
G1 X184.769 Y45.15 E602.58006
G1 X184.455 Y45.016 E602.59142
G1 X184.178 Y44.923 E602.60114
G1 X183.652 Y44.804 E602.61907
G1 X183.144 Y44.766 E602.63602
G1 X182.72 Y44.79 E602.65014
G1 X182.433 Y44.829 E602.65978
G1 X182.107 Y44.904 E602.6709
G1 X181.828 Y44.992 E602.68063
G1 X181.522 Y45.118 E602.69164
G1 X181.249 Y45.254 E602.70178
G1 X180.918 Y45.46 E602.71475
G1 X180.601 Y45.715 E602.72828
G1 X180.21 Y46.055 E602.74552
G1 X179.692 Y46.324 E602.76493
G1 X179.21 Y46.416 E602.78125
G1 X178.7 Y46.425 E602.79821
G1 X171.322 Y44.458 E603.05218
G1 X170.93 Y44.189 E603.06799
G1 X170.614 Y43.8 E603.08466
G1 X170.426 Y43.322 E603.10174
G1 X170.429 Y42.859 E603.11714
G1 X170.488 Y42.592 E603.12624
G1 X170.666 Y42.217 E603.14005
G1 X170.733 Y42.135 E603.14357
G1 X168.715 Y40.111 E603.23863
G1 X168.682 Y39.99 E603.2428
G1 X168.728 Y39.87 E603.24708
G1 X172.84 Y35.756 E603.44054
G1 X171.427 Y34.343 E603.507
G1 X167.314 Y38.455 E603.70044
G1 X167.194 Y38.502 E603.70473
G1 X167.061 Y38.46 E603.70937
G1 X165.064 Y36.464 E603.80328
G1 X156.862 Y44.666 E604.18907
G1 X158.855 Y46.66 E604.28284
G1 X158.897 Y46.755 E604.2863
G1 X158.884 Y46.886 E604.29067
G1 X154.741 Y51.03 E604.48557
G1 X156.154 Y52.443 E604.55203
M204 S2000
G0 F9000 X156.154 Y52.061
G0 X160.396 Y47.878
G0 X161.094 Y48.568
G0 X162.791 Y48.467
G0 X162.653 Y48.246
M204 S500
;TYPE:SKIN
G1 F1800 X161.55 Y47.149 E604.60378
G1 X161.149 Y46.891 E604.61963
G1 X160.78 Y46.749 E604.63278
G1 X160.454 Y46.729 E604.64365
G1 X160.436 Y46.492 E604.65155
G1 X160.304 Y46.056 E604.6667
G1 X160.131 Y45.745 E604.67854
G1 X159.89 Y45.484 E604.69036
G1 X159.071 Y44.666 E604.72886
G1 X160.749 Y42.988 E604.80778
G1 X160.742 Y43.727 E604.83237
G1 X160.807 Y44.068 E604.84391
G1 X160.897 Y44.392 E604.8551
G1 X161.127 Y44.925 E604.8744
G1 X161.582 Y45.523 E604.8994
G1 X161.836 Y45.741 E604.91053
G1 X162.338 Y46.094 E604.93094
G1 X162.671 Y46.239 E604.94302
G1 X162.967 Y46.337 E604.95339
G1 X163.519 Y46.448 E604.97212
G1 X164.01 Y46.464 E604.98846
G1 X164.7 Y46.326 E605.01186
G1 X165.337 Y46.032 E605.0352
G1 X165.626 Y45.841 E605.04672
G1 X165.926 Y45.591 E605.05971
G1 X166.129 Y45.393 E605.06914
G1 X166.318 Y45.131 E605.07988
G1 X166.639 Y44.537 E605.10234
G1 X166.797 Y43.994 E605.12115
G1 X166.87 Y43.127 E605.15009
G1 X166.775 Y42.694 E605.16483
G1 X166.655 Y42.321 E605.17786
G1 X166.549 Y42.065 E605.18708
G1 X166.324 Y41.682 E605.20185
G1 X166.131 Y41.411 E605.21292
G1 X165.757 Y41.054 E605.23012
G1 X165.515 Y40.851 E605.24062
G1 X165.081 Y40.622 E605.25694
G1 X164.818 Y40.512 E605.26642
G1 X164.397 Y40.398 E605.28093
G1 X164.001 Y40.343 E605.29423
G1 X163.68 Y40.338 E605.30491
G1 X163.368 Y40.369 E605.31533
G1 X165.064 Y38.672 E605.39513
G1 X166.029 Y39.639 E605.44057
G1 X166.424 Y39.904 E605.45639
G1 X166.883 Y40.037 E605.47228
G1 X167.128 Y40.056 E605.48046
G1 X167.145 Y40.292 E605.48833
G1 X167.245 Y40.695 E605.50214
G1 X167.554 Y41.157 E605.52062
G1 X168.904 Y42.513 E605.58427
G1 X168.866 Y42.873 E605.59631
G1 X168.868 Y43.435 E605.615
G1 X168.937 Y43.784 E605.62683
G1 X169.223 Y44.527 E605.65331
G1 X169.428 Y44.825 E605.66534
G1 X169.799 Y45.263 E605.68443
G1 X170.099 Y45.517 E605.69751
G1 X170.449 Y45.75 E605.71149
G1 X170.922 Y45.964 E605.72876
G1 X178.477 Y47.98 E605.98883
G1 X179.323 Y47.976 E606.01697
G1 X180.154 Y47.83 E606.04503
G1 X180.086 Y48.159 E606.05621
G1 X180.046 Y48.451 E606.06601
G1 X180.083 Y49.005 E606.08448
G1 X180.186 Y49.462 E606.10006
G1 X180.318 Y49.809 E606.1124
G1 X180.436 Y50.044 E606.12115
G1 X169.424 Y47.098 E606.50029
G1 X168.863 Y46.978 E606.51937
G1 X168.527 Y46.922 E606.5307
G1 X167.754 Y46.851 E606.55652
G1 X167.418 Y46.843 E606.5677
G1 X166.997 Y46.85 E606.5817
G1 X166.232 Y46.915 E606.60724
G1 X165.543 Y47.034 E606.63049
G1 X164.862 Y47.212 E606.65391
G1 X164.319 Y47.395 E606.67296
G1 X163.595 Y47.704 E606.69915
G1 X163.04 Y48 E606.72007
G1 X162.653 Y48.246 E606.73532
M204 S2000
G0 F9000 X162.792 Y48.466
G0 X160.273 Y46.911
G0 X158.803 Y44.666
G0 X161.044 Y42.447
G0 X162.427 Y45.916
G0 X164.428 Y45.442
G0 X164.959 Y45.192
G0 X165.462 Y44.777
G0 X165.78 Y44.191
G0 X165.891 Y43.821
G0 X165.949 Y43.132
G0 X165.748 Y42.513
G0 X164.756 Y40.7
G0 X162.843 Y40.65
G0 X165.064 Y38.404
G0 X165.486 Y38.726
G0 X165.159 Y39.052
M204 S500
G1 F1800 X164.102 Y40.109 E606.78504
M204 S2000
G0 F9000 X164.547 Y40.23
M204 S500
G1 F1800 X165.442 Y39.335 E606.82713
M204 S2000
G0 F9000 X165.724 Y39.619
M204 S500
G1 F1800 X164.98 Y40.363 E606.86213
M204 S2000
G0 F9000 X165.363 Y40.546
M204 S500
G1 F1800 X166.025 Y39.883 E606.89329
M204 S2000
G0 F9000 X166.375 Y40.1
M204 S500
G1 F1800 X165.716 Y40.759 E606.92429
M204 S2000
G0 F9000 X166.015 Y41.025
M204 S500
G1 F1800 X166.814 Y40.226 E606.96187
M204 S2000
G0 F9000 X167.014 Y40.592
M204 S500
G1 F1800 X166.298 Y41.307 E606.99553
M204 S2000
G0 F9000 X166.531 Y41.64
M204 S500
G1 F1800 X167.193 Y40.978 E607.02667
M204 S2000
G0 F9000 X167.424 Y41.313
M204 S500
G1 F1800 X166.738 Y41.999 E607.05893
M204 S2000
G0 F9000 X166.894 Y42.409
M204 S500
G1 F1800 X167.707 Y41.596 E607.09717
M204 S2000
G0 F9000 X167.989 Y41.879
M204 S500
G1 F1800 X167.016 Y42.852 E607.14294
M204 S2000
G0 F9000 X167.046 Y43.388
M204 S500
G1 F1800 X168.271 Y42.163 E607.20056
M204 S2000
G0 F9000 X168.553 Y42.446
M204 S500
G1 F1800 X166.994 Y44.006 E607.27392
M204 S2000
G0 F9000 X166.669 Y44.897
M204 S500
G1 F1800 X168.666 Y42.9 E607.36785
M204 S2000
G0 F9000 X168.669 Y43.462
M204 S500
G1 F1800 X165.576 Y46.555 E607.51333
G1 X165.22 Y46.911 E607.53008
M204 S2000
G0 F9000 X165.295 Y46.27
M204 S500
G1 F1800 X164.415 Y47.15 E607.57147
M204 S2000
G0 F9000 X163.992 Y47.008
M204 S500
G1 F1800 X163.442 Y47.558 E607.59734
M204 S2000
G0 F9000 X163.992 Y47.007
M204 S500
G1 F1800 X164.413 Y46.587 E607.61712
M204 S2000
G0 F9000 X163.774 Y46.66
M204 S500
G1 F1800 X162.561 Y47.873 E607.67418
M204 S2000
G0 F9000 X162.278 Y47.591
M204 S500
G1 F1800 X163.269 Y46.599 E607.72081
M204 S2000
G0 F9000 X162.808 Y46.495
M204 S500
G1 F1800 X161.994 Y47.308 E607.75908
M204 S2000
G0 F9000 X161.711 Y47.026
M204 S500
G1 F1800 X162.399 Y46.338 E607.79144
M204 S2000
G0 F9000 X162.041 Y46.13
M204 S500
G1 F1800 X161.373 Y46.798 E607.82286
M204 S2000
G0 F9000 X160.99 Y46.616
M204 S500
G1 F1800 X161.711 Y45.895 E607.85677
M204 S2000
G0 F9000 X161.407 Y45.633
M204 S500
G1 F1800 X160.622 Y46.418 E607.8937
M204 S2000
G0 F9000 X160.489 Y45.985
M204 S500
G1 F1800 X161.165 Y45.309 E607.92549
M204 S2000
G0 F9000 X160.928 Y44.981
M204 S500
G1 F1800 X160.288 Y45.621 E607.9556
M204 S2000
G0 F9000 X160.016 Y45.326
M204 S500
G1 F1800 X160.76 Y44.583 E607.99057
M204 S2000
G0 F9000 X160.622 Y44.155
M204 S500
G1 F1800 X159.734 Y45.044 E608.03236
M204 S2000
G0 F9000 X159.45 Y44.761
M204 S500
G1 F1800 X160.498 Y43.714 E608.08163
M204 S2000
G0 F9000 X160.998 Y43.679
G0 X161.044 Y42.447
G0 X158.803 Y44.666
G0 X160.273 Y46.911
G0 X162.625 Y48.491
G0 X166.009 Y47.218
G0 X165.933 Y46.764
M204 S500
G1 F1800 X168.776 Y43.921 E608.21536
M204 S2000
G0 F9000 X168.931 Y44.332
M204 S500
G1 F1800 X166.577 Y46.686 E608.32608
M204 S2000
G0 F9000 X167.182 Y46.646
M204 S500
G1 F1800 X169.11 Y44.718 E608.41677
M204 S2000
G0 F9000 X169.35 Y45.044
M204 S500
G1 F1800 X167.744 Y46.65 E608.49231
M204 S2000
G0 F9000 X168.264 Y46.695
M204 S500
G1 F1800 X169.609 Y45.351 E608.55555
M204 S2000
G0 F9000 X169.907 Y45.618
M204 S500
G1 F1800 X168.765 Y46.76 E608.60927
M204 S2000
G0 F9000 X169.237 Y46.854
M204 S500
G1 F1800 X170.242 Y45.849 E608.65654
M204 S2000
G0 F9000 X170.614 Y46.042
M204 S500
G1 F1800 X169.694 Y46.963 E608.69984
M204 S2000
G0 F9000 X170.14 Y47.082
M204 S500
G1 F1800 X171.021 Y46.201 E608.74128
M204 S2000
G0 F9000 X171.468 Y46.32
M204 S500
G1 F1800 X170.586 Y47.202 E608.78277
M204 S2000
G0 F9000 X171.033 Y47.321
M204 S500
G1 F1800 X171.916 Y46.438 E608.8243
M204 S2000
G0 F9000 X172.362 Y46.557
M204 S500
G1 F1800 X171.479 Y47.44 E608.86583
M204 S2000
G0 F9000 X171.925 Y47.56
M204 S500
G1 F1800 X172.809 Y46.676 E608.90741
M204 S2000
G0 F9000 X173.256 Y46.794
M204 S500
G1 F1800 X172.372 Y47.679 E608.94902
M204 S2000
G0 F9000 X172.818 Y47.799
M204 S500
G1 F1800 X173.703 Y46.913 E608.99067
M204 S2000
G0 F9000 X174.15 Y47.032
M204 S500
G1 F1800 X173.264 Y47.918 E609.03234
M204 S2000
G0 F9000 X173.71 Y48.038
M204 S500
G1 F1800 X174.597 Y47.151 E609.07407
M204 S2000
G0 F9000 X175.044 Y47.27
M204 S500
G1 F1800 X174.156 Y48.157 E609.11581
M204 S2000
G0 F9000 X174.603 Y48.277
M204 S500
G1 F1800 X175.491 Y47.388 E609.1576
M204 S2000
G0 F9000 X175.938 Y47.507
M204 S500
G1 F1800 X175.049 Y48.396 E609.19942
M204 S2000
G0 F9000 X175.496 Y48.515
M204 S500
G1 F1800 X176.384 Y47.626 E609.24121
M204 S2000
G0 F9000 X176.831 Y47.745
M204 S500
G1 F1800 X175.942 Y48.634 E609.28303
M204 S2000
G0 F9000 X176.388 Y48.754
M204 S500
G1 F1800 X177.278 Y47.864 E609.32489
M204 S2000
G0 F9000 X177.725 Y47.982
M204 S500
G1 F1800 X176.834 Y48.873 E609.3668
M204 S2000
G0 F9000 X177.28 Y48.994
M204 S500
G1 F1800 X178.171 Y48.102 E609.40873
M204 S2000
G0 F9000 X178.661 Y48.178
M204 S500
G1 F1800 X177.726 Y49.113 E609.45271
M204 S2000
G0 F9000 X178.172 Y49.233
M204 S500
G1 F1800 X179.229 Y48.175 E609.50245
M204 S2000
G0 F9000 X179.818 Y48.152
M204 S500
G1 F1800 X178.618 Y49.352 E609.5589
M204 S2000
G0 F9000 X179.065 Y49.471
M204 S500
G1 F1800 X179.856 Y48.68 E609.59611
M204 S2000
G0 F9000 X179.919 Y49.182
M204 S500
G1 F1800 X179.511 Y49.59 E609.6153
M204 S2000
G0 F9000 X179.957 Y49.71
M204 S500
G1 F1800 X180.021 Y49.646 E609.61831
M204 S2000
G0 F9000 X180.471 Y49.477
G0 X180.401 Y47.514
G0 X179.726 Y47.641
G0 X179.819 Y48.151
M204 S500
G1 F1800 X179.89 Y48.08 E609.62165
M204 S2000
G0 F9000 X179.754 Y47.33
G1 F2400 E608.82165
;MESH:part_3.stl
G0 F9000 X180.401 Y47.514
G0 X180.826 Y50.328
G0 X172.858 Y49.404
G0 X172.578 Y50.452
G0 X172.847 Y53.491
G0 X172.845 Y54.576
G0 X171.191 Y55.62
M204 S500
;TYPE:WALL-INNER
G1 F2400 E609.62165
G1 F1382 X170.892 Y55.602 E609.63462
G1 F1358.5 X170.257 Y55.624 E609.66262
M204 S2000
G0 F9000 X168.95 Y57.23
G0 X168.005 Y59.053
G0 X169.561 Y60.956
G0 X165.772 Y61.539
M204 S500
G1 F1800 X175.769 Y61.563 E609.99513
G1 X175.777 Y59.485 E610.06424
G1 X175.842 Y59.203 E610.07387
G1 X175.967 Y58.974 E610.08254
G1 X176.101 Y58.826 E610.08918
G1 X176.36 Y58.655 E610.09951
G1 X176.78 Y58.566 E610.11379
G1 F1804.5 X181.778 Y58.576 E610.27961
G1 X181.779 Y58.177 E610.29284
G1 X176.78 Y58.166 E610.4587
G1 F1800 X176.362 Y58.074 E610.47293
G1 X176.104 Y57.901 E610.48326
G1 X175.971 Y57.752 E610.48991
G1 X175.834 Y57.482 E610.49998
G1 X175.783 Y57.215 E610.50902
G1 X175.786 Y55.165 E610.5772
G1 X165.788 Y55.141 E610.90974
G1 X165.784 Y57.14 E610.97622
G1 X165.738 Y57.437 E610.98622
G1 X165.66 Y57.62 E610.99284
G1 X165.457 Y57.877 E611.00373
G1 X165.197 Y58.048 E611.01408
G1 F1791 X164.867 Y58.136 E611.02549
G1 X159.78 Y58.126 E611.19554
G1 F1800 X159.779 Y58.525 E611.20881
G1 F1791 X164.865 Y58.538 E611.37881
G1 X165.196 Y58.627 E611.39027
G1 F1800 X165.454 Y58.8 E611.4006
G1 X165.586 Y58.95 E611.40725
G1 X165.738 Y59.262 E611.41879
G1 X165.773 Y59.47 E611.42581
G1 X165.772 Y61.539 E611.49462
M204 S2000
G0 F9000 X165.371 Y61.938
M204 S500
G1 F1800 X176.169 Y61.964 E611.85377
G1 X176.176 Y59.517 E611.93515
G1 X176.215 Y59.348 E611.94092
G1 X176.37 Y59.122 E611.95004
G1 X176.526 Y59.019 E611.95625
G1 X176.779 Y58.966 E611.96485
G1 X182.176 Y58.976 E612.14436
G1 X182.18 Y57.778 E612.1842
G1 X176.781 Y57.766 E612.36377
G1 X176.53 Y57.711 E612.37232
G1 X176.296 Y57.518 E612.38241
G1 X176.183 Y57.285 E612.39102
G1 X176.187 Y54.765 E612.47484
G1 X165.389 Y54.739 E612.83398
G1 X165.384 Y57.139 E612.91381
G1 X165.352 Y57.332 E612.92031
G1 X165.188 Y57.581 E612.93023
G1 X165.032 Y57.684 E612.93645
G1 X164.833 Y57.736 E612.94329
G1 X159.381 Y57.725 E613.12462
G1 X159.377 Y58.924 E613.1645
G1 X164.829 Y58.938 E613.34584
G1 X165.028 Y58.991 E613.35269
G1 X165.262 Y59.185 E613.3628
G1 X165.374 Y59.415 E613.37131
G1 X165.371 Y61.938 E613.45522
M204 S2000
G0 F9000 X165.642 Y61.67
G0 X166.173 Y61.14
M204 S500
G1 F1800 X169.719 Y61.148 E613.57316
G1 F1714.3 X170.121 Y61.129 E613.58722
G1 F1484.5 X170.393 Y61.086 E613.59832
G1 F1548.4 X169.786 Y60.855 E613.62343
G1 F1800 X169.41 Y60.671 E613.63736
G1 X169.054 Y60.423 E613.65179
G1 X168.784 Y60.164 E613.66423
G1 X168.551 Y59.871 E613.67668
G1 X168.297 Y59.434 E613.69349
G1 X168.123 Y58.892 E613.71243
G1 X168.073 Y58.214 E613.73504
G1 X168.2 Y57.528 E613.75824
G1 X168.393 Y57.09 E613.77416
G1 X168.582 Y56.789 E613.78598
G1 X168.814 Y56.507 E613.79813
G1 X169.054 Y56.277 E613.80918
G1 X169.337 Y56.065 E613.82095
G1 X169.752 Y55.85 E613.83649
G1 F1512.6 X170.257 Y55.624 E613.85839
G1 F1406.2 X170.05 Y55.586 E613.86735
G1 F1651.4 X169.705 Y55.549 E613.87993
G1 F1800 X166.188 Y55.542 E613.9969
G1 X166.184 Y57.14 E614.05005
G1 X166.152 Y57.509 E614.06237
G1 X165.913 Y57.965 E614.0795
G1 X165.726 Y58.173 E614.0888
G1 X165.474 Y58.339 E614.09884
G1 X165.725 Y58.506 E614.10886
G1 X165.972 Y58.787 E614.12131
G1 X166.114 Y59.122 E614.13341
G1 X166.172 Y59.443 E614.14426
G1 X166.173 Y61.14 E614.2007
M204 S2000
G0 F9000 X169.561 Y60.956
G0 X169.962 Y60.496
M204 S500
G1 F1800 X169.585 Y60.311 E614.21467
G1 X169.331 Y60.134 E614.22496
G1 X169.061 Y59.875 E614.23741
G1 X168.894 Y59.666 E614.24631
G1 X168.666 Y59.275 E614.26136
G1 X168.515 Y58.783 E614.27848
G1 X168.475 Y58.237 E614.29669
G1 X168.586 Y57.639 E614.31692
G1 X168.756 Y57.258 E614.33079
G1 X168.891 Y57.043 E614.33924
G1 X169.199 Y56.668 E614.35538
G1 X169.577 Y56.384 E614.3711
G1 X169.874 Y56.231 E614.38221
G1 X170.297 Y56.096 E614.39698
G1 X170.97 Y56.051 E614.41942
G1 X171.489 Y56.16 E614.43705
G1 X171.814 Y56.291 E614.44871
G1 X172.2 Y56.532 E614.46384
G1 X172.597 Y56.926 E614.48245
G1 X172.852 Y57.352 E614.49896
G1 X173.042 Y57.883 E614.51772
G1 X173.082 Y58.549 E614.53991
G1 X172.93 Y59.18 E614.5615
G1 X172.759 Y59.517 E614.57407
G1 X172.602 Y59.742 E614.58319
G1 X172.313 Y60.055 E614.59736
G1 X172.096 Y60.233 E614.6067
G1 X171.716 Y60.463 E614.62147
G1 X171.219 Y60.61 E614.63871
G1 X170.594 Y60.652 E614.65954
G1 X170.213 Y60.579 E614.67244
G1 X169.962 Y60.496 E614.68124
M204 S2000
G0 F9000 X170.208 Y60.171
M204 S500
G1 F1800 X169.675 Y59.911 E614.70096
G1 X169.279 Y59.53 E614.71924
G1 X169.052 Y59.145 E614.7341
G1 X168.912 Y58.739 E614.74839
G1 X168.882 Y58.253 E614.76458
G1 X168.97 Y57.758 E614.78131
G1 X169.149 Y57.359 E614.79585
G1 X169.476 Y56.961 E614.81298
G1 X169.902 Y56.641 E614.8307
G1 X170.405 Y56.487 E614.8482
G1 X170.94 Y56.453 E614.86603
G1 X171.511 Y56.573 E614.88544
G1 X171.95 Y56.848 E614.90267
G1 X172.279 Y57.174 E614.91807
G1 X172.49 Y57.522 E614.93161
G1 X172.648 Y57.968 E614.94734
G1 X172.672 Y58.515 E614.96556
G1 X172.555 Y59.035 E614.98328
G1 X172.363 Y59.411 E614.99732
G1 X171.962 Y59.846 E615.017
G1 X171.554 Y60.092 E615.03285
G1 X171.151 Y60.216 E615.04687
G1 X170.622 Y60.25 E615.0645
G1 X170.208 Y60.171 E615.07852
M204 S2000
G0 F9000 X170.393 Y61.086
M204 S500
G1 F1387.3 X170.664 Y61.101 E615.09023
G1 F1358.5 X171.299 Y61.079 E615.11824
M204 S2000
G0 F9000 X171.28 Y61.088
M204 S500
G1 F1643.8 X171.781 Y61.153 E615.13663
G1 F1800 X175.37 Y61.162 E615.25601
G1 X175.377 Y59.47 E615.31228
G1 X175.469 Y59.058 E615.32632
G1 X175.644 Y58.738 E615.33845
G1 X175.831 Y58.53 E615.34776
G1 X176.085 Y58.363 E615.35787
G1 X175.832 Y58.195 E615.36797
G1 X175.647 Y57.986 E615.37725
G1 X175.454 Y57.608 E615.39137
G1 X175.384 Y57.234 E615.40402
G1 X175.385 Y55.564 E615.45957
G1 X171.593 Y55.554 E615.58569
G1 F1541.8 X171.191 Y55.62 E615.60151
G1 X172.027 Y55.953 E615.63645
G1 F1800 X172.32 Y56.137 E615.64796
G1 X172.559 Y56.325 E615.65807
G1 X172.788 Y56.552 E615.6688
G1 X172.993 Y56.808 E615.67971
G1 X173.215 Y57.182 E615.69417
G1 X173.399 Y57.696 E615.71233
G1 X173.449 Y57.995 E615.72241
G1 X173.48 Y58.52 E615.73991
G1 X173.439 Y58.778 E615.74859
G1 X173.305 Y59.327 E615.76739
G1 X173.116 Y59.698 E615.78124
G1 X172.896 Y60.014 E615.79405
G1 X172.607 Y60.327 E615.80821
G1 X172.303 Y60.575 E615.82126
G1 X172.03 Y60.741 E615.83189
G1 F1643.8 X171.28 Y61.088 E615.86199
M204 S2000
G1 F2400 E615.06199
G0 F9000 X170.23 Y60.478
G0 X170.363 Y59.793
M204 S500
;TYPE:WALL-OUTER
G1 F2400 E615.86199
G1 F1800 X169.908 Y59.579 E615.87871
G1 X169.615 Y59.298 E615.89221
G1 X169.41 Y58.967 E615.90516
G1 X169.31 Y58.663 E615.91581
G1 X169.281 Y58.285 E615.92842
G1 X169.361 Y57.859 E615.94283
G1 X169.509 Y57.551 E615.9542
G1 X169.741 Y57.269 E615.96634
G1 X170.084 Y57.004 E615.98076
G1 X170.473 Y56.881 E615.99433
G1 X170.889 Y56.856 E616.00819
G1 X171.36 Y56.95 E616.02417
G1 X171.716 Y57.18 E616.03826
G1 X171.945 Y57.406 E616.04896
G1 X172.128 Y57.692 E616.06026
G1 X172.248 Y58.04 E616.0725
G1 X172.274 Y58.479 E616.08713
G1 X172.181 Y58.882 E616.10088
G1 X172.035 Y59.176 E616.1118
G1 X171.703 Y59.536 E616.12809
G1 X171.367 Y59.732 E616.14103
G1 X171.083 Y59.822 E616.15094
G1 X170.667 Y59.847 E616.1648
G1 X170.363 Y59.793 E616.17507
M204 S2000
G1 F2400 E615.37507
G0 F9000 X170.23 Y60.478
G0 X169.912 Y61.036
G0 X165.241 Y62.069
G0 X164.97 Y62.337
M204 S500
G1 F2400 E616.17507
G1 F1800 X176.568 Y62.365 E616.56082
G1 X176.575 Y59.512 E616.65571
G1 X176.64 Y59.418 E616.65951
G1 X176.778 Y59.366 E616.66442
G1 X182.575 Y59.378 E616.85722
G1 X182.582 Y57.379 E616.92371
G1 X176.72 Y57.366 E617.11868
G1 X176.583 Y57.206 E617.12569
G1 X176.588 Y54.366 E617.22015
G1 X164.989 Y54.338 E617.60593
G1 X164.982 Y57.166 E617.69999
G1 X164.945 Y57.256 E617.70323
G1 X164.845 Y57.337 E617.70751
G1 X158.983 Y57.324 E617.90248
G1 X158.976 Y59.323 E617.96897
G1 X164.838 Y59.337 E618.16394
G1 X164.975 Y59.497 E618.17095
G1 X164.97 Y62.337 E618.26541
M204 S2000
G0 F9000 X165.241 Y62.069
G0 X166.272 Y60.779
G0 X166.533 Y60.779
M204 S500
;TYPE:SKIN
G1 F1800 X166.532 Y59.405 E618.31111
G1 X166.459 Y59.015 E618.3243
G1 X166.28 Y58.597 E618.33943
G1 X166.059 Y58.341 E618.35067
G1 X166.282 Y58.085 E618.36197
G1 X166.51 Y57.551 E618.38128
G1 X166.545 Y57.135 E618.39516
G1 X166.548 Y55.903 E618.43614
G1 X168.917 Y55.907 E618.51493
G1 X168.549 Y56.263 E618.53196
G1 X168.305 Y56.557 E618.54467
G1 X168.075 Y56.921 E618.55899
G1 X167.893 Y57.314 E618.5734
G1 X167.821 Y57.594 E618.58301
G1 X167.74 Y58.043 E618.59819
G1 X167.722 Y58.317 E618.60732
G1 X167.75 Y58.76 E618.62208
G1 X167.813 Y59.106 E618.63378
G1 X167.958 Y59.561 E618.64966
G1 X168.239 Y60.052 E618.66848
G1 X168.537 Y60.427 E618.68441
G1 X168.91 Y60.786 E618.70163
G1 X166.533 Y60.779 E618.78069
M204 S2000
G0 F9000 X166.272 Y60.779
G0 X169.561 Y60.956
G0 X168.564 Y60.045
G0 X168.207 Y60.329
M204 S500
G1 F1800 X167.953 Y60.583 E618.79264
M204 S2000
G0 F9000 X167.39 Y60.58
M204 S500
G1 F1800 X167.973 Y59.997 E618.82006
M204 S2000
G0 F9000 X167.769 Y59.635
M204 S500
G1 F1800 X166.825 Y60.579 E618.86446
M204 S2000
G0 F9000 X166.732 Y60.107
M204 S500
G1 F1800 X167.633 Y59.206 E618.90684
M204 S2000
G0 F9000 X167.545 Y58.728
M204 S500
G1 F1800 X166.731 Y59.542 E618.94513
M204 S2000
G0 F9000 X166.666 Y59.042
M204 S500
G1 F1800 X167.529 Y58.179 E618.98572
M204 S2000
G0 F9000 X167.635 Y57.507
M204 S500
G1 F1800 X166.511 Y58.631 E619.03859
M204 S2000
G0 F9000 X166.505 Y58.071
M204 S500
G1 F1800 X168.078 Y56.498 E619.11258
G1 X168.079 Y56.497
G1 X168.164 Y56.412 E619.11658
M204 S2000
G0 F9000 X167.879 Y56.132
M204 S500
G1 F1800 X166.734 Y57.277 E619.17044
M204 S2000
G0 F9000 X166.745 Y56.7
M204 S500
G1 F1800 X167.341 Y56.104 E619.19847
M204 S2000
G0 F9000 X167.342 Y55.645
G0 X169.559 Y55.739
G0 X168.745 Y57.664
G0 X168.635 Y58.261
G0 X168.679 Y58.789
G0 X168.82 Y59.226
G0 X169.091 Y59.679
G0 X169.54 Y60.107
G0 X170.134 Y60.398
G0 X170.406 Y60.451
G0 X172.438 Y60.593
G0 X172.602 Y60.794
M204 S500
G1 F1800 X172.857 Y60.586 E619.20942
G1 X173.155 Y60.264 E619.22401
G1 X173.429 Y59.875 E619.23983
G1 X173.557 Y59.626 E619.24915
G1 X173.669 Y59.345 E619.25921
G1 X173.792 Y58.846 E619.2763
G1 X173.842 Y58.538 E619.28668
G1 X173.807 Y57.951 E619.30624
G1 X173.751 Y57.623 E619.31731
G1 X173.546 Y57.042 E619.3378
G1 X173.305 Y56.626 E619.35379
G1 X173.052 Y56.306 E619.36736
G1 X172.819 Y56.071 E619.37836
G1 X172.624 Y55.917 E619.38663
G1 X175.024 Y55.924 E619.46645
G1 X175.025 Y57.273 E619.51132
G1 X175.107 Y57.711 E619.52614
G1 X175.338 Y58.172 E619.54329
G1 X175.499 Y58.361 E619.55155
G1 X175.339 Y58.548 E619.55973
G1 X175.135 Y58.925 E619.57399
G1 X175.019 Y59.43 E619.59122
G1 X175.012 Y60.801 E619.63682
G1 X172.602 Y60.794 E619.71698
M204 S2000
G0 F9000 X172.438 Y60.593
G0 X172.026 Y60.964
G0 X174.724 Y61.059
G0 X174.725 Y60.599
M204 S500
G1 F1800 X174.812 Y60.512 E619.72107
M204 S2000
G0 F9000 X174.815 Y59.944
M204 S500
G1 F1800 X174.161 Y60.597 E619.75181
M204 S2000
G0 F9000 X173.598 Y60.594
M204 S500
G1 F1800 X174.83 Y59.363 E619.80974
M204 S2000
G0 F9000 X173.924 Y59.138
M204 S500
G1 F1800 X175.036 Y58.025 E619.86207
M204 S2000
G0 F9000 X174.882 Y57.614
M204 S500
G1 F1800 X174.037 Y58.459 E619.90181
M204 S2000
G0 F9000 X174.003 Y57.927
M204 S500
G1 F1800 X174.825 Y57.105 E619.94048
M204 S2000
G0 F9000 X174.823 Y56.541
M204 S500
G1 F1800 X173.904 Y57.46 E619.9837
M204 S2000
G0 F9000 X173.756 Y57.043
M204 S500
G1 F1800 X174.675 Y56.124 E620.02693
M204 S2000
G0 F9000 X174.112 Y56.121
M204 S500
G1 F1800 X173.561 Y56.672 E620.05285
M204 S2000
G0 F9000 X173.332 Y56.335
M204 S500
G1 F1800 X173.549 Y56.118 E620.06306
M204 S2000
G0 F9000 X173.55 Y55.66
G0 X175.213 Y55.735
G0 X175.755 Y58.361
G0 X175.55 Y58.703
G0 X175.145 Y58.482
M204 S500
G1 F1800 X173.542 Y60.085 E620.13846
M204 S2000
G0 F9000 X172.916 Y59.648
G1 F2400 E619.33846
;MESH:part_1.stl
G0 F9000 X172.053 Y55.746
G0 X176.373 Y54.578
G0 X176.375 Y53.498
G0 X183.673 Y53.2
G0 X184.522 Y53.021
G0 X185.418 Y52.628
G0 X186.233 Y52.034
G0 X186.85 Y51.366
G0 X187.451 Y50.276
G0 X187.738 Y49.154
G0 X187.734 Y47.96
G0 X187.442 Y46.841
G0 X186.906 Y45.858
G0 X186.246 Y45.149
G0 X180.164 Y39.542
G0 X180.32 Y38.275
M204 S500
;TYPE:WALL-INNER
G1 F2400 E620.13846
G1 F1855.7 X180.416 Y38.306 E620.14171
G1 F1726.6 X180.734 Y38.347 E620.15283
G1 F1603.6 X181.036 Y38.363 E620.16412
G1 F1472.4 X181.387 Y38.333 E620.17844
M204 S2000
G0 F9000 X182.255 Y38.157
G0 X183.529 Y37.592
M204 S500
G1 F1800 X195.098 Y37.591 E620.56323
G1 X194.919 Y37.219 E620.57696
G1 X194.769 Y36.806 E620.59157
G1 X194.695 Y36.392 E620.60556
G1 X194.674 Y36.084 E620.61583
G1 X194.695 Y35.626 E620.63108
G1 X194.74 Y35.329 E620.64107
G1 X194.818 Y35.035 E620.65119
G1 X194.905 Y34.796 E620.65965
G1 X195.092 Y34.397 E620.6743
G1 X183.529 Y34.396 E621.05889
G1 X183.662 Y34.643 E621.06822
G1 X183.825 Y35.032 E621.08225
G1 X183.926 Y35.448 E621.09649
G1 X183.972 Y36.046 E621.11643
G1 X183.917 Y36.53 E621.13264
G1 X183.862 Y36.789 E621.14144
G1 X183.733 Y37.202 E621.15583
G1 X183.529 Y37.592 E621.17047
M204 S2000
G0 F9000 X182.693 Y37.992
M204 S500
G1 F1800 X195.946 Y37.99 E621.61127
G1 X195.634 Y37.678 E621.62594
G1 X195.329 Y37.174 E621.64554
G1 X195.157 Y36.707 E621.66209
G1 X195.069 Y36.21 E621.67888
G1 X195.099 Y35.538 E621.70125
G1 X195.228 Y35.051 E621.71801
G1 X195.43 Y34.618 E621.7339
G1 X195.656 Y34.294 E621.74704
G1 X195.939 Y33.997 E621.76068
G1 X182.705 Y33.996 E622.20085
G1 X183.002 Y34.314 E622.21532
G1 X183.259 Y34.716 E622.23119
G1 X183.455 Y35.186 E622.24813
G1 X183.528 Y35.483 E622.2583
G1 X183.568 Y35.994 E622.27535
G1 X183.512 Y36.568 E622.29453
G1 X183.364 Y37.042 E622.31104
G1 X183.142 Y37.475 E622.32723
G1 X182.902 Y37.784 E622.34024
G1 X182.693 Y37.992 E622.35005
M204 S2000
G0 F9000 X181.372 Y38.34
M204 S500
G1 F1678.3 X182.012 Y38.392 E622.37295
G1 F1800 X196.926 Y38.391 E622.869
G1 F1603.6 X197.345 Y38.343 E622.88474
G1 X196.788 Y38.115 E622.90721
G1 F1800 X196.372 Y37.853 E622.92356
G1 X195.952 Y37.429 E622.94341
G1 X195.688 Y36.994 E622.96034
G1 X195.545 Y36.599 E622.97431
G1 X195.471 Y36.185 E622.9883
G1 X195.497 Y35.594 E623.00797
G1 X195.604 Y35.192 E623.02181
G1 X195.779 Y34.817 E623.03557
G1 X196.019 Y34.473 E623.04952
G1 X196.49 Y34.024 E623.07117
G1 X196.966 Y33.803 E623.08862
G1 F1640.1 X197.434 Y33.636 E623.10676
G1 F1636.4 X197.055 Y33.597 E623.1207
G1 F1795.5 X181.637 Y33.596 E623.63479
G1 F1643.8 X181.186 Y33.634 E623.65127
G1 F1614.3 X181.478 Y33.73 E623.66267
G1 F1764.7 X182.072 Y33.999 E623.68479
G1 F1800 X182.408 Y34.259 E623.69892
G1 X182.685 Y34.561 E623.71255
G1 X182.904 Y34.904 E623.72609
G1 X183.121 Y35.425 E623.74486
G1 X183.168 Y35.994 E623.76385
G1 X183.117 Y36.491 E623.78046
G1 X182.991 Y36.894 E623.79451
G1 X182.803 Y37.259 E623.80816
G1 X182.551 Y37.584 E623.82184
G1 F1739.1 X182.071 Y38.007 E623.84387
G1 F1621.6 X181.372 Y38.34 E623.87245
M204 S2000
G0 F9000 X182.43 Y37.477
G0 X182.842 Y36.83
G0 X182.958 Y36.461
G0 X183.009 Y35.997
G0 X182.962 Y35.465
G0 X182.761 Y34.98
G0 X182.298 Y34.377
G0 X181.186 Y33.634
M204 S500
G1 F1538.5 X180.871 Y33.626 E623.88471
G1 F1662.8 X180.443 Y33.671 E623.90021
G1 F1850.9 X180.18 Y33.754 E623.90913
M204 S2000
G0 F9000 X197.434 Y33.636
M204 S500
G1 F1538.5 X197.696 Y33.626 E623.91933
G1 F1694.1 X198.097 Y33.651 E623.93353
G1 F1894.7 X198.525 Y33.77 E623.94757
M204 S2000
G0 F9000 X199.298 Y34.377
G0 X199.761 Y34.98
G0 X199.962 Y35.465
G0 X200.009 Y35.997
G0 X199.958 Y36.461
G0 X199.666 Y37.17
G0 X199.454 Y37.446
G0 X198.459 Y38.237
M204 S500
G1 F1914.9 X198.057 Y38.341 E623.96055
G1 F1710.2 X197.769 Y38.355 E623.97064
G1 F1548.4 X197.486 Y38.354 E623.98158
G1 F1478.4 X197.345 Y38.343 E623.98731
M204 S2000
G0 F9000 X197.026 Y37.793
M204 S500
;TYPE:WALL-OUTER
G1 F1800 X196.609 Y37.523 E624.00383
G1 X196.256 Y37.16 E624.02068
G1 X196.062 Y36.839 E624.03315
G1 X195.939 Y36.514 E624.04471
G1 X195.877 Y36.182 E624.05594
G1 X195.9 Y35.636 E624.07412
G1 X195.978 Y35.342 E624.08423
G1 X196.12 Y35.032 E624.09557
G1 X196.312 Y34.752 E624.10687
G1 X196.716 Y34.361 E624.12557
G1 X197.171 Y34.153 E624.14221
G1 X197.553 Y34.059 E624.15529
G1 X198.063 Y34.057 E624.17225
G1 X198.406 Y34.134 E624.18395
G1 F1734.9 X198.435 Y34.129 E624.18496
G1 F1466.4 X198.832 Y34.222 E624.20161
G1 F1321.1 X199.163 Y34.487 E624.22082
G1 F1353.4 X199.401 Y34.751 E624.23655
G1 F1390 X199.606 Y35.083 E624.25335
G1 F1431.4 X199.776 Y35.528 E624.27328
G1 F1454.5 X199.818 Y35.994 E624.29253
G1 F1451.6 X199.771 Y36.423 E624.31033
G1 F1437.1 X199.668 Y36.765 E624.32521
G1 F1414.5 X199.517 Y37.067 E624.3395
G1 F1382 X199.314 Y37.342 E624.35431
G1 F1350.8 X198.876 Y37.742 E624.3806
G1 F1306.7 X198.727 Y37.809 E624.38808
G1 F1496.9 X197.983 Y37.937 E624.41828
G1 F1800 X197.461 Y37.91 E624.43566
G1 X197.026 Y37.793 E624.45065
M204 S2000
G1 F2400 E623.65065
G0 F9000 X196.441 Y38.165
G0 X180.345 Y38.382
G0 X180.242 Y38.673
M204 S500
G1 F2400 E624.45065
G1 F1800 X180.676 Y38.763 E624.46539
G1 X181.064 Y38.792 E624.47833
G1 X197.711 Y38.792 E625.03201
G1 X198.184 Y38.73 E625.04788
G1 F1786.6 X198.633 Y38.582 E625.06372
G1 F1487.6 X198.977 Y38.312 E625.08132
G1 F1295 X199.119 Y38.232 E625.08885
G1 F1313.9 X199.409 Y38.002 E625.10572
G1 F1326 X199.593 Y37.823 E625.11731
G1 F1345.8 X199.807 Y37.575 E625.13188
G1 F1376.7 X199.982 Y37.291 E625.14639
G1 F1403.5 X200.187 Y36.837 E625.16764
G1 F1428.6 X200.259 Y36.525 E625.18106
G1 F1431.4 X200.309 Y36.257 E625.19246
G1 F1417.3 X200.311 Y35.766 E625.2132
G1 F1440 X200.251 Y35.38 E625.22944
G1 F1431.4 X200.146 Y35.052 E625.24384
G1 F1398.1 X200.011 Y34.739 E625.25844
G1 F1366.2 X199.747 Y34.333 E625.27966
G1 F1335.8 X199.464 Y34.028 E625.29831
G1 F1313.9 X199.224 Y33.832 E625.31243
G1 F1335.8 X198.961 Y33.64 E625.32702
G1 F1555.1 X198.678 Y33.409 E625.34109
G1 F1800 X198.19 Y33.263 E625.35803
G1 X197.715 Y33.197 E625.37398
G1 X180.835 Y33.196 E625.93541
G1 X180.335 Y33.281 E625.95228
G1 X180.04 Y33.395 E625.9628
G1 F1600 X179.789 Y33.552 E625.97387
G1 F1376.7 X179.228 Y33.97 E626.0043
G1 F1330.9 X178.994 Y34.218 E626.01964
G1 F1355.9 X178.709 Y34.587 E626.04022
G1 F1387.3 X178.543 Y34.921 E626.05632
G1 F1414.5 X178.42 Y35.263 E626.0717
G1 F1425.7 X178.339 Y35.612 E626.08675
G1 F1431.4 X178.314 Y36.129 E626.10839
G1 F1434.3 X178.388 Y36.628 E626.12945
G1 F1411.8 X178.569 Y37.135 E626.15228
G1 F1384.6 X178.794 Y37.515 E626.17137
G1 F1358.5 X178.975 Y37.745 E626.18427
G1 F1328.4 X179.206 Y37.994 E626.19958
G1 F1311.5 X179.616 Y38.301 E626.22296
G1 F1512.6 X180.242 Y38.673 E626.25178
M204 S2000
G0 F9000 X180.011 Y37.877
M204 S500
G1 F1306.7 X179.582 Y37.597 E626.27525
G1 F1348.3 X179.216 Y37.21 E626.29891
G1 F1390 X179.008 Y36.859 E626.31648
G1 F1417.3 X178.879 Y36.488 E626.33307
G1 F1440 X178.825 Y36.172 E626.3464
G1 F1434.3 X178.842 Y35.667 E626.36749
G1 F1425.7 X178.933 Y35.31 E626.38296
G1 F1409 X179.09 Y34.97 E626.39887
G1 F1384.6 X179.267 Y34.709 E626.41251
G1 F1350.8 X179.665 Y34.313 E626.43739
G1 F1299.6 X179.932 Y34.169 E626.45136
G1 F1490.7 X180.272 Y34.129 E626.46511
G1 F1800 X180.553 Y34.059 E626.47475
G1 X181.09 Y34.061 E626.49261
G1 X181.389 Y34.128 E626.5028
G1 X181.879 Y34.356 E626.52077
G1 X182.146 Y34.565 E626.53205
G1 X182.355 Y34.793 E626.54234
G1 X182.538 Y35.074 E626.55349
G1 X182.728 Y35.523 E626.56971
G1 X182.768 Y35.975 E626.5848
G1 X182.724 Y36.395 E626.59885
G1 X182.613 Y36.753 E626.61131
G1 X182.452 Y37.059 E626.62281
G1 X182.244 Y37.322 E626.63396
G1 X181.84 Y37.678 E626.65187
G1 X181.308 Y37.881 E626.67081
G1 X180.993 Y37.936 E626.68145
G1 X180.481 Y37.914 E626.69849
G1 X180.421 Y37.899 E626.70055
G1 F1506.3 X180.011 Y37.877 E626.71687
M204 S2000
G0 F9000 X179.955 Y38.082
G0 X180.998 Y38.177
G0 X183.858 Y37.13
G0 X184.098 Y37.23
M204 S500
;TYPE:SKIN
G1 F1800 X184.207 Y36.896 E626.72855
G1 X184.272 Y36.589 E626.73899
G1 X184.333 Y36.038 E626.75743
G1 X184.284 Y35.42 E626.77805
G1 X184.124 Y34.757 E626.80073
G1 X194.517 Y34.757 E627.14641
G1 X194.386 Y35.258 E627.16363
G1 X194.338 Y35.587 E627.17469
G1 X194.316 Y36.097 E627.19167
G1 X194.338 Y36.436 E627.20297
G1 X194.389 Y36.736 E627.21309
G1 X194.522 Y37.231 E627.23014
G1 X184.098 Y37.23 E627.57684
M204 S2000
G0 F9000 X183.858 Y37.13
G0 X183.954 Y35.152
G0 X184.453 Y35.032
M204 S500
G1 F1800 X184.529 Y34.956 E627.58041
M204 S2000
G0 F9000 X185.095 Y34.956
M204 S500
G1 F1800 X184.495 Y35.556 E627.60864
M204 S2000
G0 F9000 X184.525 Y36.091
M204 S500
G1 F1800 X185.66 Y34.956 E627.66202
M204 S2000
G0 F9000 X186.226 Y34.956
M204 S500
G1 F1800 X184.456 Y36.726 E627.74528
M204 S2000
G0 F9000 X184.718 Y37.029
M204 S500
G1 F1800 X186.792 Y34.956 E627.84281
M204 S2000
G0 F9000 X187.357 Y34.956
M204 S500
G1 F1800 X185.284 Y37.029 E627.94032
M204 S2000
G0 F9000 X185.85 Y37.029
M204 S500
G1 F1800 X187.923 Y34.956 E628.03782
M204 S2000
G0 F9000 X188.489 Y34.956
M204 S500
G1 F1800 X186.415 Y37.029 E628.13536
M204 S2000
G0 F9000 X186.981 Y37.029
M204 S500
G1 F1800 X189.054 Y34.956 E628.23286
M204 S2000
G0 F9000 X189.619 Y34.957
M204 S500
G1 F1800 X187.547 Y37.029 E628.33032
M204 S2000
G0 F9000 X188.112 Y37.03
M204 S500
G1 F1800 X190.185 Y34.957 E628.42783
M204 S2000
G0 F9000 X190.751 Y34.957
M204 S500
G1 F1800 X188.678 Y37.03 E628.52534
M204 S2000
G0 F9000 X189.243 Y37.03
M204 S500
G1 F1800 X191.316 Y34.957 E628.62285
M204 S2000
G0 F9000 X191.882 Y34.957
M204 S500
G1 F1800 X189.809 Y37.03 E628.72035
M204 S2000
G0 F9000 X190.375 Y37.03
M204 S500
G1 F1800 X192.448 Y34.957 E628.81786
M204 S2000
G0 F9000 X193.013 Y34.957
M204 S500
G1 F1800 X190.94 Y37.031 E628.91539
M204 S2000
G0 F9000 X191.505 Y37.031
M204 S500
G1 F1800 X193.579 Y34.957 E629.01295
M204 S2000
G0 F9000 X194.145 Y34.957
M204 S500
G1 F1800 X192.071 Y37.031 E629.1105
M204 S2000
G0 F9000 X192.637 Y37.031
M204 S500
G1 F1800 X194.144 Y35.523 E629.18141
M204 S2000
G0 F9000 X194.115 Y36.118
M204 S500
G1 F1800 X193.202 Y37.031 E629.22435
M204 S2000
G0 F9000 X193.768 Y37.031
M204 S500
G1 F1800 X194.167 Y36.632 E629.24312
M204 S2000
G0 F9000 X194.917 Y36.498
G1 F2400 E628.44312
;MESH:NONMESH
G0 F300 X194.917 Y36.498 Z2.6
G0 F9000 X194.802 Y37.413
G0 X183.825 Y37.413
G0 X182.761 Y34.98
G0 X182.298 Y34.377
G0 X181.987 Y34.138
G0 X181.485 Y33.905
G0 X181.094 Y33.818
G0 X180.537 Y33.818
G0 X180.072 Y33.932
G0 X179.578 Y34.162
G0 X179.331 Y34.399
G0 X178.581 Y35.31
G0 X177.523 Y35.065
G0 X171.427 Y33.135
G0 X162.753 Y33.454
G0 X162.124 Y32.571
G0 X158.456 Y32.673
G0 X158.517 Y32.386
;TIME_ELAPSED:1103.015058
;LAYER:12
M204 S500
;TYPE:WALL-INNER
;MESH:part_2.stl
G1 F2400 E629.24312
G1 F1800 X157.968 Y32.232 E629.26209
G1 X157.651 Y32.105 E629.27344
G1 X157.342 Y31.95 E629.28494
G1 X157.073 Y31.787 E629.2954
G1 X156.805 Y31.597 E629.30633
G1 X156.531 Y31.363 E629.31832
G1 X156.285 Y31.116 E629.32991
G1 X156.068 Y30.861 E629.34105
G1 X155.862 Y30.569 E629.35293
G1 X155.688 Y30.275 E629.36429
G1 X155.537 Y29.962 E629.37585
G1 X155.435 Y29.701 E629.38517
G1 X155.323 Y29.335 E629.3979
G1 X155.256 Y29.013 E629.40884
G1 X155.201 Y28.454 E629.42753
G1 X155.212 Y27.962 E629.44389
G1 X155.265 Y27.545 E629.45787
G1 X155.418 Y26.973 E629.47757
G1 X155.542 Y26.658 E629.48883
G1 X155.706 Y26.325 E629.50117
G1 X155.979 Y25.893 E629.51817
G1 X156.21 Y25.598 E629.53063
G1 X156.536 Y25.262 E629.5462
G1 X156.811 Y25.03 E629.55817
G1 X157.093 Y24.831 E629.56965
G1 X157.344 Y24.68 E629.57939
G1 X157.701 Y24.504 E629.59263
G1 X158 Y24.388 E629.6033
G1 X158.348 Y24.285 E629.61537
G1 X158.655 Y24.223 E629.62579
G1 X159.136 Y24.171 E629.64188
G1 X159.553 Y24.17 E629.65575
G1 X159.893 Y24.197 E629.66709
G1 X160.238 Y24.26 E629.67875
G1 X160.563 Y24.346 E629.68994
G1 X160.838 Y24.439 E629.69959
G1 X161.171 Y24.582 E629.71165
G1 X161.622 Y24.844 E629.72899
G1 X161.895 Y25.035 E629.74007
G1 X162.167 Y25.268 E629.75199
G1 X162.411 Y25.514 E629.76351
G1 X162.628 Y25.77 E629.77467
G1 X162.808 Y26.021 E629.78495
G1 X162.995 Y26.33 E629.79696
G1 X163.228 Y26.837 E629.81552
G1 X163.378 Y27.316 E629.83221
G1 X163.448 Y27.664 E629.84402
G1 X163.496 Y28.136 E629.8598
G1 X163.482 Y28.701 E629.8786
G1 X163.435 Y29.066 E629.89084
G1 X163.288 Y29.627 E629.91012
G1 X163.136 Y30.017 E629.92405
G1 X163.013 Y30.268 E629.93334
G1 X162.817 Y30.593 E629.94597
G1 X162.616 Y30.876 E629.95751
G1 F1804.5 X162.431 Y31.098 E629.9671
G1 X162.176 Y31.356 E629.97913
G1 F1800 X161.923 Y31.575 E629.99026
G1 X161.616 Y31.794 E630.00281
G1 X161.317 Y31.97 E630.01435
G1 X160.955 Y32.152 E630.02782
G1 X160.448 Y32.324 E630.04563
G1 X160.01 Y32.414 E630.0605
G1 X159.698 Y32.453 E630.07096
G1 X159.342 Y32.465 E630.08281
G1 X158.987 Y32.452 E630.09462
G1 X158.517 Y32.386 E630.11041
M204 S2000
G0 F9000 X158.438 Y32.673
G0 X159.715 Y32.691
G0 X160.521 Y32.553
G0 X161.27 Y32.245
G0 X162.682 Y31.419
M204 S500
G1 F1909.8 X162.158 Y31.865 E630.13198
G1 F2074.9 X161.817 Y32.108 E630.14406
G1 F2051.3 X161.411 Y32.345 E630.15778
G1 F2087 X161.104 Y32.49 E630.16752
G1 F2105.3 X160.638 Y32.655 E630.18158
G1 F2051.3 X160.195 Y32.763 E630.19489
G1 X159.726 Y32.825 E630.20869
G1 F2063 X159.33 Y32.84 E630.22019
G1 F2057.1 X158.988 Y32.827 E630.23015
G1 X158.479 Y32.761 E630.24509
G1 F2069 X157.866 Y32.591 E630.2635
G1 F2074.9 X157.523 Y32.457 E630.27412
G1 F2069 X157.178 Y32.286 E630.28527
G1 F2063 X156.88 Y32.108 E630.29534
G1 X156.574 Y31.89 E630.30624
G1 F2051.3 X156.345 Y31.702 E630.31489
G1 X156.045 Y31.406 E630.32719
G1 F2057.1 X155.746 Y31.056 E630.34059
G1 F2028.2 X155.435 Y30.592 E630.35707
G1 F2039.7 X155.221 Y30.171 E630.37094
G1 F2045.5 X155.055 Y29.753 E630.3841
G1 F2051.3 X154.963 Y29.43 E630.3939
G1 F2074.9 X154.878 Y29.006 E630.40638
G1 F2063 X154.831 Y28.569 E630.41913
G1 X154.828 Y28.025 E630.43492
G1 F2074.9 X154.91 Y27.405 E630.45297
G1 F2069 X155.053 Y26.888 E630.46849
G1 F2063 X155.195 Y26.52 E630.47993
G1 F2057.1 X155.382 Y26.136 E630.49236
G1 F2051.3 X155.657 Y25.699 E630.50743
G1 F2069 X155.898 Y25.389 E630.5188
G1 X156.293 Y24.977 E630.53531
G1 F2045.5 X156.638 Y24.686 E630.54852
G1 F2051.3 X156.886 Y24.52 E630.55723
G1 F2063 X157.204 Y24.33 E630.56798
G1 X157.542 Y24.166 E630.57888
G1 F2074.9 X157.885 Y24.034 E630.58949
G1 F2087 X158.248 Y23.927 E630.60034
G1 F2069 X158.59 Y23.853 E630.61047
G1 F2063 X159.174 Y23.795 E630.6275
G1 F2074.9 X159.566 Y23.797 E630.63881
G1 F2069 X160.063 Y23.84 E630.65325
G1 F2051.3 X160.656 Y23.981 E630.67103
G1 F2069 X160.967 Y24.09 E630.68057
G1 F2105.3 X161.328 Y24.246 E630.69175
G1 F2080.9 X161.761 Y24.489 E630.70604
G1 F2074.9 X162.126 Y24.743 E630.71887
G1 F1940.7 X162.66 Y25.197 E630.74049
M204 S2000
G0 F9000 X163.438 Y26.712
G0 X163.68 Y27.596
G0 X163.724 Y28.683
G0 X163.502 Y29.742
G0 X163.031 Y30.705
G0 X162.335 Y31.534
G0 X161.445 Y32.173
G0 X160.521 Y32.553
G0 X158.467 Y32.836
G0 X158.408 Y33.129
M204 S500
G1 F1800 X158.97 Y33.2 E630.75933
G1 X159.345 Y33.215 E630.77182
G1 X159.77 Y33.196 E630.78596
G1 X160.264 Y33.134 E630.80252
G1 X160.758 Y33.009 E630.81947
G1 X161.134 Y32.879 E630.8327
G1 X161.584 Y32.681 E630.84906
G1 X162.033 Y32.413 E630.86645
G1 X162.37 Y32.172 E630.88023
G1 X162.687 Y31.914 E630.89382
G1 F1804.5 X163.108 Y31.612 E630.91101
G1 X163.449 Y31.408 E630.9242
G1 F1800 X163.893 Y31.19 E630.94065
G1 X164.289 Y31.033 E630.95482
G1 X164.903 Y30.85 E630.97612
G1 X165.464 Y30.756 E630.99504
G1 X165.883 Y30.722 E631.00903
G1 X180.633 Y30.714 E631.49961
G1 F1678.3 X181.078 Y30.684 E631.51552
G1 F1578.9 X181.433 Y30.686 E631.52898
G1 F1600 X181.726 Y30.661 E631.53999
G1 F1621.6 X182.117 Y30.564 E631.55486
G1 F1600 X182.478 Y30.4 E631.5697
G1 F1585.9 X182.712 Y30.258 E631.58003
G1 F1607.1 X183.028 Y30.007 E631.59506
G1 F1600 X183.339 Y29.623 E631.61355
G1 F1578.9 X183.551 Y29.192 E631.63176
G1 F1592.9 X183.666 Y28.824 E631.64625
G1 F1596.5 X183.718 Y28.421 E631.66149
G1 F1603.6 X183.714 Y28.021 E631.67643
G1 F1607.1 X183.593 Y27.549 E631.69458
G1 F1589.4 X183.435 Y27.187 E631.70945
G1 F1585.9 X183.242 Y26.876 E631.72327
G1 F1589.4 X183.036 Y26.648 E631.73485
G1 F1585.9 X182.737 Y26.392 E631.74971
G1 F1589.4 X182.402 Y26.188 E631.76448
G1 F1582.4 X181.954 Y26.016 E631.78264
G1 F1585.9 X181.448 Y25.945 E631.80192
G1 X181.037 Y25.948 E631.81744
G1 F1655.2 X180.721 Y25.925 E631.8289
G1 F1773.4 X166.088 Y25.915 E632.3229
G1 F1800 X165.641 Y25.894 E632.33778
G1 X165.262 Y25.845 E632.35049
G1 X164.768 Y25.744 E632.36726
G1 X164.294 Y25.6 E632.38374
G1 X163.893 Y25.442 E632.39807
G1 X163.337 Y25.166 E632.41872
G1 X162.858 Y24.848 E632.43784
G1 X162.303 Y24.409 E632.46138
G1 X161.94 Y24.158 E632.47606
G1 X161.596 Y23.962 E632.48922
G1 X161.246 Y23.798 E632.50208
G1 X160.764 Y23.62 E632.51917
G1 X160.249 Y23.499 E632.53676
G1 X159.859 Y23.445 E632.54986
G1 X159.43 Y23.417 E632.56416
G1 X159.022 Y23.427 E632.57773
G1 X158.527 Y23.482 E632.5943
G1 X158.017 Y23.601 E632.61172
G1 X157.621 Y23.731 E632.62558
G1 X157.243 Y23.891 E632.63923
G1 X156.938 Y24.049 E632.65066
G1 X156.493 Y24.327 E632.66811
G1 X156.023 Y24.713 E632.68834
G1 X155.724 Y25.02 E632.70259
G1 X155.443 Y25.358 E632.71721
G1 X155.223 Y25.674 E632.73002
G1 X155.059 Y25.947 E632.74061
G1 X154.838 Y26.402 E632.75743
G1 X154.731 Y26.677 E632.76725
G1 X154.566 Y27.238 E632.7867
G1 X154.484 Y27.731 E632.80332
G1 X154.452 Y28.18 E632.81829
G1 X154.456 Y28.588 E632.83186
G1 X154.499 Y29.005 E632.8458
G1 X154.57 Y29.388 E632.85876
G1 X154.696 Y29.872 E632.87539
G1 X154.897 Y30.363 E632.89304
G1 X155.108 Y30.783 E632.90867
G1 X155.446 Y31.284 E632.92877
G1 X155.787 Y31.679 E632.94613
G1 X156.095 Y31.984 E632.96055
G1 X156.48 Y32.288 E632.97686
G1 X156.835 Y32.524 E632.99104
G1 X157.166 Y32.703 E633.00356
G1 X157.545 Y32.87 E633.01733
G1 X157.926 Y33.004 E633.03077
G1 X158.408 Y33.129 E633.04733
M204 S2000
G0 F9000 X158.467 Y32.836
G0 X160.521 Y32.553
G0 X161.445 Y32.173
G0 X161.95 Y31.81
G0 X163.872 Y30.327
M204 S500
G1 F1800 X164.681 Y30.076 E633.0755
G1 X165.276 Y29.974 E633.09558
G1 X165.818 Y29.925 E633.11368
G1 X167.582 Y29.92 E633.17235
G1 X167.352 Y29.641 E633.18438
G1 X167.22 Y29.42 E633.19294
G1 X167.058 Y29.002 E633.20785
G1 X166.936 Y28.434 E633.22717
G1 X167.011 Y27.734 E633.25059
G1 X167.207 Y27.226 E633.2687
G1 X167.393 Y26.931 E633.2803
G1 X167.585 Y26.717 E633.28986
G1 X166.156 Y26.717 E633.33739
G1 X165.593 Y26.693 E633.35613
G1 X165.043 Y26.619 E633.37459
G1 X164.579 Y26.521 E633.39036
G1 X163.866 Y26.304 E633.41515
G1 X163.97 Y26.533 E633.42351
G1 X164.162 Y27.153 E633.4451
G1 X164.244 Y27.58 E633.45956
G1 X164.295 Y28.097 E633.47684
G1 X164.286 Y28.655 E633.4954
G1 X164.219 Y29.247 E633.51522
G1 X164.042 Y29.906 E633.53791
G1 X163.872 Y30.327 E633.55302
M204 S2000
G0 F9000 X162.682 Y31.419
M204 S500
G1 F1777.8 X162.902 Y31.268 E633.562
G1 F1795.5 X163.317 Y31.025 E633.57804
G1 F1800 X163.746 Y30.818 E633.59388
G1 X164.142 Y30.661 E633.60805
G1 X164.777 Y30.466 E633.63014
G1 X165.423 Y30.358 E633.65193
G1 X165.944 Y30.32 E633.6693
G1 X168.409 Y30.32 E633.75129
G1 F1706.2 X168.952 Y30.296 E633.77036
G1 F1678.3 X168.711 Y30.214 E633.77944
G1 F1769 X168.453 Y30.099 E633.789
G1 F1800 X168.174 Y29.926 E633.79992
G1 X167.896 Y29.68 E633.81226
G1 X167.696 Y29.438 E633.82271
G1 X167.565 Y29.216 E633.83128
G1 X167.449 Y28.918 E633.84192
G1 X167.337 Y28.406 E633.85935
G1 X167.405 Y27.803 E633.87953
G1 X167.545 Y27.44 E633.89247
G1 X167.731 Y27.145 E633.90407
G1 X167.946 Y26.904 E633.91481
G1 X168.264 Y26.645 E633.92845
G1 X168.577 Y26.473 E633.94033
G1 F1782.2 X169.007 Y26.323 E633.95563
G1 X166.114 Y26.316 E634.05281
G1 F1800 X165.629 Y26.295 E634.06896
G1 X165.125 Y26.227 E634.08588
G1 X164.706 Y26.14 E634.10011
G1 X164.148 Y25.972 E634.11949
G1 X163.74 Y25.812 E634.13407
G1 F1804.5 X163.171 Y25.537 E634.15503
G1 F1809 X162.66 Y25.197 E634.17535
G1 F1804.5 X162.954 Y25.537 E634.19026
G1 F1800 X163.134 Y25.788 E634.20053
G1 X163.347 Y26.138 E634.21416
G1 X163.609 Y26.715 E634.23524
G1 X163.77 Y27.235 E634.25334
G1 X163.846 Y27.622 E634.26646
G1 X163.896 Y28.117 E634.28301
G1 X163.878 Y28.752 E634.30413
G1 X163.824 Y29.178 E634.31842
G1 X163.674 Y29.732 E634.33751
G1 X163.495 Y30.193 E634.35395
G1 X163.343 Y30.498 E634.36529
G1 X163.145 Y30.823 E634.37795
G1 X162.922 Y31.133 E634.39065
G1 F1782.2 X162.682 Y31.419 E634.40319
M204 S2000
G0 F9000 X164.595 Y30.704
G0 X168.399 Y29.967
G0 X168.514 Y29.692
M204 S500
G1 F1800 X168.092 Y29.32 E634.4219
G1 X167.859 Y28.927 E634.4371
G1 X167.744 Y28.365 E634.45618
G1 X167.799 Y27.871 E634.47271
G1 X167.883 Y27.654 E634.48045
G1 X168.121 Y27.276 E634.4953
G1 X168.516 Y26.956 E634.51221
G1 X168.704 Y26.853 E634.51934
G1 X169.133 Y26.717 E634.53431
G1 X174.53 Y26.719 E634.71382
G1 X174.759 Y26.763 E634.72157
G1 X175.176 Y26.934 E634.73656
G1 X175.499 Y27.21 E634.75069
G1 X175.642 Y27.389 E634.75831
G1 X175.906 Y27.896 E634.77732
G1 X175.949 Y28.429 E634.79511
G1 X175.867 Y28.839 E634.80902
G1 X175.658 Y29.249 E634.82432
G1 X175.34 Y29.579 E634.83957
G1 X174.984 Y29.794 E634.8534
G1 X174.502 Y29.913 E634.86991
G1 X169.225 Y29.91 E635.04542
G1 X168.868 Y29.838 E635.05754
G1 X168.514 Y29.692 E635.07027
M204 S2000
G0 F9000 X168.952 Y30.296
M204 S500
G1 F1698.1 X169.312 Y30.317 E635.08299
G1 F1782.2 X174.431 Y30.315 E635.25495
G1 F1747.6 X174.605 Y30.308 E635.26091
M204 S2000
G0 F9000 X176.139 Y29.916
M204 S500
G1 F1800 X179.185 Y29.914 E635.36222
G1 X178.963 Y29.577 E635.37565
G1 X178.85 Y29.333 E635.38459
G1 X178.737 Y28.967 E635.39733
G1 X178.639 Y28.356 E635.41791
G1 X178.689 Y27.856 E635.43462
G1 X178.761 Y27.565 E635.4446
G1 X178.887 Y27.219 E635.45684
G1 X179.162 Y26.719 E635.47582
G1 X176.112 Y26.719 E635.57727
G1 X176.352 Y27.02 E635.59007
G1 X176.561 Y27.422 E635.60514
G1 X176.705 Y27.866 E635.62066
G1 X176.756 Y28.466 E635.64069
G1 X176.667 Y28.918 E635.65601
G1 X176.543 Y29.274 E635.66855
G1 X176.412 Y29.532 E635.67818
G1 X176.139 Y29.916 E635.69385
M204 S2000
G0 F9000 X174.605 Y30.308
M204 S500
G1 F1756.1 X175.011 Y30.315 E635.70769
G1 F1800 X180.219 Y30.314 E635.88091
G1 X179.949 Y30.138 E635.89163
G1 X179.748 Y29.958 E635.9006
G1 X179.471 Y29.633 E635.91481
G1 X179.326 Y29.408 E635.92371
G1 X179.212 Y29.164 E635.93267
G1 X179.132 Y28.903 E635.94175
G1 X179.043 Y28.332 E635.96097
G1 X179.094 Y27.82 E635.97808
G1 X179.263 Y27.357 E635.99447
G1 X179.411 Y27.087 E636.00471
G1 X179.673 Y26.749 E636.01894
G1 X179.867 Y26.558 E636.02799
G1 X180.188 Y26.32 E636.04128
G1 F1795.5 X174.53 Y26.318 E636.22994
G1 X174.911 Y26.393 E636.24289
G1 F1800 X175.239 Y26.527 E636.25467
G1 X175.509 Y26.692 E636.2652
G1 X175.758 Y26.905 E636.2761
G1 X175.997 Y27.204 E636.28883
G1 X176.206 Y27.607 E636.30393
G1 X176.309 Y27.924 E636.31501
G1 X176.352 Y28.448 E636.3325
G1 X176.275 Y28.838 E636.34572
G1 X176.187 Y29.093 E636.35469
G1 X176.056 Y29.35 E636.36429
G1 X175.887 Y29.587 E636.37397
G1 X175.687 Y29.797 E636.38361
G1 X175.375 Y30.046 E636.39689
G1 X174.998 Y30.203 E636.41047
G1 F1756.1 X174.605 Y30.308 E636.42434
M204 S2000
G0 F9000 X175.493 Y29.766
G0 X175.855 Y29.386
G0 X176.093 Y28.922
G0 X176.19 Y28.45
G0 X176.142 Y27.834
G0 X175.778 Y27.132
G0 X175.389 Y26.805
G0 X174.53 Y26.318
M204 S500
G1 F1756.1 X169.038 Y26.323 E636.61157
M204 S2000
G0 F9000 X174.695 Y26.48
G0 X175.298 Y26.729
G0 X175.778 Y27.132
G0 X176.801 Y29.01
G0 X176.508 Y29.735
G0 X181.112 Y30.502
G0 X181.161 Y30.242
M204 S500
G1 F1659 X180.864 Y30.161 E636.62268
G1 F1760.4 X180.457 Y29.998 E636.63759
G1 F1800 X180.108 Y29.763 E636.65159
G1 X179.723 Y29.312 E636.67131
G1 X179.539 Y28.918 E636.68577
G1 X179.444 Y28.339 E636.70529
G1 X179.488 Y27.908 E636.7197
G1 X179.671 Y27.405 E636.7375
G1 X180.04 Y26.928 E636.75756
G1 X180.378 Y26.676 E636.77158
G1 F1773.4 X180.787 Y26.495 E636.78668
G1 F1655.2 X181.076 Y26.403 E636.79765
G1 F1582.4 X181.5 Y26.394 E636.81369
G1 F1603.6 X181.993 Y26.494 E636.83248
G1 F1614.3 X182.382 Y26.686 E636.84856
G1 F1610.7 X182.838 Y27.083 E636.87104
G1 F1607.1 X183.1 Y27.508 E636.88963
G1 F1614.3 X183.293 Y28.11 E636.91308
G1 F1607.1 X183.235 Y28.714 E636.93568
G1 F1585.9 X183.124 Y29.026 E636.94818
G1 F1582.4 X183.007 Y29.308 E636.95973
G1 F1592.9 X182.654 Y29.772 E636.98165
G1 F1585.9 X182.263 Y29.997 E636.99868
G1 F1600 X181.953 Y30.155 E637.01169
G1 F1632.7 X181.735 Y30.213 E637.01997
G1 F1621.6 X181.161 Y30.242 E637.04118
M204 S2000
G0 F9000 X180.902 Y29.748
M204 S500
;TYPE:WALL-OUTER
G1 F1800 X180.659 Y29.648 E637.04992
G1 X180.376 Y29.461 E637.06121
G1 X180.062 Y29.093 E637.0773
G1 X179.925 Y28.8 E637.08805
G1 X179.849 Y28.327 E637.10399
G1 X179.878 Y28.018 E637.11431
G1 X180.026 Y27.601 E637.12903
G1 X180.323 Y27.216 E637.1452
G1 X180.596 Y27.018 E637.15642
G1 X180.88 Y26.89 E637.16678
G1 X181.15 Y26.826 E637.17601
G1 X181.481 Y26.821 E637.18702
G1 X181.898 Y26.918 E637.20126
G1 X182.115 Y27.025 E637.2093
G1 X182.489 Y27.338 E637.22552
G1 X182.724 Y27.709 E637.24013
G1 X182.859 Y28.133 E637.25493
G1 X182.82 Y28.609 E637.27082
G1 X182.648 Y29.069 E637.28715
G1 X182.374 Y29.443 E637.30257
G1 X181.739 Y29.788 E637.32661
G1 X181.202 Y29.809 E637.34448
G1 X180.902 Y29.748 E637.35466
M204 S2000
G1 F2400 E636.55466
G0 F9000 X180.636 Y30.393
G0 X169.25 Y30.154
G0 X168.46 Y29.992
G0 X168.728 Y29.347
M204 S500
G1 F2400 E637.35466
G1 F1800 X168.402 Y29.06 E637.36911
G1 X168.238 Y28.781 E637.37987
G1 X168.149 Y28.363 E637.39409
G1 X168.196 Y27.907 E637.40933
G1 X168.424 Y27.546 E637.42354
G1 X168.795 Y27.245 E637.43943
G1 X169.177 Y27.119 E637.4528
G1 X174.573 Y27.119 E637.63228
G1 X174.965 Y27.28 E637.64637
G1 X175.269 Y27.54 E637.65968
G1 X175.515 Y28.012 E637.67738
G1 X175.543 Y28.424 E637.69111
G1 X175.474 Y28.729 E637.70151
G1 X175.329 Y29.014 E637.71215
G1 X175.067 Y29.277 E637.7245
G1 X174.802 Y29.427 E637.73462
G1 X174.466 Y29.511 E637.74614
G1 X169.283 Y29.514 E637.91853
G1 X169.07 Y29.483 E637.92569
G1 X168.728 Y29.347 E637.93793
M204 S2000
G1 F2400 E637.13793
G0 F9000 X168.46 Y29.992
G0 X164.808 Y30.625
G0 X163.784 Y30.977
G0 X161.037 Y32.374
G0 X160.077 Y32.646
G0 X159.451 Y32.671
G0 X158.437 Y32.673
G0 X158.623 Y32
M204 S500
G1 F2400 E637.93793
G1 F1800 X158.115 Y31.86 E637.95546
G1 X157.829 Y31.746 E637.9657
G1 X157.548 Y31.606 E637.97614
G1 X157.304 Y31.46 E637.9856
G1 X157.048 Y31.279 E637.99603
G1 X156.813 Y31.079 E638.00629
G1 X156.588 Y30.854 E638.01687
G1 X156.394 Y30.629 E638.02675
G1 X156.205 Y30.362 E638.03763
G1 X156.048 Y30.099 E638.04782
G1 X155.91 Y29.816 E638.05829
G1 X155.803 Y29.54 E638.06814
G1 X155.707 Y29.222 E638.07919
G1 X155.65 Y28.941 E638.08872
G1 X155.601 Y28.462 E638.10474
G1 X155.612 Y27.981 E638.12074
G1 X155.66 Y27.61 E638.13318
G1 X155.799 Y27.097 E638.15086
G1 X155.921 Y26.791 E638.16182
G1 X156.055 Y26.523 E638.17178
G1 X156.295 Y26.138 E638.18687
G1 X156.5 Y25.875 E638.19796
G1 X156.796 Y25.566 E638.2122
G1 X157.044 Y25.356 E638.223
G1 X157.299 Y25.174 E638.23342
G1 X157.565 Y25.015 E638.24373
G1 X157.847 Y24.877 E638.25417
G1 X158.127 Y24.768 E638.26417
G1 X158.429 Y24.677 E638.27466
G1 X158.74 Y24.615 E638.2852
G1 X159.2 Y24.568 E638.30058
G1 X159.52 Y24.569 E638.31123
G1 X159.842 Y24.596 E638.32197
G1 X160.139 Y24.648 E638.332
G1 X160.433 Y24.724 E638.3421
G1 X160.698 Y24.815 E638.35142
G1 X161.001 Y24.946 E638.3624
G1 X161.392 Y25.171 E638.37741
G1 X161.651 Y25.354 E638.38795
G1 X161.885 Y25.552 E638.39815
G1 X162.107 Y25.774 E638.40859
G1 X162.302 Y26.002 E638.41857
G1 X162.482 Y26.253 E638.42884
G1 X162.644 Y26.522 E638.43929
G1 X162.847 Y26.959 E638.45531
G1 X162.983 Y27.384 E638.47015
G1 X163.047 Y27.687 E638.48045
G1 X163.096 Y28.155 E638.49611
G1 X163.085 Y28.65 E638.51257
G1 X163.038 Y29.015 E638.52481
G1 X162.902 Y29.521 E638.54224
G1 X162.783 Y29.826 E638.55313
G1 X162.645 Y30.107 E638.56354
G1 X162.49 Y30.363 E638.5735
G1 X162.31 Y30.618 E638.58388
G1 X162.112 Y30.852 E638.59407
G1 X161.89 Y31.074 E638.60451
G1 X161.66 Y31.271 E638.61459
G1 X161.4 Y31.457 E638.62522
G1 X161.139 Y31.612 E638.63532
G1 X160.793 Y31.784 E638.64817
G1 X160.349 Y31.936 E638.66378
G1 X159.959 Y32.017 E638.67702
G1 X159.66 Y32.054 E638.68705
G1 X159.356 Y32.065 E638.69716
G1 X159.01 Y32.052 E638.70868
G1 X158.623 Y32 E638.72167
M204 S2000
G1 F2400 E637.92167
G0 F9000 X158.437 Y32.673
G0 X158.332 Y33.523
M204 S500
G1 F2400 E638.72167
G1 F1800 X158.89 Y33.594 E638.74038
G1 X159.361 Y33.615 E638.75606
G1 X159.789 Y33.596 E638.77031
G1 X160.338 Y33.528 E638.7887
G1 X160.858 Y33.397 E638.80654
G1 X161.28 Y33.252 E638.82138
G1 X161.768 Y33.037 E638.83912
G1 X162.239 Y32.757 E638.85734
G1 X162.603 Y32.498 E638.8722
G1 X162.938 Y32.226 E638.88655
G1 F1804.5 X163.314 Y31.957 E638.90189
G1 X163.669 Y31.744 E638.91563
G1 F1800 X164.041 Y31.562 E638.9294
G1 X164.452 Y31.4 E638.9441
G1 X164.971 Y31.244 E638.96212
G1 X165.496 Y31.155 E638.97983
G1 X165.931 Y31.12 E638.99435
G1 X181.444 Y31.114 E639.51031
G1 X181.798 Y31.079 E639.52214
G1 X182.253 Y30.964 E639.53775
G1 X182.677 Y30.781 E639.55311
G1 X182.959 Y30.605 E639.56417
G1 X183.326 Y30.309 E639.57985
G1 X183.7 Y29.857 E639.59936
G1 X183.951 Y29.351 E639.61815
G1 X184.082 Y28.914 E639.63332
G1 X184.145 Y28.445 E639.64906
G1 X184.135 Y27.965 E639.66503
G1 X183.998 Y27.412 E639.68398
G1 X183.814 Y26.988 E639.69935
G1 X183.584 Y26.618 E639.71384
G1 X183.335 Y26.342 E639.7262
G1 X182.988 Y26.045 E639.7414
G1 X182.591 Y25.806 E639.75681
G1 X182.062 Y25.597 E639.77573
G1 X181.476 Y25.52 E639.79538
G1 X166.104 Y25.515 E640.30666
G1 X165.692 Y25.497 E640.32038
G1 X165.313 Y25.448 E640.33309
G1 X164.852 Y25.352 E640.34875
G1 X164.44 Y25.228 E640.36306
G1 X164.035 Y25.067 E640.37755
G1 X163.557 Y24.832 E640.39527
G1 X163.116 Y24.542 E640.41282
G1 X162.539 Y24.086 E640.43729
G1 X162.154 Y23.819 E640.45287
G1 X161.78 Y23.606 E640.46718
G1 X161.4 Y23.428 E640.48114
G1 X160.88 Y23.236 E640.49958
G1 X160.323 Y23.105 E640.51861
G1 X159.915 Y23.047 E640.53231
G1 X159.454 Y23.017 E640.54768
G1 X159.028 Y23.026 E640.56185
G1 X158.459 Y23.087 E640.58089
G1 X157.909 Y23.215 E640.59967
G1 X157.496 Y23.349 E640.61411
G1 X157.086 Y23.522 E640.62891
G1 X156.74 Y23.701 E640.64187
G1 X156.259 Y24.001 E640.66072
G1 X155.752 Y24.418 E640.68256
G1 X155.427 Y24.752 E640.69806
G1 X155.134 Y25.102 E640.71324
G1 X154.893 Y25.444 E640.72715
G1 X154.679 Y25.809 E640.74123
G1 X154.476 Y26.229 E640.75674
G1 X154.329 Y26.612 E640.77039
G1 X154.174 Y27.15 E640.78901
G1 X154.086 Y27.684 E640.80701
G1 X154.052 Y28.153 E640.82265
G1 X154.056 Y28.609 E640.83781
G1 X154.1 Y29.046 E640.85242
G1 X154.175 Y29.461 E640.86645
G1 X154.316 Y29.998 E640.88492
G1 X154.526 Y30.515 E640.90348
G1 X154.762 Y30.985 E640.92097
G1 X155.127 Y31.528 E640.94273
G1 X155.478 Y31.934 E640.96058
G1 X155.829 Y32.284 E640.97707
G1 X156.245 Y32.612 E640.99469
G1 X156.655 Y32.885 E641.01107
G1 X156.669 Y32.885 E641.01153
G1 X156.987 Y33.061 E641.02362
G1 X157.384 Y33.237 E641.03807
G1 X157.809 Y33.387 E641.05306
G1 X158.332 Y33.523 E641.07103
M204 S2000
G0 F9000 X158.467 Y32.836
G0 X160.521 Y32.553
G0 X161.445 Y32.173
G0 X162.166 Y31.655
G0 X164.208 Y29.68
G0 X164.459 Y29.747
M204 S500
;TYPE:SKIN
G1 F1800 X164.574 Y29.317 E641.08583
G1 X164.647 Y28.659 E641.10785
G1 X164.655 Y28.063 E641.12768
G1 X164.602 Y27.542 E641.1451
G1 X164.477 Y26.869 E641.16786
G1 X164.944 Y26.968 E641.18374
G1 X165.488 Y27.044 E641.20201
G1 X166.135 Y27.076 E641.22356
G1 X166.882 Y27.078 E641.2484
G1 X166.656 Y27.669 E641.26945
G1 X166.59 Y28.272 E641.28962
G1 X166.596 Y28.572 E641.2996
G1 X166.712 Y29.108 E641.31784
G1 X166.888 Y29.559 E641.33394
G1 X165.791 Y29.565 E641.37043
G1 X165.219 Y29.617 E641.38953
G1 X164.459 Y29.747 E641.41518
M204 S2000
G0 F9000 X164.806 Y29.042
M204 S500
G1 F1800 X165.182 Y29.418 E641.43287
M204 S2000
G0 F9000 X165.701 Y29.371
M204 S500
G1 F1800 X164.847 Y28.517 E641.47303
M204 S2000
G0 F9000 X164.843 Y27.947
M204 S500
G1 F1800 X166.257 Y29.361 E641.53955
M204 S2000
G0 F9000 X166.487 Y29.026
M204 S500
G1 F1800 X164.779 Y27.318 E641.61988
M204 S2000
G0 F9000 X165.238 Y27.211
M204 S500
G1 F1800 X166.391 Y28.364 E641.67412
M204 S2000
G0 F9000 X166.435 Y27.843
M204 S500
G1 F1800 X165.856 Y27.263 E641.70138
M204 S2000
G0 F9000 X166.491 Y27.332
M204 S500
G1 F1800 X166.548 Y27.389 E641.70406
M204 S2000
G0 F9000 X166.976 Y27.555
G0 X168.487 Y26.675
G0 X169.076 Y26.478
G0 X174.695 Y26.48
G0 X175.298 Y26.729
G0 X175.73 Y27.092
G0 X176.767 Y28.933
G0 X177.424 Y29.127
M204 S500
G1 F1589.4 X177.961 Y29.123 E641.72428
G1 X177.924 Y28.868 E641.73399
G1 F1722.5 X177.886 Y28.373 E641.75125
G1 F1747.6 X177.915 Y27.747 E641.77271
G1 F1636.4 X177.975 Y27.501 E641.78198
G1 X177.405 Y27.5 E641.80283
G1 F1640.1 X177.478 Y27.744 E641.81213
G1 F1730.8 X177.514 Y28.533 E641.83945
G1 F1702.1 X177.479 Y28.858 E641.85095
G1 F1589.4 X177.424 Y29.127 E641.86129
M204 S2000
G0 F9000 X176.824 Y29.554
M204 S500
G1 F1800 X178.542 Y29.553 E641.91843
G1 X178.386 Y29.051 E641.93591
G1 X178.277 Y28.381 E641.95849
G1 X178.331 Y27.805 E641.97773
G1 X178.416 Y27.462 E641.98949
G1 X178.555 Y27.079 E642.00304
G1 X176.789 Y27.08 E642.06178
G1 X176.893 Y27.284 E642.06939
G1 X177.062 Y27.814 E642.08789
G1 X177.116 Y28.48 E642.11012
G1 X177.023 Y28.983 E642.12713
G1 X176.824 Y29.554 E642.14724
M204 S2000
G0 F9000 X176.824 Y30.115
G1 F2400 E641.34724
;MESH:part_4.stl
G0 F9000 X165.915 Y30.902
G0 X165.959 Y31.985
G0 X165.826 Y36.003
G0 X165.063 Y36.766
G0 X162.169 Y41.153
M204 S500
;TYPE:WALL-INNER
G1 F2400 E642.14724
G1 F1392.6 X161.882 Y41.413 E642.16389
G1 F1358.5 X161.422 Y41.914 E642.19386
M204 S2000
G0 F9000 X158.802 Y44.666
G0 X159.87 Y46.787
G0 X156.154 Y51.312
M204 S500
G1 F1804.5 X159.689 Y47.777 E642.35972
G1 X160.048 Y47.546 E642.37389
G1 F1800 X160.353 Y47.484 E642.38424
G1 X160.679 Y47.524 E642.39516
G1 X161.036 Y47.713 E642.4086
G1 X162.565 Y49.235 E642.48035
G1 X163.063 Y48.88 E642.50069
G1 X163.307 Y48.725 E642.51031
G1 X163.901 Y48.403 E642.53278
G1 X164.445 Y48.162 E642.55257
G1 X165.096 Y47.933 E642.57552
G1 X165.779 Y47.761 E642.59895
G1 X166.322 Y47.67 E642.61726
G1 X166.976 Y47.612 E642.6391
G1 X167.367 Y47.603 E642.65211
G1 X167.747 Y47.613 E642.66475
G1 X168.383 Y47.67 E642.68599
G1 X168.646 Y47.71 E642.69484
G1 X169.26 Y47.84 E642.71571
G1 X181.325 Y51.071 E643.13114
G1 F1481.5 X181.503 Y51.043 E643.13842
G1 F1281.1 X181.983 Y51.269 E643.16321
G1 F1304.3 X182.253 Y51.364 E643.17635
G1 F1297.3 X182.497 Y51.423 E643.18793
G1 F1299.6 X182.902 Y51.487 E643.20682
G1 F1304.3 X183.226 Y51.491 E643.22169
G1 F1306.7 X183.506 Y51.467 E643.23457
G1 F1304.3 X183.895 Y51.386 E643.25281
G1 X184.239 Y51.269 E643.26948
G1 F1309.1 X184.614 Y51.084 E643.28861
G1 F1311.5 X184.998 Y50.815 E643.31001
G1 F1302 X185.285 Y50.524 E643.3288
G1 X185.444 Y50.329 E643.34037
G1 F1306.7 X185.631 Y50.043 E643.35603
G1 F1304.3 X185.758 Y49.806 E643.36837
G1 F1306.7 X185.897 Y49.472 E643.38494
G1 X186.033 Y48.811 E643.41586
G1 F1313.9 X186.028 Y48.32 E643.43824
G1 F1323.5 X185.969 Y47.94 E643.45563
G1 F1330.9 X185.903 Y47.695 E643.46705
G1 F1313.9 X185.802 Y47.429 E643.48001
G1 F1302 X185.607 Y47.038 E643.5001
G1 F1306.7 X185.412 Y46.77 E643.51529
G1 X185.172 Y46.487 E643.53229
G1 F1304.3 X184.757 Y46.149 E643.55685
G1 F1302 X184.331 Y45.905 E643.57943
G1 F1306.7 X183.799 Y45.728 E643.60512
G1 F1309.1 X183.547 Y45.679 E643.61686
G1 F1306.7 X183.253 Y45.647 E643.6304
G1 F1316.3 X182.971 Y45.644 E643.64323
G1 F1321.1 X182.58 Y45.683 E643.66104
G1 F1311.5 X182.084 Y45.829 E643.68464
G1 F1306.7 X181.809 Y45.942 E643.69826
G1 F1304.3 X181.427 Y46.176 E643.71882
G1 X181.174 Y46.379 E643.73371
G1 F1283.4 X180.89 Y46.645 E643.75186
G1 F1350.8 X180.741 Y46.697 E643.75886
G1 F1607.1 X180.26 Y46.936 E643.77887
G1 F1800 X179.866 Y47.091 E643.79295
G1 X179.142 Y47.248 E643.81759
G1 X178.44 Y47.191 E643.84101
G1 X171.337 Y45.291 E644.08557
G1 X170.82 Y45.091 E644.104
G1 X170.314 Y44.738 E644.12452
G1 X170.144 Y44.554 E644.13286
G1 X169.765 Y43.883 E644.15849
G1 X169.617 Y43.283 E644.17904
G1 X169.642 Y42.745 E644.19696
G1 X169.686 Y42.497 E644.20533
G1 X169.752 Y42.285 E644.21272
G1 X168.057 Y40.585 E644.29256
G1 X167.922 Y40.282 E644.3036
G1 X167.882 Y39.955 E644.31455
G1 X167.944 Y39.65 E644.3249
G1 F1791 X168.115 Y39.353 E644.33636
G1 X171.709 Y35.756 E644.50633
G1 F1804.5 X171.427 Y35.474 E644.51956
G1 F1791 X167.83 Y39.068 E644.68953
G1 X167.534 Y39.24 E644.70097
G1 F1800 X167.229 Y39.302 E644.71132
G1 X167.029 Y39.291 E644.71798
G1 X166.69 Y39.172 E644.72993
G1 X166.477 Y39.01 E644.73883
G1 X165.064 Y37.596 E644.80532
G1 X157.994 Y44.666 E645.13787
G1 X159.466 Y46.138 E645.20711
G1 X159.582 Y46.315 E645.21415
G1 X159.687 Y46.63 E645.22519
G1 X159.699 Y46.83 E645.23186
G1 X159.637 Y47.135 E645.24221
G1 F1804.5 X159.407 Y47.495 E645.25638
G1 X155.872 Y51.03 E645.42224
G1 X156.154 Y51.312 E645.43547
M204 S2000
G0 F9000 X156.154 Y51.877
M204 S500
G1 F1800 X159.971 Y48.059 E645.61504
G1 X160.187 Y47.921 E645.62356
G1 X160.37 Y47.884 E645.62977
G1 X160.566 Y47.908 E645.63634
G1 X160.78 Y48.021 E645.64439
G1 X162.539 Y49.776 E645.72703
G1 X162.755 Y49.592 E645.73647
G1 X163.276 Y49.218 E645.7578
G1 X163.52 Y49.064 E645.7674
G1 X164.073 Y48.764 E645.78832
G1 X164.653 Y48.51 E645.80938
G1 X165.234 Y48.31 E645.82982
G1 X165.795 Y48.166 E645.84908
G1 X166.438 Y48.058 E645.87077
G1 X167.01 Y48.011 E645.88986
G1 X167.358 Y48.003 E645.90143
G1 X167.713 Y48.012 E645.91324
G1 X168.323 Y48.066 E645.93361
G1 X168.586 Y48.106 E645.94246
G1 X169.205 Y48.239 E645.96352
G1 X181.266 Y51.47 E646.37881
G1 X181.835 Y51.72 E646.39949
G1 X182.114 Y51.819 E646.40933
G1 X182.385 Y51.889 E646.41864
G1 X182.675 Y51.94 E646.42843
G1 X182.936 Y51.966 E646.43716
G1 X183.245 Y51.967 E646.44744
G1 X183.574 Y51.938 E646.45842
G1 X184.021 Y51.847 E646.47359
G1 X184.421 Y51.709 E646.48767
G1 X184.715 Y51.565 E646.49855
G1 X184.949 Y51.426 E646.50761
G1 X185.185 Y51.26 E646.5172
G1 X185.402 Y51.08 E646.52658
G1 X185.642 Y50.843 E646.5378
G1 X185.853 Y50.575 E646.54914
G1 X186.035 Y50.299 E646.56014
G1 X186.17 Y50.049 E646.56959
G1 X186.276 Y49.804 E646.57847
G1 X186.365 Y49.546 E646.58755
G1 X186.436 Y49.265 E646.59719
G1 X186.484 Y48.973 E646.60703
G1 X186.507 Y48.72 E646.61548
G1 X186.505 Y48.396 E646.62625
G1 X186.48 Y48.139 E646.63484
G1 X186.428 Y47.841 E646.6449
G1 X186.357 Y47.567 E646.65432
G1 X186.242 Y47.243 E646.66575
G1 X186.093 Y46.942 E646.67692
G1 X185.949 Y46.702 E646.68623
G1 X185.795 Y46.486 E646.69506
G1 X185.597 Y46.252 E646.70525
G1 X185.401 Y46.059 E646.7144
G1 X185.173 Y45.869 E646.72427
G1 X184.939 Y45.705 E646.73378
G1 X184.699 Y45.564 E646.74303
G1 X184.432 Y45.437 E646.75287
G1 X184.197 Y45.348 E646.76123
G1 X183.911 Y45.266 E646.77112
G1 X183.63 Y45.21 E646.78065
G1 X183.276 Y45.17 E646.7925
G1 X182.906 Y45.176 E646.80481
G1 X182.633 Y45.202 E646.81393
G1 X182.355 Y45.254 E646.82334
G1 X182.085 Y45.326 E646.83263
G1 X181.762 Y45.443 E646.84406
G1 X181.461 Y45.596 E646.85529
G1 X181.153 Y45.786 E646.86732
G1 X180.856 Y46.024 E646.87998
G1 X180.594 Y46.259 E646.89169
G1 X180.156 Y46.546 E646.9091
G1 X179.752 Y46.711 E646.92362
G1 X179.111 Y46.845 E646.9454
G1 X178.508 Y46.795 E646.96552
G1 X171.44 Y44.904 E647.20888
G1 X171.001 Y44.731 E647.22457
G1 X170.501 Y44.372 E647.24504
G1 X170.131 Y43.721 E647.26995
G1 X170.025 Y43.241 E647.2863
G1 X170.045 Y42.69 E647.30463
G1 X170.205 Y42.173 E647.32264
G1 X168.387 Y40.351 E647.40824
G1 X168.306 Y40.169 E647.41487
G1 X168.282 Y39.972 E647.42147
G1 X168.319 Y39.789 E647.42768
G1 X168.422 Y39.612 E647.43449
G1 X172.274 Y35.756 E647.61577
G1 X171.427 Y34.909 E647.65561
G1 X167.571 Y38.761 E647.83689
G1 X167.395 Y38.865 E647.84369
G1 X167.212 Y38.902 E647.8499
G1 X166.988 Y38.87 E647.85743
G1 X166.803 Y38.766 E647.86448
G1 X165.064 Y37.03 E647.94621
G1 X157.428 Y44.666 E648.30539
G1 X159.151 Y46.391 E648.38648
G1 X159.292 Y46.693 E648.39756
G1 X159.262 Y46.996 E648.40769
G1 X159.124 Y47.212 E648.41621
G1 X155.307 Y51.03 E648.59578
G1 X156.154 Y51.877 E648.63562
M204 S2000
G0 F9000 X156.154 Y51.495
G0 X160.396 Y47.313
G0 X162.599 Y48.703
M204 S500
G1 F1800 X163.093 Y48.387 E648.65512
G1 X163.728 Y48.042 E648.67916
G1 X164.283 Y47.796 E648.69935
G1 X164.981 Y47.55 E648.72397
G1 X165.596 Y47.391 E648.74509
G1 X166.371 Y47.261 E648.77123
G1 X167.031 Y47.209 E648.79325
G1 X167.376 Y47.203 E648.80473
G1 X167.782 Y47.215 E648.81824
G1 X168.353 Y47.264 E648.8373
G1 X168.789 Y47.33 E648.85196
G1 X169.344 Y47.449 E648.87084
G1 X181.428 Y50.684 E649.28691
G1 X181.099 Y50.378 E649.30186
G1 X180.816 Y50.001 E649.31753
G1 X180.654 Y49.688 E649.32926
G1 X180.55 Y49.423 E649.33872
G1 X180.476 Y49.16 E649.34781
G1 X180.427 Y48.867 E649.35769
G1 X180.402 Y48.432 E649.37218
G1 X180.438 Y48.086 E649.38375
G1 X180.621 Y47.501 E649.40414
G1 X180.729 Y47.253 E649.41314
G1 X180.902 Y47.013 E649.42298
G1 X180.65 Y47.18 E649.43303
G1 X180.412 Y47.307 E649.44201
G1 X179.981 Y47.474 E649.45738
G1 X179.164 Y47.652 E649.48519
G1 X178.376 Y47.588 E649.51149
G1 X171.144 Y45.653 E649.76048
G1 X170.76 Y45.496 E649.77428
G1 X170.488 Y45.347 E649.7846
G1 X170.163 Y45.12 E649.79778
G1 X169.872 Y44.871 E649.81052
G1 X169.485 Y44.209 E649.83603
G1 X169.375 Y43.967 E649.84487
G1 X169.259 Y43.504 E649.86074
G1 X169.218 Y43.247 E649.8694
G1 X169.243 Y42.725 E649.88678
G1 X169.3 Y42.4 E649.89775
G1 X167.829 Y40.924 E649.96706
G1 X167.601 Y40.566 E649.98118
G1 X167.498 Y40.218 E649.99325
G1 X167.482 Y39.937 E650.00261
G1 X167.542 Y39.642 E650.01262
G1 X167.247 Y39.702 E650.02264
G1 X166.844 Y39.679 E650.03606
G1 X166.379 Y39.468 E650.05305
G1 X165.064 Y38.162 E650.11469
G1 X162.642 Y40.586 E650.22866
G1 F1734.9 X162.346 Y40.901 E650.24358
G1 F1493.8 X162.169 Y41.153 E650.25592
G1 F1541.8 X162.839 Y40.861 E650.2843
G1 F1800 X163.376 Y40.718 E650.30278
G1 X163.886 Y40.687 E650.31978
G1 X164.482 Y40.781 E650.33984
G1 X165.104 Y41.027 E650.36209
G1 X165.342 Y41.192 E650.37172
G1 X165.73 Y41.519 E650.3886
G1 X165.904 Y41.701 E650.39697
G1 X166.268 Y42.291 E650.42003
G1 X166.432 Y42.81 E650.43813
G1 X166.507 Y43.146 E650.44959
G1 X166.434 Y43.98 E650.47743
G1 X166.154 Y44.724 E650.50387
G1 X165.825 Y45.162 E650.52209
G1 X165.603 Y45.391 E650.5327
G1 X165.301 Y45.637 E650.54565
G1 X164.975 Y45.846 E650.55853
G1 X164.18 Y46.085 E650.58614
G1 X163.865 Y46.108 E650.59665
G1 X163.224 Y46.041 E650.61808
G1 X162.7 Y45.875 E650.63637
G1 X162.209 Y45.583 E650.65537
G1 X161.663 Y45.099 E650.67963
G1 X161.486 Y44.826 E650.69046
G1 X161.213 Y44.24 E650.71196
G1 X161.111 Y43.766 E650.72808
G1 X161.092 Y43.258 E650.74499
G1 X161.159 Y42.774 E650.76124
G1 X161.301 Y42.335 E650.77659
G1 F1500 X161.422 Y41.914 E650.79407
G1 X161.047 Y42.18 E650.81242
G1 F1800 X158.56 Y44.666 E650.92938
G1 X159.754 Y45.864 E650.98564
G1 X159.916 Y46.092 E650.99494
G1 X160.075 Y46.446 E651.00785
G1 X160.099 Y46.848 E651.02124
G1 X160.039 Y47.144 E651.03129
G1 X160.335 Y47.084 E651.04133
G1 X160.716 Y47.107 E651.05403
G1 X161.103 Y47.275 E651.06806
G1 X161.292 Y47.405 E651.07569
G1 X162.599 Y48.703 E651.13695
M204 S2000
G0 F9000 X160.273 Y46.91
G0 X158.802 Y44.666
G0 X161.073 Y42.422
G0 X162.26 Y45.293
G0 X163.316 Y45.65
M204 S500
G1 F1800 X162.866 Y45.508 E651.15265
G1 X162.445 Y45.26 E651.1689
G1 X162.048 Y44.906 E651.18659
G1 X161.839 Y44.637 E651.19792
G1 X161.584 Y44.09 E651.21799
G1 X161.511 Y43.751 E651.22953
G1 X161.492 Y43.243 E651.24644
G1 X161.54 Y42.897 E651.25805
G1 X161.682 Y42.458 E651.2734
G1 X161.815 Y42.19 E651.28335
G1 X162.2 Y41.731 E651.30328
G1 X162.528 Y41.461 E651.31741
G1 X163.017 Y41.219 E651.33555
G1 X163.4 Y41.117 E651.34874
G1 X163.91 Y41.086 E651.36573
G1 X164.336 Y41.153 E651.38007
G1 X164.975 Y41.406 E651.40293
G1 X165.549 Y41.888 E651.42786
G1 X165.901 Y42.455 E651.45006
G1 X166.109 Y43.116 E651.47311
G1 X166.042 Y43.891 E651.49898
G1 X165.796 Y44.536 E651.52194
G1 X165.441 Y45.008 E651.54158
G1 X165.047 Y45.327 E651.55844
G1 X164.81 Y45.48 E651.56783
G1 X164.005 Y45.712 E651.59569
G1 X163.316 Y45.65 E651.6187
M204 S2000
G0 F9000 X163.431 Y45.259
M204 S500
G1 F1800 X163.032 Y45.141 E651.63254
G1 X162.681 Y44.936 E651.64606
G1 X162.231 Y44.533 E651.66615
G1 X161.915 Y43.854 E651.69106
G1 X161.892 Y43.228 E651.71189
G1 X161.92 Y43.02 E651.71887
G1 X162.096 Y42.475 E651.73792
G1 X162.483 Y42.014 E651.75794
G1 X162.743 Y41.803 E651.76908
G1 X163.195 Y41.578 E651.78587
G1 X163.425 Y41.517 E651.79379
G1 X163.934 Y41.485 E651.81075
G1 X164.19 Y41.526 E651.81937
G1 X164.777 Y41.762 E651.84042
G1 X165.244 Y42.154 E651.8607
G1 X165.534 Y42.622 E651.87901
G1 X165.705 Y43.163 E651.89788
G1 X165.649 Y43.804 E651.91928
G1 X165.437 Y44.355 E651.93892
G1 X165.148 Y44.728 E651.95461
G1 X164.701 Y45.094 E651.97382
G1 X163.956 Y45.313 E651.99965
G1 X163.431 Y45.259 E652.01721
M204 S2000
G1 F2400 E651.21721
G0 F9000 X163.4 Y45.556
G0 X161.402 Y45.024
G0 X161.073 Y42.422
G0 X158.802 Y44.666
G0 X160.273 Y46.91
G0 X162.625 Y48.489
G0 X168.156 Y47.534
G0 X182.278 Y50.804
M204 S500
G1 F2400 E652.01721
G1 F1281.1 X181.763 Y50.534 E652.04438
G1 F1481.5 X181.681 Y50.373 E652.05168
G1 F1800 X181.374 Y50.087 E652.06564
G1 X181.172 Y49.818 E652.07682
G1 X180.963 Y49.415 E652.09192
G1 X180.832 Y48.943 E652.10822
G1 X180.802 Y48.424 E652.12551
G1 X180.828 Y48.177 E652.13377
G1 X181.002 Y47.623 E652.15308
G1 F1629 X181.237 Y47.103 E652.17405
G1 F1434.3 X181.643 Y46.685 E652.19838
G1 F1345.8 X182.203 Y46.365 E652.22707
G1 F1313.9 X182.789 Y46.205 E652.25475
G1 F1321.1 X183.108 Y46.189 E652.26922
G1 F1318.7 X183.614 Y46.24 E652.29231
G1 F1316.3 X184.269 Y46.482 E652.32407
G1 F1313.9 X184.823 Y46.911 E652.356
G1 F1311.5 X185.093 Y47.263 E652.37625
G1 F1313.9 X185.375 Y47.803 E652.40401
G1 F1321.1 X185.459 Y48.128 E652.41922
G1 F1318.7 X185.482 Y48.747 E652.44734
G1 F1313.9 X185.355 Y49.358 E652.47578
G1 F1309.1 X185.252 Y49.587 E652.48726
G1 F1306.7 X185.043 Y49.955 E652.50665
G1 F1311.5 X184.696 Y50.34 E652.53031
G1 F1316.3 X184.488 Y50.519 E652.54279
G1 F1321.1 X183.993 Y50.781 E652.56817
G1 F1316.3 X183.48 Y50.922 E652.59237
G1 F1311.5 X182.937 Y50.944 E652.61718
G1 F1306.7 X182.278 Y50.804 E652.64805
M204 S2000
G0 F9000 X182.433 Y50.351
M204 S500
G1 F1800 X181.96 Y50.087 E652.66606
G1 X181.575 Y49.728 E652.68357
G1 X181.339 Y49.27 E652.70071
G1 X181.228 Y48.878 E652.71426
G1 X181.197 Y48.33 E652.73251
G1 X181.424 Y47.62 E652.75731
G1 X181.934 Y47.066 E652.78235
G1 X182.407 Y46.799 E652.80042
G1 X182.951 Y46.647 E652.8192
G1 X183.545 Y46.718 E652.8391
G1 X184.027 Y46.897 E652.8562
G1 X184.487 Y47.257 E652.87563
G1 X184.709 Y47.544 E652.8877
G1 X184.98 Y48.088 E652.90791
G1 X185.008 Y48.673 E652.92739
G1 X184.891 Y49.238 E652.94658
G1 X184.67 Y49.653 E652.96222
G1 X184.287 Y50.087 E652.98147
G1 X183.781 Y50.348 E653.00041
G1 X183.443 Y50.442 E653.01208
G1 X183.02 Y50.468 E653.02617
G1 X182.433 Y50.351 E653.04608
M204 S2000
G0 F9000 X182.556 Y49.964
M204 S500
;TYPE:WALL-OUTER
G1 F1800 X182.185 Y49.752 E653.06029
G1 X181.899 Y49.482 E653.07337
G1 X181.706 Y49.099 E653.08764
G1 X181.625 Y48.794 E653.09813
G1 X181.6 Y48.376 E653.11206
G1 X181.78 Y47.832 E653.13112
G1 X182.168 Y47.402 E653.15038
G1 X182.547 Y47.178 E653.16503
G1 X182.978 Y47.058 E653.17991
G1 X183.419 Y47.1 E653.19464
G1 X183.813 Y47.244 E653.20859
G1 X184.205 Y47.543 E653.22499
G1 X184.365 Y47.75 E653.23369
G1 X184.581 Y48.19 E653.25
G1 X184.609 Y48.619 E653.26429
G1 X184.505 Y49.123 E653.28141
G1 X184.335 Y49.433 E653.29317
G1 X184.019 Y49.778 E653.30873
G1 X183.651 Y49.969 E653.32252
G1 X183.362 Y50.05 E653.3325
G1 X183.038 Y50.068 E653.3433
G1 X182.556 Y49.964 E653.3597
M204 S2000
G1 F2400 E652.5597
G0 F9000 X182.209 Y50.572
G0 X180.323 Y49.206
G0 X180.43 Y47.496
G0 X169.682 Y44.877
G0 X169.125 Y42.458
G0 X167.308 Y39.875
G0 X165.064 Y38.405
G0 X162.822 Y40.674
G0 X166.364 Y42.141
G0 X165.703 Y45.517
G0 X165.212 Y45.888
G0 X162.823 Y45.366
G0 X163.169 Y44.759
M204 S500
G1 F2400 E653.3597
G1 F1800 X162.911 Y44.609 E653.36962
G1 X162.564 Y44.29 E653.3853
G1 X162.313 Y43.763 E653.40471
G1 X162.291 Y43.175 E653.42429
G1 X162.454 Y42.669 E653.44197
G1 X162.766 Y42.297 E653.45812
G1 X162.986 Y42.128 E653.46734
G1 X163.408 Y41.918 E653.48302
G1 X164.004 Y41.882 E653.50288
G1 X164.55 Y42.098 E653.52241
G1 X164.936 Y42.421 E653.53915
G1 X165.159 Y42.774 E653.55304
G1 X165.297 Y43.21 E653.56825
G1 X165.254 Y43.721 E653.5853
G1 X165.074 Y44.171 E653.60142
G1 X164.875 Y44.429 E653.61226
G1 X164.516 Y44.726 E653.62776
G1 X163.925 Y44.908 E653.64832
G1 X163.49 Y44.863 E653.66287
G1 X163.169 Y44.759 E653.67409
M204 S2000
G1 F2400 E652.87409
G0 F9000 X162.823 Y45.366
G0 X161.262 Y42.116
G0 X158.442 Y44.666
G0 X159.863 Y46.514
G0 X156.154 Y52.061
G0 X156.154 Y52.443
M204 S500
G1 F2400 E653.67409
G1 F1800 X160.299 Y48.297 E653.86908
G1 X160.486 Y48.291 E653.87531
G1 X162.516 Y50.319 E653.97074
G1 X163.027 Y49.888 E653.99298
G1 X163.49 Y49.556 E654.01193
G1 X163.745 Y49.396 E654.02194
G1 X164.251 Y49.123 E654.04106
G1 X164.784 Y48.888 E654.06044
G1 X165.334 Y48.698 E654.07979
G1 X165.911 Y48.55 E654.0996
G1 X166.471 Y48.457 E654.11849
G1 X167.056 Y48.409 E654.13801
G1 X167.349 Y48.403 E654.14775
G1 X167.678 Y48.41 E654.1587
G1 X168.263 Y48.462 E654.17823
G1 X168.537 Y48.504 E654.18745
G1 X169.101 Y48.625 E654.20664
G1 X181.146 Y51.854 E654.6214
G1 X181.687 Y52.092 E654.64106
G1 X181.996 Y52.202 E654.65197
G1 X182.3 Y52.281 E654.66242
G1 X182.621 Y52.337 E654.67325
G1 X182.916 Y52.366 E654.68311
G1 X183.261 Y52.367 E654.69459
G1 X183.632 Y52.335 E654.70697
G1 X184.127 Y52.233 E654.72378
G1 X184.575 Y52.079 E654.73954
G1 X184.905 Y51.917 E654.75177
G1 X185.167 Y51.762 E654.76189
G1 X185.428 Y51.578 E654.77251
G1 X185.671 Y51.377 E654.783
G1 X185.941 Y51.11 E654.79563
G1 X186.178 Y50.809 E654.80837
G1 X186.379 Y50.505 E654.8205
G1 X186.53 Y50.224 E654.83111
G1 X186.65 Y49.949 E654.84108
G1 X186.749 Y49.66 E654.85125
G1 X186.828 Y49.347 E654.86198
G1 X186.882 Y49.023 E654.87291
G1 X186.907 Y48.736 E654.88249
G1 X186.905 Y48.376 E654.89446
G1 X186.877 Y48.086 E654.90415
G1 X186.82 Y47.756 E654.91529
G1 X186.74 Y47.449 E654.92584
G1 X186.611 Y47.087 E654.93862
G1 X186.445 Y46.75 E654.95112
G1 X186.284 Y46.482 E654.96152
G1 X186.111 Y46.24 E654.97141
G1 X185.89 Y45.98 E654.98276
G1 X185.67 Y45.763 E654.99304
G1 X185.417 Y45.551 E655.00402
G1 X185.155 Y45.368 E655.01465
G1 X184.887 Y45.21 E655.02499
G1 X184.59 Y45.069 E655.03593
G1 X184.323 Y44.968 E655.04542
G1 X184.005 Y44.877 E655.05643
G1 X183.691 Y44.814 E655.06708
G1 X183.295 Y44.77 E655.08033
G1 X182.884 Y44.776 E655.094
G1 X182.577 Y44.806 E655.10426
G1 X182.267 Y44.864 E655.11475
G1 X181.965 Y44.944 E655.12514
G1 X181.603 Y45.075 E655.13795
G1 X181.265 Y45.247 E655.15056
G1 X180.922 Y45.458 E655.16395
G1 X180.614 Y45.704 E655.17706
G1 X180.35 Y45.941 E655.18886
G1 X179.956 Y46.195 E655.20446
G1 X179.653 Y46.319 E655.21534
G1 X179.111 Y46.437 E655.23379
G1 X178.594 Y46.401 E655.25103
G1 X171.52 Y44.51 E655.49457
G1 X171.175 Y44.363 E655.50705
G1 X170.815 Y44.11 E655.52168
G1 X170.51 Y43.577 E655.54211
G1 X170.423 Y43.203 E655.55488
G1 X170.45 Y42.734 E655.5705
G1 X170.563 Y42.37 E655.58318
G1 X170.734 Y42.136 E655.59282
G1 X168.711 Y40.104 E655.68819
G1 X168.682 Y39.99 E655.6921
G1 X168.728 Y39.87 E655.69637
G1 X172.84 Y35.756 E655.88984
G1 X171.427 Y34.343 E655.9563
G1 X167.314 Y38.455 E656.14974
G1 X167.194 Y38.502 E656.15403
G1 X167.057 Y38.457 E656.15882
G1 X165.064 Y36.464 E656.25257
G1 X156.862 Y44.666 E656.63836
G1 X158.857 Y46.663 E656.73225
G1 X158.897 Y46.755 E656.73559
G1 X158.884 Y46.886 E656.73996
G1 X154.741 Y51.03 E656.93486
G1 X156.154 Y52.443 E657.00132
M204 S2000
G0 F9000 X156.154 Y52.061
G0 X160.396 Y47.878
G0 X161.093 Y48.568
G0 X162.791 Y48.464
G0 X162.651 Y48.244
M204 S500
;TYPE:SKIN
G1 F1800 X161.528 Y47.13 E657.05394
G1 X161.271 Y46.958 E657.06422
G1 X160.797 Y46.751 E657.08142
G1 X160.453 Y46.729 E657.09289
G1 X160.437 Y46.498 E657.10059
G1 X160.376 Y46.249 E657.10912
G1 X160.245 Y45.941 E657.12025
G1 X160.047 Y45.647 E657.13204
G1 X159.069 Y44.668 E657.17807
G1 X160.771 Y42.964 E657.25817
G1 X160.734 Y43.242 E657.2675
G1 X160.756 Y43.811 E657.28644
G1 X160.882 Y44.38 E657.30582
G1 X161.234 Y45.131 E657.33341
G1 X161.521 Y45.454 E657.34778
G1 X162.02 Y45.901 E657.37006
G1 X162.441 Y46.139 E657.38614
G1 X162.713 Y46.255 E657.39598
G1 X163.131 Y46.388 E657.41057
G1 X163.877 Y46.47 E657.43553
G1 X164.244 Y46.441 E657.44777
G1 X164.924 Y46.239 E657.47137
G1 X165.308 Y46.093 E657.48503
G1 X165.826 Y45.676 E657.50715
G1 X166.097 Y45.396 E657.52011
G1 X166.398 Y44.998 E657.53671
G1 X166.548 Y44.7 E657.5478
G1 X166.799 Y44.034 E657.57148
G1 X166.867 Y43.141 E657.60126
G1 X166.783 Y42.723 E657.61544
G1 X166.655 Y42.319 E657.62954
G1 X166.551 Y42.069 E657.63854
G1 X166.198 Y41.489 E657.66113
G1 X165.982 Y41.262 E657.67155
G1 X165.583 Y40.922 E657.68898
G1 X165.25 Y40.697 E657.70235
G1 X164.622 Y40.448 E657.72482
G1 X163.899 Y40.328 E657.7492
G1 X163.383 Y40.355 E657.76638
G1 X165.064 Y38.672 E657.8455
G1 X166.038 Y39.647 E657.89134
G1 X166.297 Y39.825 E657.90179
G1 X166.588 Y39.958 E657.91243
G1 X166.93 Y40.045 E657.92417
G1 X167.127 Y40.056 E657.93073
G1 X167.144 Y40.292 E657.9386
G1 X167.272 Y40.717 E657.95336
G1 X167.545 Y41.146 E657.97028
G1 X168.915 Y42.523 E658.03488
G1 X168.887 Y42.68 E658.04019
G1 X168.856 Y43.286 E658.06037
G1 X168.905 Y43.573 E658.07005
G1 X169.048 Y44.146 E658.08969
G1 X169.527 Y45.005 E658.12241
G1 X169.796 Y45.296 E658.13559
G1 X170.304 Y45.656 E658.1563
G1 X170.604 Y45.821 E658.16768
G1 X171.021 Y45.993 E658.18269
G1 X178.167 Y47.905 E658.42872
G1 X178.439 Y47.954 E658.43792
G1 X178.929 Y47.994 E658.45427
G1 X179.385 Y47.973 E658.46945
G1 X180.147 Y47.809 E658.49537
G1 X180.092 Y47.986 E658.50154
G1 X180.043 Y48.419 E658.51603
G1 X180.069 Y48.909 E658.53235
G1 X180.123 Y49.228 E658.54311
G1 X180.21 Y49.539 E658.55386
G1 X180.401 Y50.037 E658.5716
G1 X169.509 Y47.119 E658.94664
G1 X168.789 Y46.964 E658.97114
G1 X168.521 Y46.922 E658.98016
G1 X167.81 Y46.855 E659.00391
G1 X167.386 Y46.843 E659.01802
G1 X166.928 Y46.854 E659.03326
G1 X166.204 Y46.918 E659.05743
G1 X165.537 Y47.034 E659.07995
G1 X164.933 Y47.19 E659.1007
G1 X164.283 Y47.409 E659.12351
G1 X163.601 Y47.703 E659.14821
G1 X162.912 Y48.075 E659.17425
G1 X162.651 Y48.244 E659.1846
M204 S2000
G0 F9000 X162.792 Y48.463
G0 X160.737 Y47.007
G0 X160.837 Y46.569
M204 S500
G1 F1800 X160.6 Y46.332 E659.19574
M204 S2000
G0 F9000 X160.154 Y46.439
G0 X158.802 Y44.666
G0 X161.073 Y42.422
G0 X161.355 Y44.781
G0 X160.939 Y44.974
M204 S500
G1 F1800 X159.992 Y44.026 E659.24031
M204 S2000
G0 F9000 X160.274 Y43.743
M204 S500
G1 F1800 X160.518 Y43.986 E659.25176
G1 X160.518 Y43.987
G1 X160.609 Y44.078 E659.25604
M204 S2000
G0 F9000 X159.709 Y44.309
M204 S500
G1 F1800 X163.128 Y47.729 E659.41689
M204 S2000
G0 F9000 X162.761 Y47.927
M204 S500
G1 F1800 X159.426 Y44.592 E659.57376
M204 S2000
G0 F9000 X159.101 Y44.267
G0 X161.073 Y42.422
G0 X162.425 Y45.832
G0 X162.197 Y46.232
M204 S500
G1 F1800 X163.496 Y47.531 E659.63486
M204 S2000
G0 F9000 X163.891 Y47.359
M204 S500
G1 F1800 X163.123 Y46.592 E659.67096
M204 S2000
G0 F9000 X163.758 Y46.661
M204 S500
G1 F1800 X163.987 Y46.891 E659.68175
G1 X163.988 Y46.891
G1 X164.291 Y47.194 E659.696
M204 S2000
G0 F9000 X164.714 Y47.051
M204 S500
G1 F1800 X164.296 Y46.633 E659.71567
M204 S2000
G0 F9000 X164.732 Y46.504
M204 S500
G1 F1800 X165.153 Y46.925 E659.73547
M204 S2000
G0 F9000 X165.61 Y46.816
M204 S500
G1 F1800 X165.158 Y46.364 E659.75673
M204 S2000
G0 F9000 X165.53 Y46.171
M204 S500
G1 F1800 X166.092 Y46.732 E659.78314
M204 S2000
G0 F9000 X166.607 Y46.681
M204 S500
G1 F1800 X165.844 Y45.918 E659.81903
M204 S2000
G0 F9000 X166.135 Y45.644
M204 S500
G1 F1800 X167.139 Y46.648 E659.86626
M204 S2000
G0 F9000 X167.708 Y46.652
M204 S500
G1 F1800 X166.392 Y45.336 E659.92816
M204 S2000
G0 F9000 X166.621 Y44.998
M204 S500
G1 F1800 X168.324 Y46.702 E660.00828
M204 S2000
G0 F9000 X168.99 Y46.802
M204 S500
G1 F1800 X166.796 Y44.608 E660.11148
M204 S2000
G0 F9000 X166.95 Y44.197
M204 S500
G1 F1800 X169.722 Y46.968 E660.24185
M204 S2000
G0 F9000 X170.495 Y47.176
M204 S500
G1 F1800 X167.023 Y43.704 E660.40516
M204 S2000
G0 F9000 X167.063 Y43.178
M204 S500
G1 F1800 X171.268 Y47.383 E660.60295
M204 S2000
G0 F9000 X172.04 Y47.589
M204 S500
G1 F1800 X170.371 Y45.92 E660.68145
M204 S2000
G0 F9000 X171.287 Y46.27
M204 S500
G1 F1800 X172.813 Y47.796 E660.75323
M204 S2000
G0 F9000 X173.586 Y48.004
M204 S500
G1 F1800 X172.06 Y46.478 E660.82501
M204 S2000
G0 F9000 X172.833 Y46.685
M204 S500
G1 F1800 X174.359 Y48.211 E660.89679
M204 S2000
G0 F9000 X175.131 Y48.418
M204 S500
G1 F1800 X173.605 Y46.891 E660.96859
M204 S2000
G0 F9000 X174.378 Y47.098
M204 S500
G1 F1800 X175.904 Y48.624 E661.04037
M204 S2000
G0 F9000 X176.676 Y48.832
M204 S500
G1 F1800 X175.151 Y47.306 E661.11212
M204 S2000
G0 F9000 X175.923 Y47.512
M204 S500
G1 F1800 X177.449 Y49.039 E661.18392
M204 S2000
G0 F9000 X178.222 Y49.246
M204 S500
G1 F1800 X176.696 Y47.719 E661.25573
M204 S2000
G0 F9000 X177.468 Y47.926
M204 S500
G1 F1800 X178.995 Y49.453 E661.32755
M204 S2000
G0 F9000 X179.767 Y49.66
M204 S500
G1 F1800 X178.226 Y48.119 E661.40004
M204 S2000
G0 F9000 X178.862 Y48.189
M204 S500
G1 F1800 X179.926 Y49.253 E661.45008
M204 S2000
G0 F9000 X179.853 Y48.614
M204 S500
G1 F1800 X179.407 Y48.168 E661.47106
M204 S2000
G0 F9000 X179.331 Y47.719
G0 X170.889 Y44.943
G0 X169.493 Y44.417
G0 X169.092 Y44.641
M204 S500
G1 F1800 X166.909 Y42.458 E661.57374
M204 S2000
G0 F9000 X166.47 Y42.596
G0 X163.37 Y40.557
G0 X162.822 Y40.674
G0 X165.064 Y38.405
G0 X167.308 Y39.875
G0 X167.725 Y40.948
G0 X167.338 Y41.191
M204 S500
G1 F1800 X166.04 Y39.892 E661.63482
M204 S2000
G0 F9000 X166.294 Y39.509
G0 X165.064 Y38.405
G0 X162.822 Y40.674
G0 X164.555 Y40.702
G0 X164.724 Y40.273
M204 S500
G1 F1800 X164.311 Y39.861 E661.65422
G1 X164.311 Y39.86
G1 X164.234 Y39.783 E661.65784
M204 S2000
G0 F9000 X163.951 Y40.066
M204 S500
G1 F1800 X164.034 Y40.149 E661.66175
M204 S2000
G0 F9000 X164.518 Y39.501
M204 S500
G1 F1800 X168.733 Y43.716 E661.86001
M204 S2000
G0 F9000 X168.665 Y43.083
M204 S500
G1 F1800 X164.801 Y39.218 E662.04178
M204 S2000
G0 F9000 X164.265 Y38.68
G1 F2400 E661.24178
;MESH:part_3.stl
G0 F9000 X158.802 Y44.666
G0 X160.273 Y46.91
G0 X162.625 Y48.489
G0 X165.543 Y47.673
G0 X168.272 Y48.243
G0 X168.154 Y49.32
G0 X168.258 Y53.48
G0 X168.256 Y54.565
G0 X170.312 Y55.619
M204 S500
;TYPE:WALL-INNER
G1 F2400 E662.04178
G1 F1374 X170.891 Y55.602 E662.06702
G1 F1382 X171.187 Y55.62 E662.07987
M204 S2000
G0 F9000 X169.406 Y56.7
G0 X169.076 Y57.047
G0 X168.022 Y59.13
G0 X169.537 Y60.957
G0 X165.772 Y61.538
M204 S500
G1 F1800 X175.769 Y61.563 E662.41237
G1 X175.778 Y59.478 E662.48172
G1 X175.898 Y59.083 E662.49545
G1 X176.101 Y58.825 E662.50637
G1 X176.361 Y58.654 E662.51672
G1 X176.78 Y58.566 E662.53096
G1 F1804.5 X181.778 Y58.576 E662.69678
G1 X181.779 Y58.177 E662.71002
G1 X176.78 Y58.166 E662.87587
G1 F1800 X176.362 Y58.075 E662.8901
G1 X176.104 Y57.902 E662.90043
G1 X175.972 Y57.752 E662.90707
G1 X175.841 Y57.503 E662.91643
G1 X175.789 Y57.282 E662.92398
G1 X175.786 Y55.165 E662.9944
G1 X165.788 Y55.14 E663.32693
G1 X165.783 Y57.163 E663.39422
G1 X165.752 Y57.39 E663.40184
G1 X165.66 Y57.619 E663.41004
G1 X165.457 Y57.877 E663.42096
G1 X165.197 Y58.048 E663.43131
G1 F1791 X164.867 Y58.136 E663.44273
G1 X159.78 Y58.126 E663.61277
G1 F1800 X159.779 Y58.525 E663.62604
G1 F1791 X164.865 Y58.538 E663.79605
G1 X165.196 Y58.627 E663.80751
G1 F1800 X165.454 Y58.801 E663.81786
G1 X165.702 Y59.159 E663.83234
G1 X165.776 Y59.411 E663.84108
G1 X165.772 Y61.538 E663.91182
M204 S2000
G0 F9000 X165.371 Y61.938
M204 S500
G1 F1800 X176.169 Y61.964 E664.27097
G1 X176.179 Y59.487 E664.35335
G1 X176.29 Y59.21 E664.36328
G1 X176.526 Y59.019 E664.37337
G1 X176.779 Y58.966 E664.38197
G1 X182.176 Y58.976 E664.56148
G1 X182.18 Y57.778 E664.60132
G1 X176.781 Y57.766 E664.7809
G1 X176.53 Y57.711 E664.78944
G1 X176.375 Y57.608 E664.79563
G1 X176.255 Y57.453 E664.80215
G1 X176.186 Y57.236 E664.80972
G1 X176.187 Y54.765 E664.89191
G1 X165.388 Y54.739 E665.25109
G1 X165.378 Y57.22 E665.33361
G1 X165.343 Y57.355 E665.33825
G1 X165.188 Y57.581 E665.34736
G1 X165.032 Y57.684 E665.35358
G1 X164.833 Y57.736 E665.36042
G1 X159.381 Y57.725 E665.54175
G1 X159.377 Y58.924 E665.58163
G1 X164.829 Y58.938 E665.76297
G1 X165.028 Y58.991 E665.76982
G1 X165.183 Y59.095 E665.77602
G1 X165.304 Y59.252 E665.78262
G1 X165.373 Y59.481 E665.79057
G1 X165.371 Y61.938 E665.87229
M204 S2000
G0 F9000 X165.642 Y61.67
G0 X166.173 Y61.139
M204 S500
G1 F1800 X169.826 Y61.149 E665.99379
G1 F1710.2 X170.141 Y61.128 E666.00484
G1 F1484.5 X170.407 Y61.086 E666.0157
G1 F1551.7 X169.876 Y60.893 E666.0375
G1 F1800 X169.628 Y60.792 E666.04641
G1 X169.363 Y60.647 E666.05646
G1 X169.138 Y60.492 E666.06554
G1 X168.926 Y60.31 E666.07484
G1 X168.66 Y60.034 E666.08759
G1 X168.37 Y59.583 E666.10542
G1 X168.168 Y59.042 E666.12463
G1 X168.074 Y58.563 E666.14086
G1 X168.11 Y57.886 E666.16341
G1 X168.234 Y57.454 E666.17836
G1 X168.333 Y57.217 E666.1869
G1 X168.537 Y56.858 E666.20064
G1 X168.74 Y56.585 E666.21195
G1 X168.926 Y56.39 E666.22091
G1 X169.198 Y56.169 E666.23257
G1 X169.515 Y55.971 E666.245
G1 F1531.9 X170.312 Y55.619 E666.27905
G1 X169.818 Y55.55 E666.29854
G1 F1800 X166.187 Y55.541 E666.41931
G1 X166.183 Y57.173 E666.47359
G1 X166.139 Y57.491 E666.48427
G1 X165.979 Y57.893 E666.49866
G1 X165.727 Y58.173 E666.51119
G1 X165.474 Y58.339 E666.52125
G1 X165.725 Y58.507 E666.5313
G1 X165.973 Y58.785 E666.54369
G1 X166.123 Y59.155 E666.55697
G1 X166.17 Y59.407 E666.5655
G1 X166.173 Y61.139 E666.6231
M204 S2000
G0 F9000 X169.537 Y60.957
G0 X170.12 Y60.561
M204 S500
G1 F1800 X169.682 Y60.382 E666.63884
G1 X169.285 Y60.107 E666.6549
G1 X168.949 Y59.757 E666.67104
G1 X168.741 Y59.435 E666.68379
G1 X168.553 Y58.936 E666.70153
G1 X168.483 Y58.525 E666.71539
G1 X168.5 Y58.007 E666.73263
G1 X168.639 Y57.487 E666.75053
G1 X168.945 Y56.95 E666.77109
G1 X169.215 Y56.666 E666.78412
G1 X169.41 Y56.508 E666.79247
G1 X169.727 Y56.31 E666.8049
G1 X169.971 Y56.2 E666.8138
G1 X170.43 Y56.071 E666.82966
G1 F1804.5 X170.978 Y56.053 E666.84785
G1 X171.519 Y56.166 E666.86619
G1 X171.942 Y56.362 E666.88166
G1 F1800 X172.216 Y56.549 E666.89269
G1 X172.553 Y56.872 E666.90822
G1 X172.841 Y57.32 E666.92593
G1 X173.042 Y57.912 E666.94672
G1 X173.099 Y58.664 E666.97181
G1 X172.806 Y59.462 E667.00008
G1 X172.427 Y59.967 E667.02108
G1 X172.031 Y60.291 E667.0381
G1 X171.545 Y60.529 E667.0561
G1 X171.053 Y60.642 E667.07289
G1 X170.58 Y60.647 E667.08862
G1 X170.12 Y60.561 E667.10419
M204 S2000
G0 F9000 X170.235 Y60.176
M204 S500
G1 F1800 X169.875 Y60.029 E667.11712
G1 X169.546 Y59.801 E667.13043
G1 X169.237 Y59.48 E667.14525
G1 X169.113 Y59.287 E667.15288
G1 X168.939 Y58.829 E667.16918
G1 X168.882 Y58.501 E667.18025
G1 X168.904 Y58.036 E667.19573
G1 X169.012 Y57.641 E667.20935
G1 X169.268 Y57.19 E667.2266
G1 X169.557 Y56.888 E667.2405
G1 X170.01 Y56.604 E667.25829
G1 X170.459 Y56.476 E667.27382
G1 F1804.5 X170.941 Y56.454 E667.28982
G1 X171.386 Y56.547 E667.30491
G1 X171.866 Y56.768 E667.32244
G1 X172.245 Y57.132 E667.33987
G1 F1800 X172.491 Y57.524 E667.35526
G1 X172.652 Y58.024 E667.37274
G1 X172.694 Y58.611 E667.39231
G1 X172.452 Y59.269 E667.41563
G1 X172.139 Y59.685 E667.43294
G1 X171.812 Y59.953 E667.44701
G1 F1804.5 X171.408 Y60.151 E667.46193
G1 X171.041 Y60.235 E667.47442
G1 F1800 X170.618 Y60.248 E667.4885
G1 X170.235 Y60.176 E667.50146
M204 S2000
G0 F9000 X170.407 Y61.086
M204 S500
G1 F1390 X170.667 Y61.1 E667.51267
G1 F1384.6 X171.188 Y61.088 E667.53521
G1 F1525.4 X171.547 Y61.147 E667.54949
G1 F1773.4 X175.37 Y61.162 E667.67855
G1 F1800 X175.375 Y59.43 E667.73616
G1 X175.439 Y59.144 E667.7459
G1 X175.585 Y58.804 E667.75821
G1 X175.832 Y58.529 E667.7705
G1 X176.084 Y58.363 E667.78054
G1 X175.833 Y58.196 E667.79057
G1 X175.648 Y57.987 E667.79985
G1 X175.464 Y57.638 E667.81297
G1 X175.388 Y57.296 E667.82463
G1 X175.385 Y55.564 E667.88223
G1 X171.85 Y55.555 E667.99981
G1 F1743.3 X171.505 Y55.567 E668.01166
G1 F1500 X171.187 Y55.62 E668.02453
G1 F1541.8 X171.786 Y55.849 E668.04943
G1 F1800 X172.11 Y55.999 E668.06131
G1 X172.493 Y56.261 E668.07674
G1 X172.744 Y56.502 E668.08831
G1 X172.951 Y56.752 E668.09911
G1 X173.225 Y57.176 E668.1159
G1 X173.446 Y57.867 E668.14003
G1 X173.484 Y58.438 E668.15906
G1 X173.469 Y58.819 E668.17175
G1 X173.199 Y59.551 E668.1977
G1 X173.042 Y59.815 E668.20791
G1 X172.819 Y60.111 E668.22024
G1 X172.587 Y60.352 E668.23136
G1 X172.372 Y60.528 E668.2406
G1 X172.101 Y60.703 E668.25133
G1 X171.821 Y60.839 E668.26169
G1 F1545.1 X171.188 Y61.088 E668.28804
M204 S2000
G1 F2400 E667.48804
G0 F9000 X169.817 Y60.326
G0 X170.084 Y59.682
M204 S500
;TYPE:WALL-OUTER
G1 F2400 E668.28804
G1 F1800 X169.791 Y59.479 E668.2999
G1 X169.498 Y59.174 E668.31397
G1 X169.325 Y58.723 E668.33003
G1 X169.282 Y58.476 E668.33837
G1 X169.299 Y58.1 E668.35089
G1 X169.38 Y57.811 E668.36087
G1 X169.609 Y57.413 E668.37615
G1 X169.795 Y57.218 E668.38511
G1 X170.173 Y56.975 E668.40005
G1 X170.527 Y56.87 E668.41234
G1 X170.888 Y56.856 E668.42435
G1 X171.282 Y56.939 E668.43774
G1 X171.64 Y57.104 E668.45085
G1 X171.943 Y57.403 E668.46501
G1 X172.129 Y57.694 E668.4765
G1 X172.262 Y58.123 E668.49144
G1 X172.285 Y58.554 E668.50579
G1 X172.106 Y59.055 E668.52349
G1 X171.86 Y59.389 E668.53729
G1 X171.612 Y59.599 E668.54809
G1 X171.293 Y59.761 E668.55999
G1 X170.973 Y59.841 E668.57096
G1 X170.634 Y59.843 E668.58224
G1 X170.332 Y59.783 E668.59248
G1 X170.084 Y59.682 E668.60139
M204 S2000
G1 F2400 E667.80139
G0 F9000 X169.817 Y60.326
G0 X169.886 Y61.045
G0 X165.241 Y62.069
G0 X164.97 Y62.337
M204 S500
G1 F2400 E668.60139
G1 F1800 X176.568 Y62.365 E668.98714
G1 X176.576 Y59.539 E669.08113
G1 X176.613 Y59.447 E669.08443
G1 X176.713 Y59.366 E669.08871
G1 X182.575 Y59.378 E669.28368
G1 X182.582 Y57.379 E669.35017
G1 X176.72 Y57.366 E669.54514
G1 X176.62 Y57.284 E669.54944
G1 X176.583 Y57.185 E669.55296
G1 X176.588 Y54.366 E669.64672
G1 X164.989 Y54.338 E670.0325
G1 X164.982 Y57.165 E670.12653
G1 X164.945 Y57.256 E670.1298
G1 X164.845 Y57.337 E670.13408
G1 X158.983 Y57.324 E670.32905
G1 X158.976 Y59.323 E670.39554
G1 X164.793 Y59.337 E670.58901
G1 X164.911 Y59.389 E670.5933
G1 X164.975 Y59.518 E670.59809
G1 X164.97 Y62.337 E670.69185
M204 S2000
G0 F9000 X165.241 Y62.069
G0 X166.274 Y60.778
G0 X166.533 Y60.779
M204 S500
;TYPE:SKIN
G1 F1800 X166.533 Y59.295 E670.74121
G1 X166.405 Y58.869 E670.756
G1 X166.217 Y58.525 E670.76904
G1 X166.059 Y58.341 E670.77711
G1 X166.287 Y58.085 E670.78851
G1 X166.484 Y57.594 E670.80611
G1 X166.542 Y57.199 E670.81939
G1 X166.547 Y55.901 E670.86256
G1 X168.948 Y55.909 E670.94242
G1 X168.685 Y56.122 E670.95367
G1 X168.475 Y56.341 E670.96376
G1 X168.24 Y56.656 E670.97683
G1 X168.017 Y57.046 E670.99178
G1 X167.895 Y57.332 E671.00212
G1 X167.745 Y57.862 E671.02044
G1 X167.723 Y58.637 E671.04623
G1 X167.827 Y59.17 E671.06429
G1 X168.049 Y59.744 E671.08476
G1 X168.379 Y60.257 E671.10505
G1 X168.684 Y60.576 E671.11972
G1 X168.932 Y60.787 E671.13055
G1 X166.533 Y60.779 E671.21035
M204 S2000
G0 F9000 X166.928 Y60.579
M204 S500
G1 F1800 X166.732 Y60.383 E671.21957
M204 S2000
G0 F9000 X166.733 Y59.819
M204 S500
G1 F1800 X167.495 Y60.581 E671.25541
M204 S2000
G0 F9000 X167.927 Y60.447
M204 S500
G1 F1800 X166.724 Y59.244 E671.31199
M204 S2000
G0 F9000 X167.584 Y58.972
M204 S500
G1 F1800 X166.559 Y57.947 E671.36021
M204 S2000
G0 F9000 X166.353 Y58.308
M204 S500
G1 F1800 X167.853 Y59.807 E671.43074
M204 S2000
G0 F9000 X167.928 Y60.448
M204 S500
G1 F1800 X168.063 Y60.583 E671.43709
M204 S2000
G0 F9000 X168.062 Y61.044
G0 X169.537 Y60.957
G0 X167.989 Y58.367
G0 X167.531 Y58.354
M204 S500
G1 F1800 X166.697 Y57.52 E671.47632
M204 S2000
G0 F9000 X166.741 Y56.998
M204 S500
G1 F1800 X167.551 Y57.808 E671.51442
M204 S2000
G0 F9000 X167.674 Y57.365
M204 S500
G1 F1800 X166.744 Y56.436 E671.55814
M204 S2000
G0 F9000 X166.977 Y56.103
M204 S500
G1 F1800 X167.836 Y56.961 E671.59852
M204 S2000
G0 F9000 X168.04 Y56.6
M204 S500
G1 F1800 X167.545 Y56.105 E671.6218
M204 S2000
G0 F9000 X168.113 Y56.107
M204 S500
G1 F1800 X168.246 Y56.24 E671.62806
M204 S2000
G0 F9000 X168.65 Y56.541
G0 X168.641 Y58.511
G0 X168.706 Y58.895
G0 X168.95 Y59.524
G0 X169.391 Y59.985
G0 X169.755 Y60.236
G0 X170.167 Y60.406
G0 X172.452 Y60.593
G0 X172.616 Y60.794
M204 S500
G1 F1800 X172.831 Y60.618 E671.6373
G1 X173.097 Y60.342 E671.65005
G1 X173.328 Y60.035 E671.66283
G1 X173.528 Y59.699 E671.67583
G1 X173.768 Y59.052 E671.69878
G1 X173.826 Y58.79 E671.70771
G1 X173.843 Y58.407 E671.72046
G1 X173.802 Y57.8 E671.7407
G1 X173.625 Y57.24 E671.76023
G1 X173.525 Y56.983 E671.7694
G1 X173.258 Y56.562 E671.78598
G1 X173.009 Y56.258 E671.79905
G1 X172.655 Y55.916 E671.81542
G1 X175.024 Y55.924 E671.89422
G1 X175.033 Y57.353 E671.94175
G1 X175.136 Y57.786 E671.95655
G1 X175.341 Y58.175 E671.97118
G1 X175.501 Y58.364 E671.97941
G1 X175.277 Y58.605 E671.99035
G1 X175.099 Y59.025 E672.00553
G1 X175.019 Y59.373 E672.0174
G1 X175.01 Y60.801 E672.0649
G1 X172.616 Y60.794 E672.14452
M204 S2000
G0 F9000 X173.401 Y60.264
M204 S500
G1 F1800 X173.647 Y60.51 E672.1561
G1 X173.648 Y60.511
G1 X173.734 Y60.596 E672.16012
M204 S2000
G0 F9000 X174.301 Y60.598
M204 S500
G1 F1800 X173.627 Y59.924 E672.19182
M204 S2000
G0 F9000 X173.801 Y59.532
M204 S500
G1 F1800 X174.81 Y60.542 E672.2393
M204 S2000
G0 F9000 X174.813 Y59.978
M204 S500
G1 F1800 X173.954 Y59.12 E672.27969
M204 S2000
G0 F9000 X174.03 Y58.631
M204 S500
G1 F1800 X174.814 Y59.414 E672.31654
M204 S2000
G0 F9000 X174.917 Y58.952
M204 S500
G1 F1800 X174.018 Y58.053 E672.35883
M204 S2000
G0 F9000 X173.864 Y57.332
M204 S500
G1 F1800 X175.083 Y58.551 E672.41616
M204 S2000
G0 F9000 X174.937 Y57.84
M204 S500
G1 F1800 X173.535 Y56.438 E672.48211
G1 X173.534 Y56.437
G1 X173.215 Y56.118 E672.49711
M204 S2000
G0 F9000 X173.783 Y56.12
M204 S500
G1 F1800 X174.827 Y57.164 E672.54622
M204 S2000
G0 F9000 X174.825 Y56.596
M204 S500
G1 F1800 X174.352 Y56.123 E672.56847
M204 S2000
G0 F9000 X174.354 Y55.361
G1 F2400 E671.76847
;MESH:part_1.stl
G0 F9000 X176.373 Y54.578
G0 X176.375 Y53.498
G0 X183.769 Y53.192
G0 X184.898 Y52.882
G0 X185.953 Y52.267
G0 X186.582 Y51.691
G0 X187.115 Y50.961
G0 X187.581 Y49.898
G0 X187.771 Y48.755
G0 X187.668 Y47.578
G0 X187.409 Y46.747
G0 X186.785 Y45.696
G0 X186.308 Y45.224
G0 X180.169 Y39.543
G0 X180.317 Y38.276
M204 S500
;TYPE:WALL-INNER
G1 F2400 E672.56847
G1 F1855.7 X180.426 Y38.307 E672.57212
G1 F1636.4 X180.909 Y38.368 E672.58994
G1 F1440 X181.387 Y38.331 E672.60987
M204 S2000
G0 F9000 X182.258 Y38.154
G0 X183.532 Y37.589
M204 S500
G1 F1800 X195.098 Y37.591 E672.99456
G1 X194.919 Y37.219 E673.00829
G1 X194.769 Y36.806 E673.0229
G1 X194.695 Y36.392 E673.03689
G1 X194.674 Y36.062 E673.04789
G1 X194.695 Y35.626 E673.0624
G1 X194.74 Y35.328 E673.07243
G1 X194.818 Y35.034 E673.08255
G1 X194.905 Y34.797 E673.09094
G1 X195.092 Y34.396 E673.10566
G1 X183.527 Y34.393 E673.49031
G1 X183.662 Y34.643 E673.49976
G1 X183.824 Y35.032 E673.51378
G1 X183.926 Y35.448 E673.52802
G1 X183.972 Y36.045 E673.54794
G1 X183.917 Y36.53 E673.56417
G1 X183.862 Y36.789 E673.57298
G1 X183.734 Y37.2 E673.5873
G1 X183.532 Y37.589 E673.60188
M204 S2000
G0 F9000 X182.696 Y37.989
M204 S500
G1 F1800 X195.946 Y37.99 E674.04257
G1 X195.634 Y37.678 E674.05725
G1 X195.329 Y37.174 E674.07684
G1 X195.157 Y36.707 E674.09339
G1 X195.069 Y36.21 E674.11018
G1 X195.099 Y35.538 E674.13255
G1 X195.228 Y35.05 E674.14934
G1 X195.429 Y34.621 E674.1651
G1 X195.658 Y34.292 E674.17843
G1 X195.938 Y33.996 E674.19198
G1 X182.701 Y33.993 E674.63225
G1 X182.996 Y34.306 E674.64655
G1 X183.259 Y34.715 E674.66273
G1 X183.455 Y35.186 E674.67969
G1 X183.528 Y35.483 E674.68987
G1 X183.568 Y35.992 E674.70685
G1 X183.512 Y36.567 E674.72606
G1 X183.363 Y37.047 E674.74278
G1 X183.142 Y37.476 E674.75883
G1 X182.902 Y37.784 E674.77182
G1 X182.696 Y37.989 E674.78148
M204 S2000
G0 F9000 X181.371 Y38.339
M204 S500
G1 F1682.2 X182.012 Y38.388 E674.80436
G1 F1800 X196.926 Y38.391 E675.3004
G1 F1603.6 X197.345 Y38.343 E675.31615
G1 X196.788 Y38.115 E675.33862
G1 F1800 X196.372 Y37.853 E675.35497
G1 X195.952 Y37.429 E675.37482
G1 X195.688 Y36.994 E675.39175
G1 X195.545 Y36.599 E675.40572
G1 X195.471 Y36.185 E675.41971
G1 X195.497 Y35.595 E675.43935
G1 X195.603 Y35.194 E675.45314
G1 X195.779 Y34.817 E675.46698
G1 X196.02 Y34.471 E675.48101
G1 X196.383 Y34.124 E675.49771
G1 F1718.4 X196.909 Y33.805 E675.51914
G1 F1575.5 X197.451 Y33.634 E675.54074
G1 F1643.8 X197.021 Y33.596 E675.55646
G1 F1777.8 X181.492 Y33.598 E676.07941
G1 F1636.4 X181.156 Y33.628 E676.09175
G1 F1655.2 X181.597 Y33.779 E676.10861
G1 F1800 X182.071 Y33.999 E676.12599
G1 X182.408 Y34.259 E676.14015
G1 X182.685 Y34.561 E676.15378
G1 X182.905 Y34.905 E676.16736
G1 X183.122 Y35.429 E676.18623
G1 X183.168 Y35.992 E676.20501
G1 X183.117 Y36.491 E676.2217
G1 X182.991 Y36.894 E676.23574
G1 X182.803 Y37.259 E676.2494
G1 X182.551 Y37.584 E676.26308
G1 F1739.1 X182.071 Y38.007 E676.2851
G1 F1629 X181.371 Y38.339 E676.31357
M204 S2000
G0 F9000 X182.43 Y37.477
G0 X182.842 Y36.83
G0 X182.958 Y36.461
G0 X183.009 Y35.997
G0 X182.962 Y35.465
G0 X182.761 Y34.98
G0 X182.298 Y34.377
G0 X181.156 Y33.628
M204 S500
G1 F1558.4 X180.863 Y33.63 E676.32483
G1 F1670.5 X180.496 Y33.66 E676.33803
G1 F1791 X180.372 Y33.693 E676.34231
M204 S2000
G0 F9000 X197.451 Y33.634
M204 S500
G1 F1538.5 X197.69 Y33.626 E676.35162
G1 F1659 X198.087 Y33.653 E676.36598
G1 F1832.1 X198.407 Y33.733 E676.37676
G1 F1951.2 X198.518 Y33.77 E676.38035
M204 S2000
G0 F9000 X199.298 Y34.377
G0 X199.761 Y34.98
G0 X199.962 Y35.465
G0 X200.009 Y35.997
G0 X199.958 Y36.461
G0 X199.666 Y37.17
G0 X199.454 Y37.446
G0 X198.485 Y38.227
M204 S500
G1 F1904.8 X198.298 Y38.283 E676.38648
G1 F1782.2 X197.984 Y38.346 E676.39724
G1 F1610.7 X197.486 Y38.354 E676.41575
G1 F1478.4 X197.345 Y38.343 E676.42148
M204 S2000
G0 F9000 X197.026 Y37.793
M204 S500
;TYPE:WALL-OUTER
G1 F1800 X196.609 Y37.523 E676.438
G1 X196.256 Y37.16 E676.45485
G1 X196.062 Y36.839 E676.46732
G1 X195.939 Y36.514 E676.47888
G1 X195.877 Y36.182 E676.49011
G1 X195.9 Y35.636 E676.50829
G1 X195.978 Y35.342 E676.5184
G1 X196.12 Y35.032 E676.52975
G1 X196.314 Y34.749 E676.54116
G1 X196.647 Y34.432 E676.55645
G1 X197.094 Y34.161 E676.57384
G1 X197.554 Y34.059 E676.58951
G1 X198.06 Y34.057 E676.60634
G1 X198.404 Y34.132 E676.61805
G1 F1722.5 X198.445 Y34.129 E676.61948
G1 F1454.5 X198.825 Y34.217 E676.63553
G1 F1321.1 X199.162 Y34.487 E676.6551
G1 F1355.9 X199.401 Y34.751 E676.67082
G1 F1392.6 X199.605 Y35.084 E676.68761
G1 F1428.6 X199.774 Y35.501 E676.70647
G1 F1448.7 X199.817 Y35.986 E676.72659
G1 X199.771 Y36.423 E676.74475
G1 F1434.3 X199.67 Y36.759 E676.75939
G1 F1409 X199.498 Y37.094 E676.77539
G1 F1382 X199.296 Y37.363 E676.78997
G1 F1345.8 X198.894 Y37.725 E676.81403
G1 F1302 X198.76 Y37.796 E676.821
G1 F1496.9 X197.987 Y37.937 E676.85243
G1 F1800 X197.461 Y37.91 E676.86995
G1 X197.026 Y37.793 E676.88493
M204 S2000
G1 F2400 E676.08493
G0 F9000 X196.44 Y38.165
G0 X180.338 Y38.381
G0 X180.243 Y38.674
M204 S500
G1 F2400 E676.88493
G1 F1800 X180.803 Y38.789 E676.90395
G1 X197.714 Y38.792 E677.46641
G1 X198.059 Y38.748 E677.47798
G1 X198.585 Y38.619 E677.49599
G1 F1535.2 X199.326 Y38.084 E677.53163
G1 F1343.3 X199.653 Y37.759 E677.55218
G1 F1363.6 X199.875 Y37.465 E677.56835
G1 F1387.3 X200.054 Y37.148 E677.58406
G1 F1409 X200.215 Y36.721 E677.60345
G1 F1414.5 X200.312 Y36.239 E677.62426
G1 F1420.1 X200.305 Y35.764 E677.64429
G1 F1428.6 X200.235 Y35.293 E677.66424
G1 F1417.3 X200.098 Y34.934 E677.68047
G1 F1390 X199.944 Y34.617 E677.69565
G1 F1363.6 X199.757 Y34.353 E677.70986
G1 F1333.3 X199.421 Y33.982 E677.73233
G1 F1288 X199.015 Y33.696 E677.75542
G1 F1434.3 X198.773 Y33.487 E677.76876
G1 F1722.5 X198.537 Y33.366 E677.77798
G1 F1800 X198.18 Y33.26 E677.79037
G1 X197.709 Y33.196 E677.80618
G1 X181.072 Y33.193 E678.35953
G1 X180.821 Y33.205 E678.36788
G1 F1686.2 X180.289 Y33.286 E678.38699
G1 F1411.8 X179.703 Y33.636 E678.41594
G1 F1288 X179.321 Y33.901 E678.43755
G1 F1323.5 X178.988 Y34.221 E678.45844
G1 F1358.5 X178.762 Y34.517 E678.47485
G1 F1387.3 X178.587 Y34.823 E678.49006
G1 F1411.8 X178.419 Y35.27 E678.51031
G1 F1428.6 X178.344 Y35.622 E678.52539
G1 F1431.4 X178.322 Y35.994 E678.54098
G1 F1428.6 X178.346 Y36.363 E678.55648
G1 F1422.9 X178.405 Y36.694 E678.57062
G1 F1414.5 X178.53 Y37.037 E678.58607
G1 F1398.1 X178.646 Y37.27 E678.59722
G1 F1366.2 X178.865 Y37.625 E678.6155
G1 F1333.3 X179.212 Y38 E678.63844
G1 F1304.3 X179.494 Y38.211 E678.6546
G1 F1283.4 X179.803 Y38.392 E678.67131
G1 F1368.8 X179.974 Y38.525 E678.68078
G1 F1621.6 X180.243 Y38.674 E678.69214
M204 S2000
G0 F9000 X180.007 Y37.875
M204 S500
G1 F1304.3 X179.583 Y37.598 E678.71538
G1 F1343.3 X179.232 Y37.231 E678.73801
G1 F1392.6 X179.002 Y36.844 E678.75737
G1 F1411.8 X178.887 Y36.529 E678.77159
G1 F1428.6 X178.819 Y36.141 E678.7881
G1 F1440 X178.848 Y35.637 E678.80908
G1 F1431.4 X178.931 Y35.316 E678.82295
G1 F1411.8 X179.077 Y34.993 E678.83798
G1 F1374 X179.297 Y34.665 E678.85519
G1 F1330.9 X179.609 Y34.37 E678.87451
G1 F1306.7 X180.06 Y34.082 E678.89902
G1 F1506.3 X180.458 Y34.081 E678.91484
G1 F1800 X180.558 Y34.059 E678.91825
G1 X181.081 Y34.058 E678.93564
G1 X181.429 Y34.142 E678.94755
G1 X181.879 Y34.356 E678.96412
G1 X182.146 Y34.565 E678.9754
G1 X182.355 Y34.793 E678.98569
G1 X182.538 Y35.074 E678.99684
G1 X182.728 Y35.523 E679.01306
G1 X182.768 Y35.975 E679.02815
G1 X182.724 Y36.395 E679.0422
G1 X182.613 Y36.753 E679.05466
G1 X182.452 Y37.059 E679.06616
G1 X182.244 Y37.322 E679.07732
G1 X181.84 Y37.678 E679.09522
G1 X181.308 Y37.881 E679.11416
G1 X181.007 Y37.934 E679.12433
G1 X180.505 Y37.916 E679.14104
G1 X180.418 Y37.899 E679.14398
G1 F1506.3 X180.007 Y37.875 E679.16035
M204 S2000
G0 F9000 X179.951 Y38.081
G0 X180.998 Y38.177
G0 X184.1 Y37.488
G0 X184.101 Y37.228
M204 S500
;TYPE:SKIN
G1 F1800 X184.207 Y36.899 E679.17184
G1 X184.272 Y36.59 E679.18235
G1 X184.333 Y36.037 E679.20085
G1 X184.284 Y35.419 E679.22147
G1 X184.165 Y34.919 E679.23856
G1 X184.098 Y34.753 E679.24452
G1 X194.516 Y34.756 E679.59102
G1 X194.386 Y35.258 E679.60827
G1 X194.338 Y35.587 E679.61933
G1 X194.316 Y36.097 E679.63631
G1 X194.338 Y36.436 E679.64761
G1 X194.389 Y36.736 E679.65773
G1 X194.522 Y37.231 E679.67477
G1 X184.101 Y37.228 E680.02138
M204 S2000
G0 F9000 X184.448 Y36.804
M204 S500
G1 F1800 X184.67 Y37.026 E680.03182
M204 S2000
G0 F9000 X185.236 Y37.026
M204 S500
G1 F1800 X184.503 Y36.293 E680.0663
M204 S2000
G0 F9000 X184.508 Y35.733
M204 S500
G1 F1800 X185.802 Y37.026 E680.12714
M204 S2000
G0 F9000 X186.367 Y37.026
M204 S500
G1 F1800 X184.46 Y35.119 E680.21684
G1 X184.402 Y35.061 E680.21957
M204 S2000
G0 F9000 X184.861 Y34.954
M204 S500
G1 F1800 X186.934 Y37.027 E680.31708
M204 S2000
G0 F9000 X187.499 Y37.027
M204 S500
G1 F1800 X185.426 Y34.954 E680.41458
M204 S2000
G0 F9000 X185.992 Y34.954
M204 S500
G1 F1800 X188.065 Y37.027 E680.51209
M204 S2000
G0 F9000 X188.631 Y37.027
M204 S500
G1 F1800 X186.558 Y34.955 E680.60958
M204 S2000
G0 F9000 X187.124 Y34.955
M204 S500
G1 F1800 X189.197 Y37.027 E680.70706
M204 S2000
G0 F9000 X189.763 Y37.028
M204 S500
G1 F1800 X187.69 Y34.955 E680.80457
M204 S2000
G0 F9000 X188.255 Y34.955
M204 S500
G1 F1800 X190.329 Y37.028 E680.9021
M204 S2000
G0 F9000 X190.894 Y37.028
M204 S500
G1 F1800 X188.822 Y34.955 E680.99958
M204 S2000
G0 F9000 X189.387 Y34.955
M204 S500
G1 F1800 X191.46 Y37.028 E681.09709
M204 S2000
G0 F9000 X192.026 Y37.029
M204 S500
G1 F1800 X189.953 Y34.955 E681.19462
M204 S2000
G0 F9000 X190.52 Y34.956
M204 S500
G1 F1800 X192.592 Y37.029 E681.29211
M204 S2000
G0 F9000 X193.158 Y37.029
M204 S500
G1 F1800 X191.085 Y34.956 E681.38961
M204 S2000
G0 F9000 X191.651 Y34.956
M204 S500
G1 F1800 X193.723 Y37.029 E681.4871
M204 S2000
G0 F9000 X194.225 Y36.964
M204 S500
G1 F1800 X192.217 Y34.956 E681.58155
M204 S2000
G0 F9000 X192.783 Y34.957
M204 S500
G1 F1800 X194.127 Y36.301 E681.64476
M204 S2000
G0 F9000 X194.131 Y35.74
M204 S500
G1 F1800 X193.349 Y34.957 E681.68157
M204 S2000
G0 F9000 X193.914 Y34.957
M204 S500
G1 F1800 X194.187 Y35.23 E681.69441
M204 S2000
G0 F9000 X194.943 Y35.346
G1 F2400 E680.89441
;MESH:NONMESH
G0 F300 X194.943 Y35.346 Z2.8
G0 F9000 X194.798 Y34.574
G0 X180.541 Y33.818
G0 X180.107 Y33.914
G0 X178.895 Y34.602
G0 X177.949 Y34.075
G0 X171.427 Y33.135
G0 X162.753 Y33.454
G0 X162.124 Y32.571
G0 X158.26 Y32.624
G0 X158.338 Y32.342
;TIME_ELAPSED:1188.557632
;LAYER:13
M204 S500
;TYPE:WALL-INNER
;MESH:part_2.stl
G1 F2400 E681.69441
G1 F1800 X157.975 Y32.233 E681.70702
G1 X157.683 Y32.118 E681.71746
G1 X157.345 Y31.95 E681.73001
G1 X157.077 Y31.791 E681.74037
G1 X156.666 Y31.483 E681.75746
G1 X156.416 Y31.255 E681.76871
G1 X156.194 Y31.013 E681.77963
G1 X155.958 Y30.711 E681.79238
G1 X155.711 Y30.316 E681.80788
G1 X155.539 Y29.966 E681.82085
G1 X155.405 Y29.613 E681.83341
G1 X155.292 Y29.195 E681.84781
G1 X155.225 Y28.803 E681.86103
G1 X155.201 Y28.435 E681.8733
G1 X155.212 Y27.969 E681.8888
G1 X155.253 Y27.635 E681.9
G1 X155.322 Y27.306 E681.91118
G1 X155.435 Y26.931 E681.9242
G1 X155.549 Y26.645 E681.93444
G1 X155.693 Y26.346 E681.94548
G1 X155.983 Y25.888 E681.96351
G1 X156.203 Y25.607 E681.97538
G1 X156.534 Y25.263 E681.99126
G1 X157.012 Y24.879 E682.01165
G1 X157.394 Y24.652 E682.02643
G1 X157.698 Y24.506 E682.03765
G1 X158.051 Y24.372 E682.05021
G1 X158.488 Y24.254 E682.06526
G1 X158.863 Y24.192 E682.0779
G1 X159.165 Y24.169 E682.08798
G1 X159.548 Y24.17 E682.10072
G1 X159.884 Y24.197 E682.11193
G1 X160.365 Y24.289 E682.12822
G1 X160.854 Y24.445 E682.14529
G1 X161.177 Y24.585 E682.157
G1 X161.607 Y24.833 E682.17351
G1 X161.906 Y25.046 E682.18572
G1 X162.146 Y25.247 E682.19613
G1 X162.389 Y25.488 E682.20751
G1 X162.794 Y25.993 E682.22904
G1 X163.005 Y26.35 E682.24283
G1 X163.14 Y26.624 E682.25299
G1 X163.266 Y26.943 E682.2644
G1 X163.378 Y27.32 E682.27748
G1 X163.439 Y27.609 E682.28731
G1 X163.487 Y28 E682.30041
G1 X163.498 Y28.336 E682.31159
G1 X163.482 Y28.699 E682.32367
G1 X163.447 Y28.975 E682.33293
G1 X163.364 Y29.371 E682.34639
G1 X163.264 Y29.694 E682.35763
G1 X163.14 Y30.003 E682.36871
G1 X163.004 Y30.283 E682.37906
G1 X162.803 Y30.616 E682.392
G1 X162.5 Y31.016 E682.40869
G1 X162.311 Y31.224 E682.41803
G1 X162.025 Y31.491 E682.43105
G1 X161.767 Y31.691 E682.4419
G1 X161.468 Y31.888 E682.45381
G1 X161.166 Y32.049 E682.4652
G1 X160.849 Y32.189 E682.47672
G1 X160.557 Y32.287 E682.48697
G1 X160.161 Y32.387 E682.50055
G1 X159.707 Y32.453 E682.51581
G1 X159.329 Y32.466 E682.52839
G1 X158.925 Y32.445 E682.54184
G1 X158.638 Y32.405 E682.55148
G1 X158.338 Y32.342 E682.56168
M204 S2000
G0 F9000 X158.276 Y32.634
G0 X159.71 Y32.692
G0 X160.596 Y32.527
G0 X161.404 Y32.173
G0 X162.819 Y31.296
M204 S500
G1 F1809 X162.243 Y31.793 E682.58686
G1 F2087 X161.982 Y31.994 E682.59631
G1 F2105.3 X161.657 Y32.207 E682.60736
G1 F2099.1 X161.329 Y32.384 E682.61799
G1 X160.983 Y32.535 E682.62875
G1 F2074.9 X160.677 Y32.643 E682.63812
G1 F2028.2 X160.186 Y32.764 E682.65304
G1 F2051.3 X159.751 Y32.822 E682.66585
G1 F2080.9 X159.343 Y32.84 E682.6776
G1 F2057.1 X158.916 Y32.821 E682.69004
G1 X158.603 Y32.778 E682.69923
G1 F2051.3 X158.314 Y32.723 E682.70782
G1 F2028.2 X157.775 Y32.56 E682.72444
G1 F2045.5 X157.531 Y32.459 E682.73217
G1 X157.246 Y32.324 E682.7414
G1 F2033.9 X156.834 Y32.08 E682.7555
G1 F2057.1 X156.423 Y31.766 E682.77055
G1 F2063 X156.152 Y31.52 E682.78117
G1 F2069 X155.913 Y31.257 E682.79145
G1 F2074.9 X155.691 Y30.988 E682.80152
G1 F2039.7 X155.432 Y30.584 E682.8156
G1 F2033.9 X155.229 Y30.19 E682.82865
G1 F2051.3 X155.055 Y29.754 E682.84235
G1 F2057.1 X154.93 Y29.287 E682.85642
G1 F2063 X154.867 Y28.939 E682.86668
G1 F2057.1 X154.831 Y28.56 E682.87776
G1 F2063 X154.828 Y28.039 E682.89288
G1 F2074.9 X154.885 Y27.577 E682.90631
G1 F2069 X154.973 Y27.16 E682.91864
G1 F2045.5 X155.085 Y26.792 E682.9299
G1 F2051.3 X155.205 Y26.499 E682.93914
G1 F2074.9 X155.364 Y26.171 E682.94966
G1 F2051.3 X155.7 Y25.637 E682.96807
G1 F2045.5 X155.891 Y25.397 E682.97705
G1 F2063 X156.281 Y24.987 E682.99347
G1 F2057.1 X156.706 Y24.639 E683.00946
G1 X157.116 Y24.381 E683.02356
G1 F2051.3 X157.433 Y24.216 E683.03399
G1 F2063 X157.907 Y24.027 E683.0488
G1 F2080.9 X158.403 Y23.891 E683.06359
G1 F2087 X158.804 Y23.824 E683.07526
G1 X159.184 Y23.795 E683.08619
G1 F2080.9 X159.556 Y23.797 E683.09689
G1 F2093 X159.936 Y23.829 E683.1078
G1 F2087 X160.533 Y23.943 E683.12523
G1 F2039.7 X161.085 Y24.132 E683.14236
G1 F2069 X161.347 Y24.256 E683.15075
G1 F2105.3 X161.804 Y24.517 E683.16571
G1 F2087 X162.137 Y24.753 E683.17742
G1 F2051.3 X162.389 Y24.958 E683.1869
G1 F1899.7 X162.681 Y25.213 E683.19912
M204 S2000
G0 F9000 X163.504 Y26.897
G0 X163.724 Y27.961
G0 X163.678 Y29.048
G0 X163.368 Y30.081
G0 X163.02 Y30.723
G0 X162.456 Y31.418
G0 X161.594 Y32.09
G0 X160.596 Y32.527
G0 X159.588 Y32.673
G0 X158.298 Y32.801
G0 X158.229 Y33.091
M204 S500
G1 F1800 X158.838 Y33.192 E683.21965
G1 X159.359 Y33.214 E683.237
G1 X159.75 Y33.197 E683.25001
G1 X160.255 Y33.137 E683.26693
G1 X160.833 Y32.99 E683.28676
G1 X161.339 Y32.793 E683.30482
G1 X161.66 Y32.636 E683.31671
G1 X162.011 Y32.428 E683.33028
G1 X162.356 Y32.184 E683.34433
G1 X162.717 Y31.891 E683.3598
G1 X163.066 Y31.64 E683.3741
G1 X163.472 Y31.395 E683.38987
G1 X163.903 Y31.185 E683.40581
G1 X164.347 Y31.012 E683.42166
G1 X164.894 Y30.851 E683.44063
G1 X165.479 Y30.754 E683.46035
G1 X165.944 Y30.719 E683.47586
G1 X180.545 Y30.714 E683.96149
G1 F1666.7 X181.02 Y30.682 E683.97859
G1 F1575.5 X181.432 Y30.688 E683.99425
G1 F1596.5 X181.834 Y30.644 E684.00942
G1 F1589.4 X182.385 Y30.46 E684.0313
G1 X182.794 Y30.194 E684.04967
G1 X183.094 Y29.92 E684.06498
G1 X183.278 Y29.694 E684.07596
G1 F1585.9 X183.476 Y29.365 E684.09045
G1 F1578.9 X183.646 Y28.946 E684.1076
G1 F1572.1 X183.717 Y28.519 E684.12408
G1 F1585.9 X183.703 Y28.019 E684.14296
G1 F1596.5 X183.651 Y27.738 E684.15368
G1 F1582.4 X183.529 Y27.37 E684.16835
G1 F1575.5 X183.316 Y26.984 E684.1851
G1 F1596.5 X183.031 Y26.643 E684.20177
G1 F1592.9 X182.724 Y26.386 E684.21681
G1 F1582.4 X182.391 Y26.175 E684.23173
G1 X181.931 Y26.018 E684.25012
G1 X181.565 Y25.946 E684.26423
G1 F1578.9 X180.963 Y25.948 E684.28706
G1 F1674.4 X180.456 Y25.919 E684.30521
G1 F1800 X165.889 Y25.91 E684.78971
G1 X165.464 Y25.875 E684.8039
G1 X164.897 Y25.779 E684.82302
G1 X164.351 Y25.62 E684.84194
G1 X163.904 Y25.445 E684.8579
G1 X163.369 Y25.185 E684.87769
G1 X162.886 Y24.868 E684.8969
G1 X162.185 Y24.316 E684.92658
G1 X161.772 Y24.059 E684.94276
G1 X161.316 Y23.823 E684.95984
G1 X160.752 Y23.617 E684.97981
G1 X160.234 Y23.496 E684.9975
G1 X159.858 Y23.443 E685.01013
G1 X159.416 Y23.418 E685.02485
G1 X159.027 Y23.427 E685.0378
G1 X158.532 Y23.481 E685.05436
G1 X158.018 Y23.601 E685.07191
G1 X157.618 Y23.732 E685.08591
G1 X157.26 Y23.883 E685.09883
G1 X156.93 Y24.056 E685.11123
G1 X156.487 Y24.334 E685.12862
G1 X156.027 Y24.71 E685.14838
G1 X155.718 Y25.026 E685.16308
G1 X155.395 Y25.413 E685.17985
G1 X155.121 Y25.84 E685.19672
G1 X154.928 Y26.203 E685.2104
G1 X154.73 Y26.666 E685.22715
G1 X154.56 Y27.256 E685.24757
G1 X154.484 Y27.747 E685.26409
G1 X154.452 Y28.195 E685.27903
G1 X154.456 Y28.58 E685.29184
G1 X154.498 Y29.005 E685.30604
G1 X154.572 Y29.397 E685.31931
G1 X154.698 Y29.872 E685.33565
G1 X154.887 Y30.344 E685.35257
G1 X155.104 Y30.775 E685.36861
G1 X155.443 Y31.282 E685.3889
G1 X155.799 Y31.691 E685.40693
G1 X156.011 Y31.902 E685.41688
G1 X156.33 Y32.174 E685.43083
G1 X156.615 Y32.383 E685.44258
G1 X157.071 Y32.66 E685.46033
G1 X157.643 Y32.915 E685.48116
G1 X158.229 Y33.091 E685.50151
M204 S2000
G0 F9000 X158.298 Y32.801
G0 X160.234 Y32.618
G0 X161.272 Y32.263
G0 X162.014 Y31.777
G0 X163.865 Y30.34
M204 S500
G1 F1800 X164.117 Y30.245 E685.51046
G1 X164.735 Y30.067 E685.53185
G1 X165.416 Y29.956 E685.5548
G1 X165.944 Y29.919 E685.57241
G1 X167.58 Y29.919 E685.62682
G1 X167.366 Y29.65 E685.63825
G1 X167.101 Y29.183 E685.65611
G1 X166.986 Y28.731 E685.67163
G1 X166.958 Y28.193 E685.68954
G1 X166.981 Y27.895 E685.69949
G1 X167.096 Y27.501 E685.71314
G1 X167.256 Y27.149 E685.726
G1 X167.395 Y26.928 E685.73468
G1 X167.588 Y26.712 E685.74431
G1 X165.938 Y26.712 E685.79919
G1 X165.398 Y26.672 E685.8172
G1 X164.743 Y26.565 E685.83928
G1 X164.123 Y26.387 E685.86073
G1 X163.866 Y26.29 E685.86987
G1 X164.05 Y26.762 E685.88672
G1 X164.161 Y27.154 E685.90027
G1 X164.241 Y27.56 E685.91403
G1 X164.287 Y27.969 E685.92772
G1 X164.298 Y28.306 E685.93894
G1 X164.276 Y28.8 E685.95538
G1 X164.241 Y29.076 E685.96464
G1 X164.16 Y29.488 E685.9786
G1 X164.048 Y29.874 E685.99197
G1 X163.865 Y30.34 E686.00862
M204 S2000
G0 F9000 X162.819 Y31.296
M204 S500
G1 F1698.1 X163.283 Y31.042 E686.02727
G1 F1800 X163.74 Y30.819 E686.04418
G1 X164.152 Y30.656 E686.05892
G1 X164.814 Y30.459 E686.08189
G1 X165.448 Y30.355 E686.10326
G1 X165.944 Y30.319 E686.1198
G1 F1791 X168.768 Y30.317 E686.2142
G1 F1739.1 X169.098 Y30.306 E686.22556
G1 X168.777 Y30.228 E686.23694
G1 F1791 X168.468 Y30.105 E686.24805
G1 F1800 X168.185 Y29.935 E686.25903
G1 X167.918 Y29.701 E686.27084
G1 X167.679 Y29.401 E686.2836
G1 X167.527 Y29.133 E686.29385
G1 X167.383 Y28.679 E686.30969
G1 X167.35 Y28.083 E686.32954
G1 X167.48 Y27.614 E686.34573
G1 X167.594 Y27.362 E686.35493
G1 X167.733 Y27.142 E686.36358
G1 X167.952 Y26.897 E686.37451
G1 X168.268 Y26.642 E686.38802
G1 X168.642 Y26.454 E686.40194
G1 F1751.8 X169.124 Y26.32 E686.41904
G1 X165.938 Y26.312 E686.52792
G1 F1800 X165.344 Y26.262 E686.54774
G1 X164.82 Y26.172 E686.56543
G1 X164.155 Y25.975 E686.5885
G1 X163.772 Y25.824 E686.60219
G1 X163.169 Y25.532 E686.62447
G1 F1795.5 X162.681 Y25.213 E686.64391
G1 X163.099 Y25.721 E686.66585
G1 F1800 X163.356 Y26.157 E686.68268
G1 X163.533 Y26.525 E686.69626
G1 X163.666 Y26.876 E686.70875
G1 X163.75 Y27.159 E686.71857
G1 X163.831 Y27.526 E686.73107
G1 X163.88 Y27.899 E686.74358
G1 X163.898 Y28.273 E686.75603
G1 X163.879 Y28.749 E686.77188
G1 X163.844 Y29.026 E686.78116
G1 X163.768 Y29.405 E686.79402
G1 X163.665 Y29.759 E686.80628
G1 X163.5 Y30.178 E686.82126
G1 X163.358 Y30.47 E686.83206
G1 X163.146 Y30.825 E686.84581
G1 F1698.1 X162.819 Y31.296 E686.86603
M204 S2000
G0 F9000 X164.821 Y30.622
G0 X168.604 Y30.067
G0 X168.757 Y29.812
M204 S500
G1 F1800 X168.298 Y29.536 E686.88384
G1 X167.927 Y29.07 E686.90365
G1 X167.779 Y28.627 E686.91919
G1 X167.756 Y28.095 E686.9369
G1 X167.888 Y27.646 E686.95246
G1 X168.124 Y27.271 E686.9672
G1 X168.519 Y26.954 E686.98405
G1 X168.743 Y26.841 E686.99239
G1 X169.225 Y26.717 E687.00894
G1 X174.432 Y26.719 E687.18213
G1 X174.88 Y26.796 E687.19725
G1 X175.293 Y27.031 E687.21305
G1 X175.471 Y27.185 E687.22088
G1 X175.785 Y27.59 E687.23793
G1 X175.915 Y27.984 E687.25173
G1 X175.953 Y28.467 E687.26784
G1 X175.775 Y29.064 E687.28856
G1 X175.478 Y29.463 E687.3051
G1 X175.002 Y29.79 E687.32431
G1 X174.5 Y29.913 E687.3415
G1 X169.239 Y29.915 E687.51648
G1 X168.757 Y29.812 E687.53288
M204 S2000
G0 F9000 X169.098 Y30.306
M204 S500
G1 F1739.1 X169.307 Y30.317 E687.54008
G1 F1782.2 X174.429 Y30.315 E687.71214
G1 F1722.5 X174.674 Y30.3 E687.72067
M204 S2000
G0 F9000 X176.139 Y29.915
M204 S500
G1 F1800 X179.191 Y29.914 E687.82218
G1 X179.047 Y29.719 E687.83025
G1 X178.872 Y29.38 E687.84294
G1 X178.734 Y28.962 E687.85758
G1 X178.639 Y28.331 E687.8788
G1 X178.713 Y27.708 E687.89967
G1 X178.897 Y27.174 E687.91845
G1 X179.167 Y26.719 E687.93605
G1 X176.12 Y26.716 E688.03739
G1 X176.354 Y27.019 E688.05013
G1 X176.6 Y27.458 E688.06686
G1 X176.707 Y27.868 E688.08096
G1 X176.748 Y28.38 E688.09804
G1 X176.715 Y28.695 E688.10858
G1 X176.572 Y29.192 E688.12578
G1 X176.353 Y29.627 E688.14197
G1 X176.139 Y29.915 E688.15391
M204 S2000
G0 F9000 X174.674 Y30.3
M204 S500
G1 F1722.5 X175.006 Y30.314 E688.16546
G1 F1791 X180.189 Y30.314 E688.33871
G1 F1800 X179.888 Y30.084 E688.35131
G1 X179.587 Y29.785 E688.36542
G1 X179.402 Y29.535 E688.37576
G1 X179.227 Y29.196 E688.38845
G1 X179.129 Y28.898 E688.39888
G1 X179.041 Y28.328 E688.41807
G1 X179.109 Y27.76 E688.43709
G1 X179.241 Y27.378 E688.45054
G1 X179.461 Y27.007 E688.46488
G1 X179.786 Y26.614 E688.48184
G1 X180.214 Y26.32 E688.49911
G1 F1773.4 X174.724 Y26.325 E688.68445
G1 X175.169 Y26.5 E688.70059
G1 F1800 X175.491 Y26.683 E688.71291
G1 X175.787 Y26.94 E688.72595
G1 X176.038 Y27.264 E688.73958
G1 X176.184 Y27.526 E688.74956
G1 X176.311 Y27.926 E688.76352
G1 X176.351 Y28.518 E688.78325
G1 X176.188 Y29.077 E688.80262
G1 X176.032 Y29.389 E688.81422
G1 X175.858 Y29.622 E688.82389
G1 X175.62 Y29.851 E688.83488
G1 X175.317 Y30.059 E688.8471
G1 F1791 X174.993 Y30.206 E688.85899
G1 F1722.5 X174.674 Y30.3 E688.87055
M204 S2000
G0 F9000 X175.645 Y29.636
G0 X175.989 Y29.174
G0 X176.193 Y28.491
G0 X176.147 Y27.892
G0 X175.99 Y27.467
G0 X175.599 Y26.962
G0 X174.641 Y26.328
M204 S500
G1 F1739.1 X174.432 Y26.317 E688.87776
G1 F1743.3 X169.124 Y26.32 E689.06004
M204 S2000
G0 F9000 X174.521 Y26.48
G0 X174.975 Y26.576
G0 X175.556 Y26.906
G0 X175.99 Y27.467
G0 X176.726 Y29.235
G0 X176.495 Y29.735
G0 X180.978 Y30.481
G0 X180.996 Y30.217
M204 S500
G1 F1730.8 X180.526 Y30.028 E689.07756
G1 F1800 X180.225 Y29.854 E689.08913
G1 X179.799 Y29.433 E689.10905
G1 X179.538 Y28.927 E689.12798
G1 X179.442 Y28.334 E689.14796
G1 X179.506 Y27.811 E689.16549
G1 X179.585 Y27.582 E689.17355
G1 X179.805 Y27.211 E689.18789
G1 F1769 X180.061 Y26.91 E689.20126
G1 F1706.2 X180.486 Y26.618 E689.21936
G1 F1618 X181.002 Y26.403 E689.24004
G1 F1578.9 X181.592 Y26.4 E689.26241
G1 F1603.6 X182.195 Y26.575 E689.28585
G1 F1621.6 X182.712 Y26.95 E689.30943
G1 F1618 X183.045 Y27.386 E689.32973
G1 F1600 X183.232 Y27.901 E689.35024
G1 X183.282 Y28.35 E689.36714
G1 F1603.6 X183.209 Y28.808 E689.38445
G1 F1596.5 X183.007 Y29.309 E689.40471
G1 F1600 X182.651 Y29.745 E689.42577
G1 F1596.5 X182.136 Y30.082 E689.44885
G1 F1592.9 X181.516 Y30.242 E689.47292
G1 F1632.7 X180.996 Y30.217 E689.49201
M204 S2000
G0 F9000 X180.726 Y29.681
M204 S500
;TYPE:WALL-OUTER
G1 F1800 X180.451 Y29.515 E689.50269
G1 X180.127 Y29.194 E689.51786
G1 X179.923 Y28.798 E689.53268
G1 X179.847 Y28.326 E689.54858
G1 X179.908 Y27.821 E689.5655
G1 X180.149 Y27.415 E689.5812
G1 X180.318 Y27.225 E689.58966
G1 X180.666 Y26.98 E689.60381
G1 X181.076 Y26.827 E689.61837
G1 X181.551 Y26.828 E689.63417
G1 X182.007 Y26.964 E689.65
G1 X182.397 Y27.243 E689.66594
G1 X182.639 Y27.549 E689.67892
G1 X182.819 Y28.014 E689.6955
G1 X182.848 Y28.284 E689.70454
G1 X182.817 Y28.625 E689.71592
G1 X182.636 Y29.085 E689.73237
G1 X182.365 Y29.422 E689.74675
G1 X181.935 Y29.697 E689.76373
G1 X181.473 Y29.812 E689.77956
G1 X181.016 Y29.778 E689.7948
G1 X180.726 Y29.681 E689.80497
M204 S2000
G1 F2400 E689.00497
G0 F9000 X180.38 Y30.286
G0 X169.219 Y30.154
G0 X168.91 Y30.088
G0 X168.208 Y29.83
G1 F2400 E689.80497
G0 F9000 X168.567 Y29.231
M204 S500
G1 F1800 X168.285 Y28.877 E689.82003
G1 X168.176 Y28.575 E689.83071
G1 X168.158 Y28.158 E689.84459
G1 X168.256 Y27.813 E689.85652
G1 X168.426 Y27.542 E689.86716
G1 X168.804 Y27.239 E689.88327
G1 X169.262 Y27.119 E689.89902
G1 X174.474 Y27.123 E690.07237
G1 X174.773 Y27.196 E690.08261
G1 X175.132 Y27.4 E690.09634
G1 X175.425 Y27.779 E690.11227
G1 X175.519 Y28.042 E690.12156
G1 X175.544 Y28.427 E690.13439
G1 X175.411 Y28.882 E690.15016
G1 X175.196 Y29.172 E690.16217
G1 X174.838 Y29.417 E690.1766
G1 X174.464 Y29.511 E690.18942
G1 X169.265 Y29.511 E690.36234
G1 X168.908 Y29.436 E690.37448
G1 X168.567 Y29.231 E690.38771
M204 S2000
G1 F2400 E689.58771
G0 F9000 X168.208 Y29.83
G0 X164.249 Y30.793
G0 X161.901 Y31.888
G0 X160.94 Y32.409
G0 X160.234 Y32.618
G0 X159.519 Y32.69
G0 X158.204 Y32.615
G1 F2400 E690.38771
G0 F9000 X158.404 Y31.946
M204 S500
G1 F1800 X158.121 Y31.861 E690.39754
G1 X157.839 Y31.749 E690.40763
G1 X157.549 Y31.606 E690.41838
G1 X157.286 Y31.448 E690.42859
G1 X156.923 Y31.176 E690.44367
G1 X156.692 Y30.965 E690.45408
G1 X156.489 Y30.742 E690.46411
G1 X156.287 Y30.483 E690.47503
G1 X156.041 Y30.086 E690.49057
G1 X155.918 Y29.835 E690.49987
G1 X155.791 Y29.508 E690.51153
G1 X155.676 Y29.081 E690.52624
G1 X155.623 Y28.759 E690.53709
G1 X155.601 Y28.444 E690.5476
G1 X155.612 Y27.986 E690.56283
G1 X155.651 Y27.687 E690.57286
G1 X155.718 Y27.372 E690.58358
G1 X155.799 Y27.102 E690.59295
G1 X155.921 Y26.794 E690.60397
G1 X156.046 Y26.534 E690.61356
G1 X156.3 Y26.132 E690.62938
G1 X156.493 Y25.884 E690.63983
G1 X156.814 Y25.55 E690.65524
G1 X157.206 Y25.231 E690.67205
G1 X157.585 Y25.005 E690.68673
G1 X157.844 Y24.879 E690.69631
G1 X158.156 Y24.758 E690.70744
G1 X158.591 Y24.641 E690.72242
G1 X158.893 Y24.591 E690.7326
G1 X159.212 Y24.568 E690.74324
G1 X159.515 Y24.569 E690.75332
G1 X159.827 Y24.595 E690.76373
G1 X160.274 Y24.68 E690.77886
G1 X160.716 Y24.822 E690.7943
G1 X160.993 Y24.942 E690.80434
G1 X161.395 Y25.173 E690.81976
G1 X161.663 Y25.365 E690.83073
G1 X161.901 Y25.566 E690.84109
G1 X162.108 Y25.774 E690.85085
G1 X162.45 Y26.197 E690.86894
G1 X162.655 Y26.543 E690.88232
G1 X162.787 Y26.815 E690.89237
G1 X162.893 Y27.088 E690.90212
G1 X162.986 Y27.402 E690.91301
G1 X163.05 Y27.708 E690.92341
G1 X163.086 Y27.998 E690.93312
G1 X163.098 Y28.32 E690.94384
G1 X163.085 Y28.649 E690.95479
G1 X163.05 Y28.925 E690.96405
G1 X162.977 Y29.267 E690.97568
G1 X162.898 Y29.53 E690.98481
G1 X162.78 Y29.829 E690.9955
G1 X162.65 Y30.097 E691.00541
G1 X162.482 Y30.376 E691.01624
G1 X162.204 Y30.747 E691.03166
G1 X162.002 Y30.968 E691.04162
G1 X161.768 Y31.182 E691.05217
G1 X161.534 Y31.364 E691.06203
G1 X161.264 Y31.543 E691.0728
G1 X160.99 Y31.689 E691.08313
G1 X160.695 Y31.818 E691.09384
G1 X160.414 Y31.912 E691.10369
G1 X160.103 Y31.991 E691.11436
G1 X159.652 Y32.056 E691.12952
G1 X159.345 Y32.066 E691.13973
G1 X159.015 Y32.052 E691.15072
G1 X158.72 Y32.013 E691.16062
G1 X158.404 Y31.946 E691.17136
M204 S2000
G1 F2400 E690.37136
G0 F9000 X158.204 Y32.615
G1 F2400 E691.17136
G0 F9000 X158.138 Y33.482
M204 S500
G1 F1800 X158.796 Y33.591 E691.19354
G1 X159.343 Y33.615 E691.21176
G1 X159.782 Y33.596 E691.22637
G1 X160.328 Y33.531 E691.24466
G1 X160.955 Y33.372 E691.26617
G1 X161.515 Y33.153 E691.28617
G1 X161.822 Y33.003 E691.29754
G1 X162.229 Y32.764 E691.31323
G1 X162.616 Y32.488 E691.32904
G1 X162.951 Y32.216 E691.3434
G1 X163.3 Y31.965 E691.3577
G1 X163.66 Y31.748 E691.37168
G1 X164.074 Y31.547 E691.38698
G1 X164.445 Y31.401 E691.40024
G1 X164.98 Y31.242 E691.41881
G1 X165.511 Y31.153 E691.43671
G1 X165.944 Y31.119 E691.45116
G1 X181.453 Y31.113 E691.96699
G1 X181.788 Y31.08 E691.97819
G1 X182.035 Y31.029 E691.98658
G1 X182.573 Y30.847 E692.00547
G1 X183.056 Y30.532 E692.02465
G1 X183.405 Y30.214 E692.04035
G1 X183.627 Y29.94 E692.05208
G1 X183.858 Y29.558 E692.06693
G1 X184.042 Y29.114 E692.08291
G1 X184.148 Y28.551 E692.10197
G1 X184.126 Y27.973 E692.1212
G1 X184.065 Y27.636 E692.13259
G1 X183.925 Y27.193 E692.14805
G1 X183.63 Y26.696 E692.16727
G1 X183.333 Y26.343 E692.18261
G1 X182.978 Y26.04 E692.19814
G1 X182.577 Y25.788 E692.21389
G1 X182.042 Y25.603 E692.23272
G1 X181.606 Y25.52 E692.24748
G1 X165.922 Y25.511 E692.76913
G1 X165.48 Y25.474 E692.78388
G1 X164.975 Y25.387 E692.80093
G1 X164.449 Y25.231 E692.81918
G1 X164.052 Y25.073 E692.83339
G1 X163.559 Y24.832 E692.85164
G1 X163.107 Y24.534 E692.86965
G1 X162.415 Y23.988 E692.89896
G1 X161.97 Y23.711 E692.9164
G1 X161.477 Y23.456 E692.93486
G1 X160.867 Y23.233 E692.95646
G1 X160.308 Y23.102 E692.97556
G1 X159.898 Y23.044 E692.98933
G1 X159.437 Y23.017 E693.00469
G1 X159.032 Y23.026 E693.01816
G1 X158.465 Y23.086 E693.03713
G1 X157.911 Y23.215 E693.05604
G1 X157.493 Y23.351 E693.07066
G1 X157.135 Y23.499 E693.08355
G1 X156.73 Y23.708 E693.09871
G1 X156.253 Y24.008 E693.11745
G1 X155.756 Y24.414 E693.13879
G1 X155.421 Y24.758 E693.15476
G1 X155.071 Y25.175 E693.17287
G1 X154.775 Y25.638 E693.19115
G1 X154.566 Y26.03 E693.20592
G1 X154.352 Y26.532 E693.22407
G1 X154.168 Y27.169 E693.24613
G1 X154.085 Y27.702 E693.26407
G1 X154.052 Y28.169 E693.27964
G1 X154.056 Y28.602 E693.29404
G1 X154.104 Y29.076 E693.30989
G1 X154.174 Y29.454 E693.32267
G1 X154.317 Y29.998 E693.34138
G1 X154.522 Y30.509 E693.3597
G1 X154.758 Y30.977 E693.37713
G1 X155.125 Y31.526 E693.39909
G1 X155.498 Y31.955 E693.418
G1 X155.739 Y32.196 E693.42934
G1 X156.07 Y32.479 E693.44382
G1 X156.445 Y32.751 E693.45923
G1 X156.886 Y33.016 E693.47634
G1 X157.503 Y33.291 E693.49881
G1 X158.138 Y33.482 E693.52086
M204 S2000
G0 F9000 X158.298 Y32.801
G0 X160.234 Y32.618
G0 X161.272 Y32.263
G0 X162.096 Y31.723
G0 X164.211 Y29.665
G0 X164.476 Y29.744
M204 S500
;TYPE:SKIN
G1 F1800 X164.598 Y29.124 E693.54188
G1 X164.636 Y28.83 E693.55174
G1 X164.657 Y28.311 E693.56902
G1 X164.633 Y27.796 E693.58616
G1 X164.578 Y27.381 E693.60009
G1 X164.468 Y26.886 E693.61695
G1 X165.33 Y27.026 E693.646
G1 X165.796 Y27.067 E693.66156
G1 X166.897 Y27.072 E693.69818
G1 X166.75 Y27.395 E693.70998
G1 X166.624 Y27.842 E693.72543
G1 X166.599 Y28.178 E693.73663
G1 X166.629 Y28.778 E693.75661
G1 X166.778 Y29.338 E693.77589
G1 X166.903 Y29.559 E693.78433
G1 X165.944 Y29.558 E693.81623
G1 X165.379 Y29.598 E693.83507
G1 X164.476 Y29.744 E693.86549
M204 S2000
G0 F9000 X164.211 Y29.665
G0 X164.183 Y30.038
G0 X167.212 Y29.739
G0 X166.975 Y29.085
G0 X166.529 Y29.197
M204 S500
G1 F1800 X166.368 Y29.359 E693.87309
M204 S2000
G0 F9000 X165.792 Y29.368
M204 S500
G1 F1800 X166.425 Y28.736 E693.90284
M204 S2000
G0 F9000 X166.398 Y28.197
M204 S500
G1 F1800 X165.166 Y29.429 E693.96079
M204 S2000
G0 F9000 X164.775 Y29.254
M204 S500
G1 F1800 X166.501 Y27.529 E694.04195
M204 S2000
G0 F9000 X166.196 Y27.268
M204 S500
G1 F1800 X164.843 Y28.62 E694.10557
M204 S2000
G0 F9000 X164.844 Y28.053
M204 S500
G1 F1800 X165.644 Y27.254 E694.14317
M204 S2000
G0 F9000 X165.136 Y27.196
M204 S500
G1 F1800 X164.799 Y27.534 E694.15905
M204 S2000
G0 F9000 X164.343 Y27.595
G0 X164.185 Y26.596
G0 X167.178 Y26.891
G0 X167.543 Y28.716
G0 X167.722 Y29.196
G0 X168.139 Y29.719
G0 X168.674 Y30.039
G0 X169.219 Y30.154
G0 X174.532 Y30.152
G0 X174.853 Y30.072
G0 X176.557 Y29.438
G0 X176.788 Y29.554
M204 S500
G1 F1800 X176.907 Y29.32 E694.16778
G1 X177.071 Y28.755 E694.18735
G1 X177.109 Y28.358 E694.20061
G1 X177.065 Y27.83 E694.21824
G1 X176.942 Y27.351 E694.23468
G1 X176.797 Y27.078 E694.24497
G1 X178.553 Y27.078 E694.30337
G1 X178.364 Y27.625 E694.32262
G1 X178.279 Y28.33 E694.34624
G1 X178.384 Y29.044 E694.37024
G1 X178.555 Y29.554 E694.38813
G1 X176.788 Y29.554 E694.4469
M204 S2000
G0 F9000 X176.557 Y29.438
G0 X176.495 Y29.735
G0 X178.853 Y29.734
G0 X178.61 Y28.819
G0 X178.154 Y28.886
M204 S500
G1 F1800 X177.687 Y29.353 E694.46887
M204 S2000
G0 F9000 X177.121 Y29.353
M204 S500
G1 F1800 X178.081 Y28.393 E694.51402
M204 S2000
G0 F9000 X178.14 Y27.768
M204 S500
G1 F1800 X177.282 Y28.626 E694.55438
M204 S2000
G0 F9000 X177.284 Y28.059
M204 S500
G1 F1800 X178.065 Y27.278 E694.59112
M204 S2000
G0 F9000 X177.5 Y27.278
M204 S500
G1 F1800 X177.203 Y27.574 E694.60506
M204 S2000
G0 F9000 X176.483 Y27.763
G1 F2400 E693.80506
;MESH:part_4.stl
G0 F9000 X175.364 Y29.343
G0 X174.932 Y29.64
G0 X165.929 Y30.901
G0 X165.971 Y31.984
G0 X165.826 Y36.003
G0 X165.063 Y36.766
G0 X162.086 Y41.226
M204 S500
;TYPE:WALL-INNER
G1 F2400 E694.60506
G1 F1403.5 X161.884 Y41.408 E694.61666
G1 F1350.8 X161.476 Y41.865 E694.64381
M204 S2000
G0 F9000 X158.803 Y44.666
G0 X159.87 Y46.787
G0 X156.154 Y51.312
M204 S500
G1 F1804.5 X159.689 Y47.777 E694.80967
G1 X160.048 Y47.546 E694.82384
G1 F1800 X160.352 Y47.484 E694.83416
G1 X160.552 Y47.495 E694.84082
G1 X160.814 Y47.574 E694.84992
G1 X161.029 Y47.708 E694.85834
G1 X162.565 Y49.235 E694.93038
G1 X163.102 Y48.855 E694.95226
G1 X163.598 Y48.56 E694.97146
G1 X164.232 Y48.248 E694.99496
G1 X164.491 Y48.143 E695.00425
G1 X165.156 Y47.916 E695.02763
G1 X165.787 Y47.76 E695.04924
G1 X166.445 Y47.654 E695.07141
G1 X166.994 Y47.61 E695.08973
G1 X167.39 Y47.603 E695.1029
G1 X167.749 Y47.614 E695.11485
G1 X168.313 Y47.662 E695.13368
G1 X168.947 Y47.766 E695.15504
G1 X181.321 Y51.069 E695.58102
G1 F1506.3 X181.606 Y51.095 E695.59239
G1 F1304.3 X182.121 Y51.332 E695.61841
G1 F1311.5 X182.678 Y51.465 E695.64455
G1 F1304.3 X182.968 Y51.49 E695.65791
G1 X183.357 Y51.49 E695.67577
G1 F1306.7 X183.719 Y51.427 E695.6926
G1 F1309.1 X184.003 Y51.354 E695.70601
G1 F1302 X184.286 Y51.243 E695.71999
G1 F1299.6 X184.553 Y51.114 E695.73365
G1 F1304.3 X184.851 Y50.92 E695.74997
G1 F1297.3 X185.086 Y50.718 E695.76427
G1 F1295 X185.286 Y50.522 E695.77722
G1 F1304.3 X185.508 Y50.238 E695.79376
G1 F1309.1 X185.744 Y49.839 E695.81496
G1 F1311.5 X185.915 Y49.394 E695.83673
G1 F1318.7 X185.978 Y49.15 E695.84817
G1 F1316.3 X186.03 Y48.811 E695.86377
G1 F1313.9 X186.03 Y48.305 E695.88682
G1 F1318.7 X185.957 Y47.889 E695.906
G1 F1311.5 X185.858 Y47.577 E695.92094
G1 F1306.7 X185.76 Y47.325 E695.93333
G1 F1321.1 X185.598 Y47.031 E695.94854
G1 F1316.3 X185.441 Y46.804 E695.96109
G1 F1302 X185.242 Y46.571 E695.97518
G1 F1304.3 X185.035 Y46.365 E695.98859
G1 F1309.1 X184.787 Y46.175 E696.00287
G1 X184.546 Y46.025 E696.01586
G1 F1311.5 X184.15 Y45.836 E696.03589
G1 F1323.5 X183.906 Y45.751 E696.04757
G1 F1318.7 X183.507 Y45.668 E696.06608
G1 F1309.1 X183.033 Y45.64 E696.08779
G1 F1304.3 X182.646 Y45.682 E696.10566
G1 F1295 X182.28 Y45.767 E696.12303
G1 F1299.6 X181.955 Y45.878 E696.13885
G1 F1306.7 X181.682 Y46.019 E696.15293
G1 X181.371 Y46.219 E696.16987
G1 F1304.3 X181.169 Y46.385 E696.18187
G1 F1299.6 X180.925 Y46.603 E696.19694
G1 F1506.3 X180.583 Y46.759 E696.21188
G1 F1795.5 X180.478 Y46.82 E696.21593
G1 F1800 X179.979 Y47.069 E696.23448
G1 X179.229 Y47.24 E696.26007
G1 X178.449 Y47.197 E696.28605
G1 X171.199 Y45.253 E696.5357
G1 X170.824 Y45.08 E696.54944
G1 X170.584 Y44.924 E696.55896
G1 X170.148 Y44.542 E696.57824
G1 X169.813 Y43.995 E696.59957
G1 X169.638 Y43.456 E696.61842
G1 X169.616 Y42.853 E696.63849
G1 X169.745 Y42.279 E696.65806
G1 X168.118 Y40.651 E696.73461
G1 X167.963 Y40.395 E696.74456
G1 X167.882 Y39.954 E696.75948
G1 X167.944 Y39.65 E696.7698
G1 F1791 X168.115 Y39.353 E696.78125
G1 X171.709 Y35.756 E696.95122
G1 F1804.5 X171.427 Y35.474 E696.96445
G1 F1791 X167.83 Y39.068 E697.13442
G1 X167.534 Y39.24 E697.14586
G1 F1800 X167.23 Y39.302 E697.15618
G1 X167.029 Y39.291 E697.16287
G1 X166.75 Y39.203 E697.1726
G1 X166.553 Y39.086 E697.18023
G1 X165.064 Y37.596 E697.25029
G1 X157.994 Y44.666 E697.58284
G1 X159.468 Y46.14 E697.65217
G1 X159.581 Y46.313 E697.65904
G1 X159.688 Y46.631 E697.6702
G1 X159.699 Y46.831 E697.67686
G1 X159.637 Y47.135 E697.68718
G1 F1804.5 X159.407 Y47.495 E697.70136
G1 X155.872 Y51.03 E697.86722
G1 X156.154 Y51.312 E697.88045
M204 S2000
G0 F9000 X156.154 Y51.877
M204 S500
G1 F1800 X159.971 Y48.059 E698.06001
G1 X160.187 Y47.921 E698.06854
G1 X160.369 Y47.884 E698.07471
G1 X160.647 Y47.938 E698.08413
G1 X160.783 Y48.024 E698.08949
G1 X162.536 Y49.773 E698.17185
G1 X162.815 Y49.547 E698.18379
G1 X163.264 Y49.226 E698.20215
G1 X163.8 Y48.905 E698.22293
G1 X164.382 Y48.619 E698.24449
G1 X164.671 Y48.503 E698.25485
G1 X165.207 Y48.318 E698.27371
G1 X165.853 Y48.154 E698.29588
G1 X166.477 Y48.053 E698.3169
G1 X167.026 Y48.009 E698.33522
G1 X167.38 Y48.003 E698.347
G1 X167.715 Y48.013 E698.35815
G1 X168.279 Y48.06 E698.37697
G1 X168.952 Y48.177 E698.39969
G1 X181.263 Y51.468 E698.82353
G1 X181.843 Y51.723 E698.84461
G1 X182.118 Y51.82 E698.8543
G1 X182.602 Y51.935 E698.87085
G1 X182.945 Y51.966 E698.8823
G1 X183.243 Y51.967 E698.89222
G1 X183.501 Y51.946 E698.90083
G1 X183.804 Y51.895 E698.91105
G1 X184.132 Y51.813 E698.92229
G1 X184.477 Y51.682 E698.93456
G1 X184.788 Y51.529 E698.94609
G1 X185.135 Y51.303 E698.95987
G1 X185.401 Y51.08 E698.97141
G1 X185.643 Y50.84 E698.98275
G1 X185.876 Y50.544 E698.99528
G1 X186.035 Y50.3 E699.00496
G1 X186.167 Y50.056 E699.01419
G1 X186.28 Y49.793 E699.02371
G1 X186.37 Y49.529 E699.03299
G1 X186.439 Y49.257 E699.04232
G1 X186.486 Y48.963 E699.05222
G1 X186.507 Y48.708 E699.06073
G1 X186.505 Y48.401 E699.07094
G1 X186.48 Y48.145 E699.0795
G1 X186.418 Y47.78 E699.09181
G1 X186.312 Y47.431 E699.10394
G1 X186.19 Y47.123 E699.11496
G1 X186.025 Y46.824 E699.12632
G1 X185.823 Y46.517 E699.13854
G1 X185.599 Y46.255 E699.15001
G1 X185.348 Y46.006 E699.16177
G1 X185.059 Y45.785 E699.17387
G1 X184.811 Y45.628 E699.18363
G1 X184.562 Y45.495 E699.19302
G1 X184.317 Y45.392 E699.20186
G1 X184.031 Y45.297 E699.21188
G1 X183.574 Y45.197 E699.22744
G1 X183.194 Y45.171 E699.24011
G1 X182.913 Y45.176 E699.24946
G1 X182.57 Y45.21 E699.26092
G1 X182.146 Y45.306 E699.27538
G1 X181.767 Y45.441 E699.28876
G1 X181.456 Y45.599 E699.30037
G1 X181.093 Y45.833 E699.31473
G1 X180.865 Y46.016 E699.32445
G1 X180.641 Y46.219 E699.33451
G1 X180.358 Y46.426 E699.34617
G1 X179.876 Y46.675 E699.36422
G1 X179.183 Y46.841 E699.38792
G1 X178.519 Y46.801 E699.41004
G1 X171.331 Y44.874 E699.65756
G1 X170.913 Y44.681 E699.67287
G1 X170.453 Y44.278 E699.69321
G1 X170.168 Y43.8 E699.71172
G1 X170.035 Y43.399 E699.72577
G1 X170.017 Y42.895 E699.74255
G1 X170.116 Y42.454 E699.75758
G1 X170.23 Y42.198 E699.7669
G1 X168.418 Y40.381 E699.85225
G1 X168.33 Y40.237 E699.85786
G1 X168.282 Y39.972 E699.86682
G1 X168.319 Y39.789 E699.87303
G1 X168.422 Y39.612 E699.87984
G1 X172.274 Y35.756 E700.06112
G1 X171.427 Y34.909 E700.10096
G1 X167.571 Y38.761 E700.28224
G1 X167.395 Y38.865 E700.28904
G1 X167.212 Y38.902 E700.29525
G1 X166.97 Y38.863 E700.3034
G1 X166.81 Y38.777 E700.30944
G1 X165.064 Y37.03 E700.39159
G1 X157.428 Y44.666 E700.75077
G1 X159.194 Y46.432 E700.83384
G1 X159.292 Y46.693 E700.84311
G1 X159.262 Y46.996 E700.85324
G1 X159.124 Y47.212 E700.86176
G1 X155.307 Y51.03 E701.04132
G1 X156.154 Y51.877 E701.08116
M204 S2000
G0 F9000 X156.154 Y51.495
G0 X160.396 Y47.313
G0 X162.594 Y48.699
M204 S500
G1 F1800 X163.395 Y48.215 E701.11229
G1 X163.99 Y47.918 E701.13441
G1 X164.41 Y47.747 E701.14949
G1 X165.057 Y47.528 E701.17221
G1 X165.722 Y47.365 E701.19498
G1 X166.413 Y47.255 E701.21826
G1 X166.962 Y47.212 E701.23657
G1 X167.4 Y47.203 E701.25114
G1 X167.783 Y47.216 E701.26389
G1 X168.464 Y47.278 E701.28663
G1 X169.159 Y47.404 E701.31013
G1 X181.378 Y50.666 E701.73076
G1 X180.945 Y50.195 E701.75204
G1 X180.749 Y49.879 E701.76441
G1 X180.597 Y49.537 E701.77686
G1 X180.475 Y49.124 E701.79118
G1 X180.419 Y48.789 E701.80248
G1 X180.419 Y48.387 E701.81585
G1 X180.462 Y48.056 E701.82695
G1 X180.595 Y47.569 E701.84374
G1 F1795.5 X180.844 Y47.077 E701.86213
G1 F1800 X180.111 Y47.45 E701.88948
G1 X179.311 Y47.631 E701.91676
G1 X179.044 Y47.634 E701.92564
G1 X178.387 Y47.594 E701.94754
G1 X171.063 Y45.631 E702.19973
G1 X170.656 Y45.444 E702.21463
G1 X170.321 Y45.226 E702.22792
G1 X169.843 Y44.806 E702.24909
G1 X169.451 Y44.17 E702.27393
G1 X169.242 Y43.527 E702.29642
G1 X169.219 Y42.923 E702.31653
G1 X169.252 Y42.651 E702.32564
G1 X169.307 Y42.406 E702.33399
G1 X167.808 Y40.906 E702.40452
G1 X167.595 Y40.554 E702.41821
G1 X167.498 Y40.217 E702.42987
G1 X167.482 Y39.937 E702.4392
G1 X167.542 Y39.642 E702.44921
G1 X167.247 Y39.702 E702.45922
G1 X166.967 Y39.686 E702.46855
G1 X166.577 Y39.564 E702.48214
G1 X166.305 Y39.403 E702.49266
G1 X165.064 Y38.162 E702.55103
G1 F1786.6 X162.31 Y40.92 E702.68163
G1 F1548.4 X162.086 Y41.226 E702.6963
G1 F1558.4 X162.744 Y40.905 E702.72442
G1 F1800 X163.079 Y40.784 E702.73627
G1 X163.559 Y40.702 E702.75247
G1 X164.034 Y40.703 E702.76826
G1 X164.517 Y40.789 E702.78458
G1 X165.061 Y41 E702.80399
G1 X165.617 Y41.406 E702.82689
G1 X165.812 Y41.61 E702.83627
G1 X166.133 Y42.02 E702.85359
G1 X166.369 Y42.618 E702.87497
G1 X166.453 Y42.953 E702.88646
G1 X166.497 Y43.354 E702.89988
G1 X166.44 Y43.91 E702.91847
G1 X166.365 Y44.175 E702.92763
G1 X166.127 Y44.766 E702.94882
G1 X165.762 Y45.229 E702.96843
G1 X165.52 Y45.465 E702.97967
G1 X164.986 Y45.812 E703.00085
G1 X164.656 Y45.942 E703.01265
G1 X164.049 Y46.09 E703.03343
G1 X163.512 Y46.074 E703.0513
G1 X163.249 Y46.038 E703.06013
G1 X162.713 Y45.86 E703.07891
G1 X162.427 Y45.73 E703.08936
G1 X161.927 Y45.356 E703.11013
G1 X161.562 Y44.937 E703.12861
G1 X161.256 Y44.339 E703.15095
G1 X161.148 Y43.948 E703.16444
G1 X161.107 Y43.599 E703.17613
G1 X161.109 Y43.167 E703.1905
G1 X161.185 Y42.717 E703.20568
G1 F1632.7 X161.465 Y41.873 E703.23829
G1 X161.069 Y42.158 E703.25618
G1 F1800 X158.56 Y44.666 E703.37417
G1 X159.77 Y45.877 E703.43111
G1 X159.959 Y46.176 E703.44287
G1 X160.083 Y46.569 E703.45658
G1 X160.099 Y46.849 E703.46591
G1 X160.039 Y47.144 E703.47592
G1 X160.334 Y47.084 E703.48593
G1 X160.614 Y47.1 E703.49526
G1 X160.981 Y47.21 E703.508
G1 X161.282 Y47.398 E703.51981
G1 X162.594 Y48.699 E703.58126
M204 S2000
G0 F9000 X160.273 Y46.911
G0 X158.803 Y44.666
G0 X161.09 Y42.407
G0 X162.123 Y45.216
G0 X163.406 Y45.671
M204 S500
G1 F1800 X162.723 Y45.442 E703.60522
G1 X162.202 Y45.064 E703.62663
G1 X161.897 Y44.713 E703.6421
G1 X161.626 Y44.184 E703.66187
G1 X161.536 Y43.85 E703.67337
G1 X161.507 Y43.601 E703.68171
G1 X161.509 Y43.169 E703.69608
G1 X161.563 Y42.847 E703.70694
G1 X161.701 Y42.447 E703.72101
G1 F1804.5 X161.829 Y42.199 E703.73027
G1 X162.217 Y41.695 E703.75137
G1 X162.656 Y41.396 E703.76899
G1 X162.88 Y41.282 E703.77733
G1 F1800 X163.215 Y41.161 E703.78918
G1 X163.558 Y41.102 E703.80075
G1 X164.033 Y41.103 E703.81655
G1 X164.378 Y41.164 E703.82821
G1 X164.861 Y41.35 E703.84542
G1 X165.423 Y41.759 E703.86854
G1 X165.794 Y42.251 E703.88903
G1 X166.042 Y42.88 E703.91152
G1 X166.095 Y43.353 E703.92735
G1 X166.039 Y43.913 E703.94607
G1 X165.791 Y44.541 E703.96853
G1 X165.356 Y45.101 E703.99211
G1 X164.794 Y45.461 E704.01431
G1 X164.558 Y45.554 E704.02275
G1 X164.004 Y45.691 E704.04173
G1 X163.406 Y45.671 E704.06163
M204 S2000
G0 F9000 X163.46 Y45.272
M204 S500
G1 F1800 X162.897 Y45.077 E704.08145
G1 X162.47 Y44.763 E704.09907
G1 X162.231 Y44.487 E704.11122
G1 X161.993 Y44.012 E704.12889
G1 X161.907 Y43.688 E704.14004
G1 X161.909 Y43.07 E704.16059
G1 X162.113 Y42.479 E704.18139
G1 F1804.5 X162.508 Y41.981 E704.20248
G1 X162.951 Y41.682 E704.22021
G1 X163.448 Y41.502 E704.23775
G1 F1800 X164.141 Y41.503 E704.26079
G1 X164.659 Y41.698 E704.2792
G1 X165.136 Y42.042 E704.29876
G1 X165.442 Y42.444 E704.31557
G1 X165.651 Y42.98 E704.3347
G1 X165.69 Y43.32 E704.34608
G1 X165.649 Y43.8 E704.36211
G1 X165.439 Y44.347 E704.3816
G1 X165.096 Y44.781 E704.39999
G1 X164.554 Y45.143 E704.42167
G1 X163.964 Y45.29 E704.4419
G1 X163.46 Y45.272 E704.45867
M204 S2000
G1 F2400 E703.65867
G0 F9000 X163.447 Y45.57
G0 X161.356 Y44.887
G0 X161.09 Y42.407
G0 X158.803 Y44.666
G0 X160.273 Y46.911
G0 X162.614 Y48.481
G0 X167.881 Y47.465
G0 X182.2 Y50.774
M204 S500
G1 F2400 E704.45867
G1 F1309.1 X181.885 Y50.617 E704.47477
G1 F1506.3 X181.667 Y50.356 E704.48828
G1 F1800 X181.535 Y50.256 E704.49379
G1 X181.285 Y49.984 E704.50608
G1 X181.089 Y49.668 E704.51845
G1 X180.98 Y49.424 E704.52733
G1 X180.818 Y48.875 E704.54637
G1 X180.819 Y48.27 E704.56649
G1 X180.969 Y47.714 E704.58565
G1 F1791 X181.184 Y47.294 E704.60142
G1 F1506.3 X181.29 Y47.015 E704.61328
G1 F1304.3 X181.761 Y46.608 E704.64185
G1 F1311.5 X182.175 Y46.377 E704.6635
G1 X182.871 Y46.193 E704.69636
G1 F1313.9 X183.49 Y46.22 E704.72459
G1 F1321.1 X183.821 Y46.282 E704.73985
G1 X184.401 Y46.566 E704.76912
G1 F1316.3 X184.749 Y46.849 E704.78952
G1 F1321.1 X185.117 Y47.272 E704.81493
G1 F1318.7 X185.26 Y47.553 E704.82924
G1 F1316.3 X185.468 Y48.135 E704.85735
G1 F1318.7 X185.479 Y48.805 E704.88777
G1 F1326 X185.441 Y49.072 E704.89995
G1 F1328.4 X185.264 Y49.589 E704.92458
G1 F1318.7 X184.951 Y50.08 E704.95101
G1 F1309.1 X184.511 Y50.486 E704.97839
G1 F1304.3 X184.295 Y50.625 E704.99018
G1 F1306.7 X183.819 Y50.837 E705.01406
G1 F1313.9 X183.362 Y50.939 E705.03539
G1 F1316.3 X182.786 Y50.93 E705.0616
G1 F1321.1 X182.2 Y50.774 E705.08908
M204 S2000
G0 F9000 X182.269 Y50.308
M204 S500
G1 F1800 X181.775 Y49.936 E705.10964
G1 X181.625 Y49.773 E705.11701
G1 X181.388 Y49.391 E705.13196
G1 X181.218 Y48.816 E705.15191
G1 X181.219 Y48.323 E705.1683
G1 X181.334 Y47.891 E705.18317
G1 X181.592 Y47.381 E705.20218
G1 X182.072 Y46.975 E705.22309
G1 X182.388 Y46.811 E705.23493
G1 X182.942 Y46.668 E705.25396
G1 X183.602 Y46.707 E705.27595
G1 X184.142 Y46.968 E705.2959
G1 X184.415 Y47.185 E705.3075
G1 X184.778 Y47.63 E705.3266
G1 X185.001 Y48.231 E705.34792
G1 X184.999 Y48.914 E705.37064
G1 X184.829 Y49.381 E705.38717
G1 X184.608 Y49.74 E705.40119
G1 X184.158 Y50.165 E705.42178
G1 X183.658 Y50.393 E705.44005
G1 X183.317 Y50.459 E705.45161
G1 X182.878 Y50.46 E705.46621
G1 X182.269 Y50.308 E705.48709
M204 S2000
G0 F9000 X182.452 Y49.938
M204 S500
;TYPE:WALL-OUTER
G1 F1800 X181.985 Y49.594 E705.50638
G1 X181.769 Y49.246 E705.52
G1 X181.618 Y48.736 E705.53769
G1 X181.625 Y48.356 E705.55033
G1 X181.71 Y48.027 E705.56163
G1 X181.914 Y47.629 E705.57651
G1 X182.289 Y47.311 E705.59286
G1 X182.522 Y47.188 E705.60162
G1 X182.983 Y47.073 E705.61743
G1 X183.488 Y47.095 E705.63424
G1 X183.943 Y47.321 E705.65114
G1 X184.133 Y47.47 E705.65917
G1 X184.418 Y47.809 E705.6739
G1 X184.598 Y48.299 E705.69126
G1 X184.594 Y48.859 E705.70989
G1 X184.457 Y49.23 E705.72304
G1 X184.292 Y49.492 E705.73334
G1 X183.934 Y49.827 E705.74965
G1 X183.526 Y50.012 E705.76455
G1 X183.285 Y50.06 E705.77272
G1 X182.927 Y50.059 E705.78463
G1 X182.452 Y49.938 E705.80093
M204 S2000
G1 F2400 E705.00093
G0 F9000 X182.278 Y50.616
G0 X180.321 Y49.173
G0 X180.415 Y47.509
G0 X169.652 Y44.803
G0 X169.111 Y42.442
G0 X167.308 Y39.869
G0 X165.064 Y38.405
G0 X162.857 Y40.634
G0 X166.335 Y42.094
G0 X165.672 Y45.558
G0 X163.304 Y45.533
G1 F2400 E705.80093
G0 F9000 X163.532 Y44.874
M204 S500
G1 F1800 X163.075 Y44.716 E705.81701
G1 X162.731 Y44.456 E705.83135
G1 X162.566 Y44.262 E705.83982
G1 X162.369 Y43.877 E705.85421
G1 X162.312 Y43.655 E705.86183
G1 X162.309 Y43.138 E705.87903
G1 X162.468 Y42.677 E705.89525
G1 X162.769 Y42.292 E705.9115
G1 X163.152 Y42.034 E705.92686
G1 X163.518 Y41.902 E705.9398
G1 X164.069 Y41.903 E705.95813
G1 X164.454 Y42.046 E705.97179
G1 X164.85 Y42.331 E705.98802
G1 X165.085 Y42.629 E706.00064
G1 X165.262 Y43.102 E706.01744
G1 X165.29 Y43.362 E706.02613
G1 X165.258 Y43.711 E706.03779
G1 X165.077 Y44.164 E706.05401
G1 X164.806 Y44.499 E706.06835
G1 X164.409 Y44.76 E706.08415
G1 X163.918 Y44.889 E706.10103
G1 X163.532 Y44.874 E706.11388
M204 S2000
G1 F2400 E705.31388
G0 F9000 X163.304 Y45.533
G0 X161.375 Y42.778
G0 X161.282 Y42.102
G0 X158.443 Y44.666
G0 X159.707 Y46.487
G0 X156.154 Y52.061
G1 F2400 E706.11388
G0 F9000 X156.154 Y52.443
M204 S500
G1 F1800 X160.297 Y48.299 E706.30878
G1 X160.507 Y48.316 E706.31579
G1 X162.524 Y50.326 E706.4105
G1 X162.81 Y50.064 E706.4234
G1 X163.048 Y49.873 E706.43355
G1 X163.511 Y49.543 E706.45246
G1 X164.016 Y49.243 E706.47199
G1 X164.532 Y48.99 E706.49111
G1 X164.801 Y48.881 E706.50076
G1 X165.337 Y48.696 E706.51962
G1 X165.918 Y48.549 E706.53955
G1 X166.509 Y48.452 E706.55947
G1 X167.07 Y48.408 E706.57819
G1 X167.37 Y48.403 E706.58817
G1 X167.681 Y48.411 E706.59852
G1 X168.262 Y48.461 E706.61791
G1 X168.848 Y48.563 E706.63769
G1 X181.143 Y51.852 E707.06101
G1 X181.696 Y52.095 E707.0811
G1 X182.005 Y52.204 E707.092
G1 X182.538 Y52.331 E707.11022
G1 X182.927 Y52.366 E707.12321
G1 X183.259 Y52.367 E707.13425
G1 X183.55 Y52.343 E707.14396
G1 X183.886 Y52.287 E707.15529
G1 X184.252 Y52.195 E707.16784
G1 X184.636 Y52.049 E707.18151
G1 X184.986 Y51.878 E707.19446
G1 X185.374 Y51.625 E707.20987
G1 X185.671 Y51.376 E707.22276
G1 X185.943 Y51.106 E707.23551
G1 X186.201 Y50.778 E707.24939
G1 X186.379 Y50.505 E707.26023
G1 X186.527 Y50.23 E707.27062
G1 X186.654 Y49.937 E707.28124
G1 X186.754 Y49.643 E707.29157
G1 X186.831 Y49.337 E707.30206
G1 X186.884 Y49.011 E707.31305
G1 X186.907 Y48.723 E707.32265
G1 X186.905 Y48.381 E707.33403
G1 X186.877 Y48.092 E707.34369
G1 X186.808 Y47.688 E707.35732
G1 X186.69 Y47.299 E707.37084
G1 X186.552 Y46.953 E707.38323
G1 X186.368 Y46.617 E707.39597
G1 X186.143 Y46.276 E707.40956
G1 X185.893 Y45.983 E707.42237
G1 X185.612 Y45.704 E707.43554
G1 X185.288 Y45.457 E707.44909
G1 X185.013 Y45.282 E707.45993
G1 X184.734 Y45.133 E707.47045
G1 X184.458 Y45.017 E707.48041
G1 X184.137 Y44.911 E707.49165
G1 X183.63 Y44.799 E707.50892
G1 X183.204 Y44.771 E707.52312
G1 X182.889 Y44.776 E707.5336
G1 X182.506 Y44.814 E707.5464
G1 X182.034 Y44.921 E707.5625
G1 X181.608 Y45.073 E707.57754
G1 X181.256 Y45.252 E707.59068
G1 X180.859 Y45.508 E707.60639
G1 X180.604 Y45.712 E707.61725
G1 X180.403 Y45.897 E707.62633
G1 X180.114 Y46.107 E707.63822
G1 X179.728 Y46.303 E707.65262
G1 X179.147 Y46.436 E707.67244
G1 X178.595 Y46.404 E707.69083
G1 X171.488 Y44.502 E707.93553
G1 X171.133 Y44.341 E707.94849
G1 X170.763 Y44.016 E707.96487
G1 X170.535 Y43.64 E707.9795
G1 X170.431 Y43.307 E707.9911
G1 X170.423 Y42.913 E708.00421
G1 X170.512 Y42.513 E708.01784
G1 X170.728 Y42.13 E708.03246
G1 X168.724 Y40.123 E708.12679
G1 X168.682 Y39.99 E708.13143
G1 X168.728 Y39.87 E708.13571
G1 X172.84 Y35.756 E708.32917
G1 X171.427 Y34.343 E708.39563
G1 X167.282 Y38.487 E708.59058
G1 X167.153 Y38.5 E708.59489
G1 X167.043 Y38.444 E708.599
G1 X165.064 Y36.464 E708.69211
G1 X156.862 Y44.666 E709.0779
G1 X158.857 Y46.663 E709.17179
G1 X158.897 Y46.755 E709.17513
G1 X158.884 Y46.886 E709.1795
G1 X154.741 Y51.03 E709.3744
G1 X156.154 Y52.443 E709.44086
M204 S2000
G0 F9000 X156.154 Y52.061
G0 X160.396 Y47.878
G0 X160.744 Y48.222
G0 X162.774 Y48.467
G0 X162.645 Y48.242
M204 S500
;TYPE:SKIN
G1 F1800 X161.499 Y47.11 E709.49444
G1 X161.132 Y46.88 E709.50885
G1 X160.696 Y46.749 E709.52399
G1 X160.453 Y46.729 E709.5321
G1 X160.435 Y46.429 E709.54209
G1 X160.291 Y46.035 E709.55605
G1 X160.072 Y45.674 E709.57009
G1 X159.071 Y44.666 E709.61734
G1 X160.752 Y42.984 E709.69643
G1 X160.747 Y43.585 E709.71642
G1 X160.8 Y44.037 E709.73156
G1 X160.912 Y44.453 E709.74589
G1 X161.183 Y44.989 E709.76586
G1 X161.347 Y45.24 E709.77584
G1 X161.71 Y45.648 E709.794
G1 X162.263 Y46.047 E709.81668
G1 X162.573 Y46.193 E709.82808
G1 X163.166 Y46.388 E709.84884
G1 X163.481 Y46.434 E709.85943
G1 X164.102 Y46.45 E709.88009
G1 X164.741 Y46.293 E709.90197
G1 X165.137 Y46.138 E709.91612
G1 X165.819 Y45.694 E709.94318
G1 X166.035 Y45.466 E709.95363
G1 X166.439 Y44.955 E709.9753
G1 X166.782 Y44.108 E710.00569
G1 X166.859 Y43.347 E710.03113
G1 X166.813 Y42.918 E710.04548
G1 X166.711 Y42.504 E710.05966
G1 X166.44 Y41.831 E710.08379
G1 X166.1 Y41.392 E710.10226
G1 X165.86 Y41.14 E710.11384
G1 X165.392 Y40.796 E710.13315
G1 X165.09 Y40.618 E710.14481
G1 X164.645 Y40.452 E710.16061
G1 X164.069 Y40.345 E710.1801
G1 X163.391 Y40.344 E710.20265
G1 X165.064 Y38.673 E710.28129
G1 X165.931 Y39.54 E710.32207
G1 X166.158 Y39.733 E710.33198
G1 X166.418 Y39.888 E710.34205
G1 X166.809 Y40.04 E710.356
G1 X167.128 Y40.052 E710.36662
G1 X167.148 Y40.396 E710.37808
G1 X167.36 Y40.884 E710.39578
G1 X167.528 Y41.133 E710.40577
G1 X168.906 Y42.515 E710.47068
G1 X168.861 Y42.899 E710.48354
G1 X168.883 Y43.564 E710.50567
G1 X169.07 Y44.193 E710.5275
G1 X169.202 Y44.452 E710.53716
G1 X169.486 Y44.913 E710.55517
G1 X169.752 Y45.207 E710.56836
G1 X170.077 Y45.493 E710.58276
G1 X170.508 Y45.772 E710.59984
G1 X170.817 Y45.914 E710.61115
G1 X171.077 Y46.007 E710.62033
G1 X178.182 Y47.911 E710.86498
G1 X178.435 Y47.956 E710.87353
G1 X179.191 Y47.997 E710.89871
G1 X179.487 Y47.961 E710.90863
G1 X180.133 Y47.815 E710.93066
G1 X180.06 Y48.359 E710.94891
G1 X180.061 Y48.835 E710.96474
G1 X180.122 Y49.201 E710.97708
G1 X180.248 Y49.634 E710.99208
G1 X180.432 Y50.045 E711.00706
G1 X169.145 Y47.029 E711.39564
G1 X168.538 Y46.924 E711.41613
G1 X167.81 Y46.856 E711.44045
G1 X167.409 Y46.843 E711.45379
G1 X166.933 Y46.852 E711.46963
G1 X166.385 Y46.896 E711.48791
G1 X165.667 Y47.008 E711.51208
G1 X164.828 Y47.221 E711.54087
G1 X164.213 Y47.436 E711.56254
G1 X163.936 Y47.546 E711.57245
G1 X163.333 Y47.838 E711.59474
G1 X162.645 Y48.242 E711.62127
M204 S2000
G0 F9000 X162.775 Y48.466
G0 X160.273 Y46.911
G0 X158.803 Y44.666
G0 X161.09 Y42.407
G0 X165.064 Y38.405
G0 X165.485 Y38.727
G0 X165.159 Y39.052
M204 S500
G1 F1800 X164.065 Y40.146 E711.67273
M204 S2000
G0 F9000 X164.545 Y40.232
M204 S500
G1 F1800 X165.442 Y39.335 E711.71492
M204 S2000
G0 F9000 X165.725 Y39.618
M204 S500
G1 F1800 X164.977 Y40.365 E711.75008
M204 S2000
G0 F9000 X165.363 Y40.546
M204 S500
G1 F1800 X166.026 Y39.882 E711.78129
M204 S2000
G0 F9000 X166.385 Y40.089
M204 S500
G1 F1800 X165.699 Y40.775 E711.81356
M204 S2000
G0 F9000 X166.022 Y41.018
M204 S500
G1 F1800 X166.812 Y40.228 E711.85072
M204 S2000
G0 F9000 X167.014 Y40.592
M204 S500
G1 F1800 X166.291 Y41.314 E711.8847
M204 S2000
G0 F9000 X166.539 Y41.633
M204 S500
G1 F1800 X167.188 Y40.983 E711.91525
M204 S2000
G0 F9000 X167.423 Y41.314
M204 S500
G1 F1800 X166.729 Y42.008 E711.9479
M204 S2000
G0 F9000 X166.889 Y42.414
M204 S500
G1 F1800 X167.706 Y41.596 E711.98635
M204 S2000
G0 F9000 X167.988 Y41.88
M204 S500
G1 F1800 X167.004 Y42.864 E712.03263
M204 S2000
G0 F9000 X167.054 Y43.38
M204 S500
G1 F1800 X168.27 Y42.164 E712.08983
M204 S2000
G0 F9000 X168.553 Y42.446
M204 S500
G1 F1800 X166.992 Y44.008 E712.16328
M204 S2000
G0 F9000 X166.684 Y44.881
M204 S500
G1 F1800 X168.659 Y42.907 E712.25615
M204 S2000
G0 F9000 X168.677 Y43.454
M204 S500
G1 F1800 X165.214 Y46.917 E712.41904
M204 S2000
G0 F9000 X165.279 Y46.287
M204 S500
G1 F1800 X164.412 Y47.154 E712.45982
M204 S2000
G0 F9000 X164.424 Y46.576
M204 S500
G1 F1800 X163.431 Y47.569 E712.50653
M204 S2000
G0 F9000 X162.558 Y47.876
M204 S500
G1 F1800 X163.792 Y46.642 E712.56457
M204 S2000
G0 F9000 X163.265 Y46.603
M204 S500
G1 F1800 X162.273 Y47.596 E712.61126
M204 S2000
G0 F9000 X161.987 Y47.316
M204 S500
G1 F1800 X162.819 Y46.484 E712.65039
M204 S2000
G0 F9000 X162.404 Y46.333
M204 S500
G1 F1800 X161.702 Y47.035 E712.68341
M204 S2000
G0 F9000 X161.374 Y46.797
M204 S500
G1 F1800 X162.037 Y46.134 E712.7146
M204 S2000
G0 F9000 X161.71 Y45.896
M204 S500
G1 F1800 X160.979 Y46.626 E712.74896
M204 S2000
G0 F9000 X160.624 Y46.415
M204 S500
G1 F1800 X161.416 Y45.624 E712.78619
M204 S2000
G0 F9000 X161.158 Y45.316
M204 S500
G1 F1800 X160.484 Y45.99 E712.81789
M204 S2000
G0 F9000 X160.278 Y45.631
M204 S500
G1 F1800 X160.945 Y44.964 E712.84927
M204 S2000
G0 F9000 X160.752 Y44.591
M204 S500
G1 F1800 X160.013 Y45.33 E712.88403
M204 S2000
G0 F9000 X159.731 Y45.046
M204 S500
G1 F1800 X160.626 Y44.151 E712.92612
M204 S2000
G0 F9000 X160.55 Y43.661
M204 S500
G1 F1800 X159.449 Y44.762 E712.97791
M204 S2000
G0 F9000 X159.124 Y45.087
G0 X160.273 Y46.911
G0 X162.614 Y48.481
G0 X166.003 Y47.219
G0 X165.933 Y46.764
M204 S500
G1 F1800 X168.777 Y43.92 E713.11168
M204 S2000
G0 F9000 X168.922 Y44.34
M204 S500
G1 F1800 X166.583 Y46.679 E713.2217
M204 S2000
G0 F9000 X167.181 Y46.647
M204 S500
G1 F1800 X169.122 Y44.706 E713.313
M204 S2000
G0 F9000 X169.343 Y45.051
M204 S500
G1 F1800 X167.74 Y46.654 E713.3884
M204 S2000
G0 F9000 X168.262 Y46.698
M204 S500
G1 F1800 X169.612 Y45.348 E713.4519
M204 S2000
G0 F9000 X169.912 Y45.614
M204 S500
G1 F1800 X168.765 Y46.76 E713.50583
M204 S2000
G0 F9000 X169.242 Y46.849
M204 S500
G1 F1800 X170.248 Y45.843 E713.55315
M204 S2000
G0 F9000 X170.616 Y46.041
M204 S500
G1 F1800 X169.688 Y46.968 E713.59678
M204 S2000
G0 F9000 X170.135 Y47.087
M204 S500
G1 F1800 X171.023 Y46.199 E713.63855
M204 S2000
G0 F9000 X171.469 Y46.319
M204 S500
G1 F1800 X170.581 Y47.207 E713.68031
M204 S2000
G0 F9000 X171.028 Y47.325
M204 S500
G1 F1800 X171.916 Y46.438 E713.72206
M204 S2000
G0 F9000 X172.362 Y46.558
M204 S500
G1 F1800 X171.474 Y47.445 E713.7638
M204 S2000
G0 F9000 X171.92 Y47.564
M204 S500
G1 F1800 X172.808 Y46.677 E713.80555
M204 S2000
G0 F9000 X173.254 Y46.797
M204 S500
G1 F1800 X172.367 Y47.683 E713.84725
M204 S2000
G0 F9000 X172.814 Y47.803
M204 S500
G1 F1800 X173.7 Y46.916 E713.88895
M204 S2000
G0 F9000 X174.146 Y47.036
M204 S500
G1 F1800 X173.26 Y47.922 E713.93062
M204 S2000
G0 F9000 X173.707 Y48.041
M204 S500
G1 F1800 X174.593 Y47.155 E713.9723
M204 S2000
G0 F9000 X175.039 Y47.275
M204 S500
G1 F1800 X174.153 Y48.161 E714.01397
M204 S2000
G0 F9000 X174.599 Y48.28
M204 S500
G1 F1800 X175.485 Y47.394 E714.05565
M204 S2000
G0 F9000 X175.931 Y47.514
M204 S500
G1 F1800 X175.046 Y48.399 E714.09727
M204 S2000
G0 F9000 X175.492 Y48.518
M204 S500
G1 F1800 X176.377 Y47.633 E714.1389
M204 S2000
G0 F9000 X176.824 Y47.753
M204 S500
G1 F1800 X175.938 Y48.638 E714.18055
M204 S2000
G0 F9000 X176.385 Y48.757
M204 S500
G1 F1800 X177.27 Y47.872 E714.22218
M204 S2000
G0 F9000 X177.716 Y47.992
M204 S500
G1 F1800 X176.831 Y48.876 E714.26378
M204 S2000
G0 F9000 X177.278 Y48.995
M204 S500
G1 F1800 X178.163 Y48.11 E714.30541
M204 S2000
G0 F9000 X178.672 Y48.167
M204 S500
G1 F1800 X177.724 Y49.114 E714.34998
M204 S2000
G0 F9000 X178.171 Y49.234
M204 S500
G1 F1800 X179.209 Y48.196 E714.3988
M204 S2000
G0 F9000 X179.893 Y48.077
M204 S500
G1 F1800 X178.618 Y49.353 E714.4588
M204 S2000
G0 F9000 X179.064 Y49.472
M204 S500
G1 F1800 X179.858 Y48.678 E714.49615
M204 S2000
G0 F9000 X179.916 Y49.186
M204 S500
G1 F1800 X179.51 Y49.592 E714.51524
M204 S2000
G0 F9000 X179.957 Y49.711
M204 S500
G1 F1800 X180.04 Y49.627 E714.51917
M204 S2000
G0 F9000 X180.768 Y49.412
G1 F2400 E713.71917
;MESH:part_3.stl
G0 F9000 X180.806 Y50.324
G0 X173.107 Y49.471
G0 X172.827 Y50.519
G0 X173.096 Y53.491
G0 X173.094 Y54.576
G0 X171.452 Y55.648
M204 S500
;TYPE:WALL-INNER
G1 F2400 E714.51917
G1 F1321.1 X170.786 Y55.6 E714.54943
G1 F1316.3 X170.115 Y55.645 E714.58002
M204 S2000
G0 F9000 X167.927 Y58.747
G0 X169.536 Y60.957
G0 X165.771 Y61.539
M204 S500
G1 F1800 X175.769 Y61.563 E714.91255
G1 X175.777 Y59.491 E714.98147
G1 X175.842 Y59.205 E714.99122
G1 X175.967 Y58.974 E714.99996
G1 X176.101 Y58.826 E715.0066
G1 X176.36 Y58.655 E715.01692
G1 X176.78 Y58.566 E715.0312
G1 F1804.5 X181.778 Y58.576 E715.19702
G1 X181.779 Y58.177 E715.21026
G1 X176.78 Y58.166 E715.37611
G1 F1800 X176.362 Y58.074 E715.39035
G1 X176.104 Y57.901 E715.40068
G1 X175.971 Y57.752 E715.40732
G1 X175.821 Y57.444 E715.41872
G1 X175.783 Y57.265 E715.4248
G1 X175.786 Y55.165 E715.49465
G1 X165.788 Y55.141 E715.82718
G1 X165.784 Y57.252 E715.8974
G1 X165.728 Y57.467 E715.90479
G1 X165.591 Y57.728 E715.91459
G1 X165.457 Y57.877 E715.92126
G1 X165.197 Y58.048 E715.93161
G1 F1791 X164.867 Y58.136 E715.94302
G1 X159.78 Y58.126 E716.11306
G1 F1800 X159.779 Y58.525 E716.12633
G1 F1791 X164.865 Y58.538 E716.29634
G1 X165.196 Y58.627 E716.3078
G1 F1800 X165.454 Y58.801 E716.31815
G1 X165.587 Y58.95 E716.32479
G1 X165.734 Y59.249 E716.33587
G1 X165.774 Y59.489 E716.34397
G1 X165.771 Y61.539 E716.41215
M204 S2000
G0 F9000 X165.371 Y61.938
M204 S500
G1 F1800 X176.169 Y61.964 E716.77129
G1 X176.176 Y59.521 E716.85255
G1 X176.215 Y59.349 E716.85841
G1 X176.37 Y59.122 E716.86756
G1 X176.526 Y59.019 E716.87377
G1 X176.779 Y58.966 E716.88237
G1 X182.176 Y58.976 E717.06188
G1 X182.18 Y57.778 E717.10172
G1 X176.781 Y57.766 E717.28129
G1 X176.53 Y57.711 E717.28984
G1 X176.296 Y57.518 E717.29993
G1 X176.185 Y57.223 E717.31041
G1 X176.187 Y54.765 E717.39217
G1 X165.389 Y54.739 E717.75131
G1 X165.384 Y57.204 E717.8333
G1 X165.268 Y57.492 E717.84362
G1 X165.032 Y57.684 E717.85374
G1 X164.833 Y57.736 E717.86058
G1 X159.381 Y57.725 E718.04192
G1 X159.377 Y58.924 E718.0818
G1 X164.829 Y58.938 E718.26313
G1 X165.028 Y58.991 E718.26998
G1 X165.183 Y59.095 E718.27619
G1 X165.315 Y59.273 E718.28356
G1 X165.375 Y59.508 E718.29163
G1 X165.371 Y61.938 E718.37245
M204 S2000
G0 F9000 X165.642 Y61.67
G0 X166.172 Y61.14
M204 S500
G1 F1800 X169.452 Y61.148 E718.48154
G1 F1760.4 X169.77 Y61.139 E718.49236
G1 F1451.6 X170.122 Y61.063 E718.50721
G1 X169.811 Y60.88 E718.52209
G1 F1760.4 X169.556 Y60.756 E718.53174
G1 F1800 X169.325 Y60.624 E718.54059
G1 X169.088 Y60.455 E718.55027
G1 X168.887 Y60.275 E718.55924
G1 X168.679 Y60.043 E718.56961
G1 X168.489 Y59.777 E718.58048
G1 X168.351 Y59.538 E718.58966
G1 X168.136 Y58.965 E718.61001
G1 X168.071 Y58.651 E718.62068
G1 X168.113 Y57.816 E718.64849
G1 X168.201 Y57.53 E718.65844
G1 X168.386 Y57.112 E718.67364
G1 X168.542 Y56.845 E718.68393
G1 X168.702 Y56.63 E718.69284
G1 X168.946 Y56.376 E718.70456
G1 X169.236 Y56.141 E718.71697
G1 X169.537 Y55.955 E718.72874
G1 X169.779 Y55.846 E718.73757
G1 F1451.6 X170.115 Y55.645 E718.75371
G1 X169.715 Y55.55 E718.77067
G1 F1800 X166.187 Y55.542 E718.88801
G1 X166.184 Y57.295 E718.94632
G1 X166.106 Y57.599 E718.95676
G1 X165.914 Y57.965 E718.9705
G1 X165.727 Y58.173 E718.9798
G1 X165.474 Y58.339 E718.98987
G1 X165.725 Y58.507 E718.99992
G1 X165.911 Y58.716 E719.00922
G1 X166.117 Y59.135 E719.02475
G1 X166.174 Y59.47 E719.03605
G1 X166.172 Y61.14 E719.0916
M204 S2000
G0 F9000 X169.536 Y60.957
G0 X169.841 Y60.459
M204 S500
G1 F1800 X169.43 Y60.224 E719.10734
G1 X169.069 Y59.902 E719.12343
G1 X168.743 Y59.446 E719.14208
G1 X168.519 Y58.851 E719.16322
G1 X168.472 Y58.625 E719.1709
G1 X168.514 Y57.813 E719.19794
G1 X168.795 Y57.174 E719.22116
G1 X169.023 Y56.869 E719.23383
G1 X169.197 Y56.687 E719.2422
G1 X169.488 Y56.453 E719.25462
G1 X169.702 Y56.32 E719.263
G1 X169.944 Y56.21 E719.27184
G1 X170.195 Y56.134 E719.28056
G1 X170.783 Y56.036 E719.30039
G1 X171.371 Y56.135 E719.32022
G1 X171.632 Y56.216 E719.32931
G1 X171.974 Y56.379 E719.34191
G1 X172.355 Y56.667 E719.3578
G1 X172.602 Y56.938 E719.36999
G1 X172.855 Y57.358 E719.3863
G1 X173.027 Y57.815 E719.40254
G1 X173.075 Y58.42 E719.42273
G1 X173.049 Y58.692 E719.43182
G1 X172.929 Y59.189 E719.44882
G1 X172.692 Y59.641 E719.4658
G1 X172.436 Y59.954 E719.47925
G1 X172.072 Y60.249 E719.49483
G1 X171.858 Y60.382 E719.50321
G1 X171.519 Y60.536 E719.51559
G1 X171.052 Y60.641 E719.53151
G1 X170.583 Y60.65 E719.54712
G1 X170.273 Y60.601 E719.55755
G1 X169.841 Y60.459 E719.57268
M204 S2000
G0 F9000 X170.494 Y60.253
M204 S500
G1 F1800 X170.005 Y60.09 E719.58982
G1 X169.667 Y59.899 E719.60274
G1 X169.371 Y59.635 E719.61593
G1 X169.096 Y59.251 E719.63164
G1 X168.873 Y58.655 E719.6528
G1 X168.908 Y57.922 E719.67721
G1 X169.143 Y57.378 E719.69692
G1 X169.386 Y57.05 E719.7105
G1 X169.799 Y56.715 E719.72818
G1 X170.182 Y56.542 E719.74216
G1 X170.779 Y56.442 E719.76229
G1 X171.392 Y56.545 E719.78297
G1 X171.768 Y56.724 E719.79682
G1 X172.114 Y56.986 E719.81125
G1 X172.262 Y57.149 E719.81858
G1 X172.494 Y57.53 E719.83341
G1 X172.627 Y57.905 E719.84665
G1 X172.682 Y58.51 E719.86685
G1 X172.553 Y59.045 E719.88516
G1 X172.338 Y59.455 E719.90055
G1 X172.184 Y59.643 E719.90864
G1 X171.758 Y59.988 E719.92687
G1 X171.396 Y60.152 E719.94009
G1 X171.038 Y60.235 E719.95231
G1 X170.494 Y60.253 E719.97041
M204 S2000
G0 F9000 X170.122 Y61.063
M204 S500
G1 F1335.8 X170.582 Y61.102 E719.99111
G1 F1422.9 X170.965 Y61.097 E720.00722
G1 F1366.2 X171.266 Y61.079 E720.02043
G1 F1451.6 X171.534 Y61.13 E720.03169
G1 F1702.1 X171.844 Y61.153 E720.04262
G1 F1800 X175.37 Y61.162 E720.15989
G1 X175.378 Y59.461 E720.21647
G1 X175.469 Y59.061 E720.23011
G1 X175.644 Y58.738 E720.24233
G1 X175.831 Y58.53 E720.25164
G1 X176.085 Y58.363 E720.26175
G1 X175.832 Y58.195 E720.27185
G1 X175.568 Y57.897 E720.28509
G1 X175.432 Y57.537 E720.29789
G1 X175.388 Y57.298 E720.30597
G1 X175.385 Y55.564 E720.36364
G1 X171.87 Y55.555 E720.48055
G1 F1457.5 X171.452 Y55.648 E720.49814
G1 X171.803 Y55.854 E720.51486
G1 F1800 X172.049 Y55.971 E720.52392
G1 X172.296 Y56.121 E720.53353
G1 X172.596 Y56.348 E720.54605
G1 X172.942 Y56.728 E720.56314
G1 X173.203 Y57.148 E720.57959
G1 X173.391 Y57.663 E720.59782
G1 X173.436 Y57.92 E720.6065
G1 X173.474 Y58.404 E720.62265
G1 X173.468 Y58.664 E720.6313
G1 X173.325 Y59.247 E720.65126
G1 X173.224 Y59.489 E720.65998
G1 X173.046 Y59.827 E720.67269
G1 X172.688 Y60.264 E720.69148
G1 X172.324 Y60.559 E720.70706
G1 X172.025 Y60.746 E720.71879
G1 F1522.2 X171.266 Y61.079 E720.75139
M204 S2000
G0 F9000 X170.337 Y60.514
G0 X170.553 Y59.851
M204 S500
;TYPE:WALL-OUTER
G1 F1800 X170.188 Y59.731 E720.76417
G1 X169.886 Y59.558 E720.77574
G1 X169.685 Y59.379 E720.7847
G1 X169.446 Y59.046 E720.79833
G1 X169.279 Y58.587 E720.81457
G1 X169.309 Y57.995 E720.83429
G1 X169.505 Y57.561 E720.85013
G1 X169.7 Y57.31 E720.8607
G1 X170.034 Y57.048 E720.87482
G1 X170.326 Y56.923 E720.88538
G1 X170.783 Y56.847 E720.90079
G1 X171.269 Y56.929 E720.91719
G1 X171.572 Y57.078 E720.92842
G1 X171.904 Y57.329 E720.94226
G1 X172.14 Y57.719 E720.95742
G1 X172.238 Y57.99 E720.967
G1 X172.275 Y58.481 E720.98338
G1 X172.167 Y58.92 E720.99842
G1 X171.964 Y59.306 E721.01292
G1 X171.526 Y59.654 E721.03153
G1 X171.242 Y59.778 E721.04184
G1 X170.97 Y59.841 E721.05112
G1 X170.553 Y59.851 E721.065
M204 S2000
G1 F2400 E720.265
G0 F9000 X170.337 Y60.514
G0 X169.885 Y61.046
G0 X165.241 Y62.069
G1 F2400 E721.065
G0 F9000 X164.97 Y62.337
M204 S500
G1 F1800 X176.568 Y62.365 E721.45075
G1 X176.575 Y59.512 E721.54564
G1 X176.64 Y59.418 E721.54944
G1 X176.778 Y59.366 E721.55435
G1 X182.575 Y59.378 E721.74716
G1 X182.582 Y57.379 E721.81364
G1 X176.72 Y57.366 E722.00861
G1 X176.62 Y57.284 E722.01292
G1 X176.583 Y57.185 E722.01643
G1 X176.588 Y54.366 E722.11019
G1 X164.989 Y54.338 E722.49598
G1 X164.981 Y57.214 E722.59163
G1 X164.848 Y57.337 E722.59766
G1 X158.983 Y57.324 E722.79273
G1 X158.976 Y59.323 E722.85922
G1 X164.838 Y59.337 E723.05419
G1 X164.969 Y59.486 E723.06079
G1 X164.97 Y62.337 E723.15561
M204 S2000
G0 F9000 X165.241 Y62.069
G0 X166.274 Y60.778
G0 X166.534 Y60.779
M204 S500
;TYPE:SKIN
G1 F1800 X166.534 Y59.378 E723.20221
G1 X166.458 Y59.015 E723.21455
G1 X166.35 Y58.746 E723.22419
G1 X166.19 Y58.488 E723.23428
G1 X166.059 Y58.342 E723.24081
G1 X166.276 Y58.101 E723.25159
G1 X166.451 Y57.702 E723.26609
G1 X166.517 Y57.443 E723.27497
G1 X166.544 Y57.157 E723.28453
G1 X166.548 Y55.903 E723.32624
G1 X168.949 Y55.91 E723.4061
G1 X168.72 Y56.093 E723.41585
G1 X168.428 Y56.396 E723.42984
G1 X168.254 Y56.627 E723.43946
G1 X168.069 Y56.941 E723.45158
G1 X167.865 Y57.397 E723.4682
G1 X167.759 Y57.739 E723.48011
G1 X167.72 Y58.483 E723.50489
G1 X167.733 Y58.79 E723.51511
G1 X167.793 Y59.075 E723.52479
G1 X168.022 Y59.684 E723.54643
G1 X168.181 Y59.964 E723.55714
G1 X168.385 Y60.253 E723.56891
G1 X168.63 Y60.528 E723.58116
G1 X168.92 Y60.787 E723.59409
G1 X166.534 Y60.779 E723.67345
M204 S2000
G0 F9000 X166.274 Y60.778
G0 X169.536 Y60.957
G0 X168.574 Y60.07
G0 X168.198 Y60.338
M204 S500
G1 F1800 X167.953 Y60.583 E723.68497
M204 S2000
G0 F9000 X167.389 Y60.582
M204 S500
G1 F1800 X167.97 Y60 E723.71232
M204 S2000
G0 F9000 X167.784 Y59.621
M204 S500
G1 F1800 X166.825 Y60.579 E723.75741
M204 S2000
G0 F9000 X166.732 Y60.106
M204 S500
G1 F1800 X167.629 Y59.21 E723.79958
M204 S2000
G0 F9000 X167.531 Y58.742
M204 S500
G1 F1800 X166.732 Y59.541 E723.83716
M204 S2000
G0 F9000 X166.665 Y59.042
M204 S500
G1 F1800 X167.536 Y58.172 E723.87811
M204 S2000
G0 F9000 X167.614 Y57.528
M204 S500
G1 F1800 X166.512 Y58.63 E723.92994
M204 S2000
G0 F9000 X166.506 Y58.07
M204 S500
G1 F1800 X168.171 Y56.405 E724.00826
M204 S2000
G0 F9000 X167.903 Y56.107
M204 S500
G1 F1800 X166.732 Y57.278 E724.06334
M204 S2000
G0 F9000 X166.744 Y56.7
M204 S500
G1 F1800 X167.34 Y56.105 E724.09135
M204 S2000
G0 F9000 X167.341 Y55.646
G0 X169.529 Y55.74
G0 X168.671 Y57.856
G0 X168.641 Y58.505
G0 X168.704 Y58.888
G0 X168.886 Y59.365
G0 X169.191 Y59.792
G0 X169.526 Y60.09
G0 X169.909 Y60.311
G0 X172.03 Y60.963
G0 X172.609 Y61.054
G0 X172.61 Y60.793
M204 S500
G1 F1800 X172.913 Y60.55 E724.10427
G1 X173.347 Y60.024 E724.12695
G1 X173.543 Y59.659 E724.14073
G1 X173.672 Y59.345 E724.15202
G1 X173.825 Y58.737 E724.17287
G1 X173.835 Y58.4 E724.18408
G1 X173.784 Y57.735 E724.20627
G1 X173.701 Y57.44 E724.21646
G1 X173.534 Y57.003 E724.23202
G1 X173.253 Y56.544 E724.24992
G1 X172.812 Y56.06 E724.2717
G1 X172.624 Y55.917 E724.27955
G1 X175.025 Y55.924 E724.35941
G1 X175.023 Y57.199 E724.40182
G1 X175.091 Y57.655 E724.41715
G1 X175.191 Y57.919 E724.42654
G1 X175.342 Y58.18 E724.43657
G1 X175.499 Y58.361 E724.44454
G1 X175.342 Y58.542 E724.45251
G1 X175.131 Y58.934 E724.46732
G1 X175.018 Y59.436 E724.48443
G1 X175.012 Y60.801 E724.52983
G1 X172.61 Y60.793 E724.60972
M204 S2000
G0 F9000 X172.609 Y61.054
G0 X174.723 Y61.059
G0 X174.724 Y60.6
M204 S500
G1 F1800 X174.812 Y60.512 E724.61386
M204 S2000
G0 F9000 X174.814 Y59.944
M204 S500
G1 F1800 X174.161 Y60.598 E724.6446
M204 S2000
G0 F9000 X173.597 Y60.596
M204 S500
G1 F1800 X174.83 Y59.363 E724.7026
M204 S2000
G0 F9000 X173.932 Y59.129
M204 S500
G1 F1800 X175.028 Y58.034 E724.75413
M204 S2000
G0 F9000 X174.88 Y57.616
M204 S500
G1 F1800 X174.032 Y58.464 E724.79401
M204 S2000
G0 F9000 X173.999 Y57.931
M204 S500
G1 F1800 X174.822 Y57.108 E724.83273
M204 S2000
G0 F9000 X174.822 Y56.543
M204 S500
G1 F1800 X173.912 Y57.453 E724.87553
M204 S2000
G0 F9000 X173.761 Y57.038
M204 S500
G1 F1800 X174.676 Y56.123 E724.91857
M204 S2000
G0 F9000 X174.112 Y56.121
M204 S500
G1 F1800 X173.563 Y56.67 E724.94439
M204 S2000
G0 F9000 X173.331 Y56.336
M204 S500
G1 F1800 X173.548 Y56.119 E724.9546
M204 S2000
G0 F9000 X173.549 Y55.66
G0 X175.213 Y55.735
G0 X175.755 Y58.361
G0 X175.551 Y58.701
G0 X175.147 Y58.48
M204 S500
G1 F1800 X173.545 Y60.082 E725.02995
M204 S2000
G0 F9000 X172.868 Y59.725
G1 F2400 E724.22995
;MESH:part_1.stl
G0 F9000 X172.04 Y55.746
G0 X176.373 Y54.578
G0 X176.375 Y53.498
G0 X183.667 Y53.2
G0 X184.514 Y53.023
G0 X185.415 Y52.63
G0 X186.256 Y52.013
G0 X186.896 Y51.294
G0 X187.461 Y50.251
G0 X187.741 Y49.126
G0 X187.734 Y47.966
G0 X187.51 Y47.025
G0 X187.103 Y46.159
G0 X186.584 Y45.47
G0 X180.221 Y39.557
G0 X180.331 Y38.282
M204 S500
;TYPE:WALL-INNER
G1 F2400 E725.02995
G1 F1832.1 X180.457 Y38.314 E725.0342
G1 F1625.3 X180.907 Y38.368 E725.05089
G1 F1440 X181.387 Y38.331 E725.07091
M204 S2000
G0 F9000 X182.258 Y38.154
G0 X183.532 Y37.589
M204 S500
G1 F1800 X195.098 Y37.591 E725.4556
G1 X194.919 Y37.219 E725.46933
G1 X194.769 Y36.806 E725.48394
G1 X194.695 Y36.392 E725.49793
G1 X194.674 Y36.062 E725.50893
G1 X194.695 Y35.626 E725.52345
G1 X194.74 Y35.328 E725.53347
G1 X194.851 Y34.91 E725.54785
G1 X195.094 Y34.396 E725.56676
G1 X183.528 Y34.395 E725.95145
G1 X183.662 Y34.643 E725.96083
G1 X183.825 Y35.032 E725.97485
G1 X183.926 Y35.448 E725.98909
G1 X183.972 Y36.045 E726.00901
G1 X183.917 Y36.53 E726.02524
G1 X183.862 Y36.789 E726.03405
G1 X183.734 Y37.2 E726.04837
G1 X183.532 Y37.589 E726.06294
M204 S2000
G0 F9000 X182.696 Y37.989
M204 S500
G1 F1800 X195.946 Y37.99 E726.50364
G1 X195.634 Y37.678 E726.51832
G1 X195.329 Y37.174 E726.53791
G1 X195.157 Y36.707 E726.55446
G1 X195.069 Y36.21 E726.57125
G1 X195.099 Y35.537 E726.59366
G1 X195.229 Y35.048 E726.61049
G1 X195.45 Y34.574 E726.62788
G1 X195.648 Y34.292 E726.63934
G1 X195.943 Y33.996 E726.65324
G1 X182.705 Y33.996 E727.09354
G1 X183.002 Y34.314 E727.10801
G1 X183.259 Y34.716 E727.12388
G1 X183.455 Y35.186 E727.14082
G1 X183.528 Y35.483 E727.15099
G1 X183.568 Y35.992 E727.16797
G1 X183.512 Y36.567 E727.18719
G1 X183.363 Y37.047 E727.2039
G1 X183.142 Y37.476 E727.21995
G1 X182.902 Y37.784 E727.23294
G1 X182.696 Y37.989 E727.24261
M204 S2000
G0 F9000 X181.371 Y38.339
M204 S500
G1 F1682.2 X182.012 Y38.388 E727.26548
G1 F1800 X196.926 Y38.391 E727.76153
G1 F1603.6 X197.345 Y38.343 E727.77727
G1 X196.788 Y38.115 E727.79974
G1 F1800 X196.372 Y37.853 E727.81609
G1 X195.952 Y37.429 E727.83594
G1 X195.688 Y36.994 E727.85287
G1 X195.545 Y36.599 E727.86684
G1 X195.471 Y36.185 E727.88083
G1 X195.497 Y35.595 E727.90047
G1 X195.604 Y35.191 E727.91437
G1 X195.857 Y34.649 E727.93427
G1 F1760.4 X196.376 Y34.128 E727.95927
G1 F1682.2 X196.912 Y33.804 E727.98156
G1 F1575.5 X197.451 Y33.634 E728.00304
G1 F1643.8 X197.021 Y33.596 E728.01876
G1 F1800 X181.637 Y33.596 E728.53044
G1 F1643.8 X181.186 Y33.634 E728.54692
G1 F1614.3 X181.478 Y33.73 E728.55832
G1 F1764.7 X182.072 Y33.999 E728.58044
G1 F1800 X182.408 Y34.259 E728.59457
G1 X182.685 Y34.561 E728.6082
G1 X182.904 Y34.904 E728.62174
G1 X183.121 Y35.425 E728.64051
G1 X183.168 Y35.992 E728.65943
G1 X183.117 Y36.491 E728.67611
G1 X182.991 Y36.894 E728.69016
G1 X182.803 Y37.259 E728.70381
G1 X182.551 Y37.584 E728.71749
G1 F1739.1 X182.071 Y38.007 E728.73952
G1 F1629 X181.371 Y38.339 E728.76799
M204 S2000
G0 F9000 X182.43 Y37.477
G0 X182.842 Y36.83
G0 X182.958 Y36.461
G0 X183.009 Y35.997
G0 X182.962 Y35.465
G0 X182.761 Y34.98
G0 X182.298 Y34.377
G0 X181.186 Y33.634
M204 S500
G1 F1535.2 X180.874 Y33.626 E728.78016
G1 F1662.8 X180.543 Y33.656 E728.79213
G1 F1813.6 X180.355 Y33.7 E728.7985
M204 S2000
G0 F9000 X197.451 Y33.634
M204 S500
G1 F1538.5 X197.769 Y33.626 E728.81088
G1 F1662.8 X198.097 Y33.655 E728.82273
G1 F1832.1 X198.4 Y33.73 E728.83294
G1 F1935.5 X198.515 Y33.769 E728.83669
M204 S2000
G0 F9000 X199.298 Y34.377
G0 X199.761 Y34.98
G0 X199.962 Y35.465
G0 X200.009 Y35.997
G0 X199.958 Y36.461
G0 X199.666 Y37.17
G0 X199.43 Y37.477
G0 X198.459 Y38.236
M204 S500
G1 F1875 X198.183 Y38.31 E728.84582
G1 F1698.1 X197.931 Y38.356 E728.85485
G1 F1561.8 X197.486 Y38.354 E728.8719
G1 F1478.4 X197.345 Y38.343 E728.87763
M204 S2000
G0 F9000 X197.026 Y37.793
M204 S500
;TYPE:WALL-OUTER
G1 F1800 X196.609 Y37.523 E728.89415
G1 X196.256 Y37.16 E728.911
G1 X196.062 Y36.839 E728.92347
G1 X195.939 Y36.514 E728.93503
G1 X195.877 Y36.182 E728.94626
G1 X195.9 Y35.636 E728.96444
G1 X195.99 Y35.309 E728.97572
G1 X196.19 Y34.881 E728.99143
G1 X196.649 Y34.43 E729.01283
G1 X197.094 Y34.161 E729.03013
G1 X197.554 Y34.059 E729.0458
G1 X198.063 Y34.057 E729.06273
G1 X198.403 Y34.133 E729.07432
G1 F1743.3 X198.428 Y34.126 E729.07521
G1 F1472.4 X198.827 Y34.218 E729.09186
G1 F1321.1 X199.162 Y34.487 E729.11133
G1 F1355.9 X199.4 Y34.752 E729.12705
G1 F1395.3 X199.597 Y35.064 E729.14289
G1 F1437.1 X199.773 Y35.519 E729.16321
G1 F1448.7 X199.818 Y35.971 E729.18198
G1 F1440 X199.773 Y36.416 E729.20058
G1 F1428.6 X199.671 Y36.757 E729.21549
G1 F1406.2 X199.505 Y37.086 E729.23118
G1 F1371.4 X199.287 Y37.372 E729.24688
G1 F1345.8 X198.9 Y37.728 E729.27027
G1 F1302 X198.723 Y37.813 E729.2793
G1 F1487.6 X198.007 Y37.934 E729.30852
G1 F1800 X197.461 Y37.91 E729.3267
G1 X197.026 Y37.793 E729.34168
M204 S2000
G1 F2400 E728.54168
G0 F9000 X196.44 Y38.165
G0 X180.383 Y38.395
G1 F2400 E729.34168
G0 F9000 X180.301 Y38.696
M204 S500
G1 F1800 X180.802 Y38.789 E729.35863
G1 X197.71 Y38.792 E729.92099
G1 X198.19 Y38.73 E729.93709
G1 F1786.6 X198.626 Y38.584 E729.9525
G1 F1478.4 X198.95 Y38.333 E729.96909
G1 F1272.1 X199.032 Y38.294 E729.97337
G1 F1285.7 X199.35 Y38.061 E729.99172
G1 F1323.5 X199.665 Y37.746 E730.01188
G1 F1371.4 X199.94 Y37.365 E730.03239
G1 F1406.2 X200.147 Y36.937 E730.05263
G1 F1420.1 X200.282 Y36.482 E730.07264
G1 F1425.7 X200.32 Y35.889 E730.09759
G1 F1431.4 X200.258 Y35.383 E730.11891
G1 F1414.5 X200.112 Y34.952 E730.13817
G1 F1390 X199.938 Y34.622 E730.15424
G1 F1374 X199.654 Y34.211 E730.176
G1 F1333.3 X199.236 Y33.839 E730.20113
G1 F1338.3 X198.951 Y33.632 E730.21689
G1 F1506.3 X198.655 Y33.398 E730.23188
G1 F1734.9 X198.187 Y33.262 E730.2487
G1 F1800 X197.805 Y33.196 E730.26159
G1 X180.837 Y33.195 E730.82595
G1 X180.453 Y33.263 E730.83892
G1 F1636.4 X180.19 Y33.337 E730.84892
G1 F1379.3 X179.845 Y33.57 E730.86699
G1 F1276.6 X179.689 Y33.651 E730.87523
G1 F1292.6 X179.313 Y33.909 E730.89635
G1 F1323.5 X178.979 Y34.234 E730.91743
G1 F1363.6 X178.749 Y34.516 E730.93341
G1 F1398.1 X178.483 Y35.047 E730.95884
G1 F1417.3 X178.362 Y35.507 E730.97893
G1 F1422.9 X178.319 Y35.87 E730.99431
G1 F1428.6 X178.328 Y36.224 E731.00915
G1 F1437.1 X178.388 Y36.629 E731.02621
G1 F1422.9 X178.546 Y37.07 E731.04592
G1 F1390 X178.748 Y37.463 E731.06495
G1 F1348.3 X179.059 Y37.838 E731.08658
G1 F1328.4 X179.238 Y38.014 E731.0979
G1 F1304.3 X179.509 Y38.221 E731.11355
G1 F1285.7 X179.835 Y38.407 E731.13102
G1 F1425.7 X180.068 Y38.586 E731.14336
G1 F1698.1 X180.301 Y38.696 E731.15245
M204 S2000
G0 F9000 X180.011 Y37.877
M204 S500
G1 F1311.5 X179.579 Y37.593 E731.17605
G1 F1345.8 X179.202 Y37.193 E731.2005
G1 F1390 X179.004 Y36.847 E731.21767
G1 F1422.9 X178.879 Y36.488 E731.23366
G1 F1437.1 X178.824 Y36.157 E731.24764
G1 F1440 X178.845 Y35.656 E731.26849
G1 F1425.7 X178.941 Y35.286 E731.28454
G1 F1400.8 X179.163 Y34.826 E731.30637
G1 F1358.5 X179.57 Y34.401 E731.3323
G1 F1304.3 X179.813 Y34.237 E731.34576
G1 F1281.1 X180.072 Y34.086 E731.35977
G1 F1496.9 X180.441 Y34.085 E731.37453
G1 F1800 X180.573 Y34.057 E731.37901
G1 X181.09 Y34.061 E731.39621
G1 X181.389 Y34.128 E731.4064
G1 X181.879 Y34.356 E731.42438
G1 X182.146 Y34.565 E731.43565
G1 X182.355 Y34.793 E731.44594
G1 X182.538 Y35.074 E731.4571
G1 X182.728 Y35.523 E731.47331
G1 X182.768 Y35.975 E731.4884
G1 X182.724 Y36.395 E731.50245
G1 X182.613 Y36.753 E731.51492
G1 X182.452 Y37.059 E731.52642
G1 X182.244 Y37.322 E731.53757
G1 X181.84 Y37.678 E731.55548
G1 X181.308 Y37.881 E731.57442
G1 X181.007 Y37.934 E731.58458
G1 X180.495 Y37.916 E731.60162
G1 X180.433 Y37.903 E731.60373
G1 F1509.4 X180.011 Y37.877 E731.6205
M204 S2000
G0 F9000 X179.955 Y38.082
G0 X180.998 Y38.177
G0 X184.1 Y37.488
G0 X184.101 Y37.228
M204 S500
;TYPE:SKIN
G1 F1800 X184.207 Y36.899 E731.63199
G1 X184.272 Y36.59 E731.6425
G1 X184.333 Y36.037 E731.661
G1 X184.284 Y35.42 E731.68159
G1 X184.124 Y34.757 E731.70427
G1 X194.516 Y34.756 E732.04991
G1 X194.386 Y35.258 E732.06716
G1 X194.338 Y35.587 E732.07822
G1 X194.316 Y36.097 E732.0952
G1 X194.338 Y36.436 E732.10649
G1 X194.389 Y36.736 E732.11662
G1 X194.522 Y37.231 E732.13366
G1 X184.101 Y37.228 E732.48027
M204 S2000
G0 F9000 X184.1 Y37.488
G0 X183.855 Y37.418
G0 X183.962 Y35.185
G0 X184.407 Y35.078
M204 S500
G1 F1800 X184.529 Y34.956 E732.48601
M204 S2000
G0 F9000 X185.095 Y34.956
M204 S500
G1 F1800 X184.495 Y35.556 E732.51423
M204 S2000
G0 F9000 X184.525 Y36.091
M204 S500
G1 F1800 X185.66 Y34.956 E732.56762
M204 S2000
G0 F9000 X186.226 Y34.956
M204 S500
G1 F1800 X184.444 Y36.738 E732.65143
M204 S2000
G0 F9000 X184.721 Y37.027
M204 S500
G1 F1800 X186.792 Y34.956 E732.74885
M204 S2000
G0 F9000 X187.357 Y34.956
M204 S500
G1 F1800 X185.286 Y37.027 E732.84626
M204 S2000
G0 F9000 X185.852 Y37.027
M204 S500
G1 F1800 X187.923 Y34.956 E732.94368
M204 S2000
G0 F9000 X188.489 Y34.956
M204 S500
G1 F1800 X186.418 Y37.027 E733.04109
M204 S2000
G0 F9000 X186.983 Y37.028
M204 S500
G1 F1800 X189.054 Y34.956 E733.13853
M204 S2000
G0 F9000 X189.62 Y34.956
M204 S500
G1 F1800 X187.548 Y37.028 E733.23599
M204 S2000
G0 F9000 X188.114 Y37.028
M204 S500
G1 F1800 X190.186 Y34.956 E733.33345
M204 S2000
G0 F9000 X190.751 Y34.956
M204 S500
G1 F1800 X188.68 Y37.028 E733.43088
M204 S2000
G0 F9000 X189.245 Y37.028
M204 S500
G1 F1800 X191.317 Y34.956 E733.52834
M204 S2000
G0 F9000 X191.883 Y34.956
M204 S500
G1 F1800 X189.81 Y37.029 E733.62585
M204 S2000
G0 F9000 X190.376 Y37.029
M204 S500
G1 F1800 X192.449 Y34.956 E733.72336
M204 S2000
G0 F9000 X193.014 Y34.956
M204 S500
G1 F1800 X190.942 Y37.029 E733.82084
M204 S2000
G0 F9000 X191.507 Y37.029
M204 S500
G1 F1800 X193.58 Y34.956 E733.91835
M204 S2000
G0 F9000 X194.146 Y34.956
M204 S500
G1 F1800 X192.072 Y37.029 E734.01588
M204 S2000
G0 F9000 X192.638 Y37.029
M204 S500
G1 F1800 X194.144 Y35.523 E734.08672
M204 S2000
G0 F9000 X194.115 Y36.118
M204 S500
G1 F1800 X193.204 Y37.029 E734.12957
M204 S2000
G0 F9000 X193.769 Y37.029
M204 S500
G1 F1800 X194.167 Y36.632 E734.14827
M204 S2000
G0 F9000 X194.917 Y36.498
;TIME_ELAPSED:1274.420147
G1 F2400 E733.34827
M140 S0
M204 S500
M107
G91 ;Relative positioning
G1 E-2 F2700 ;Retract a bit
G1 E-2 Z0.2 F2400 ;Retract and raise Z
G1 X5 Y5 F3000 ;Wipe out
G1 Z10 ;Raise Z more
G90 ;Absolute positioning

G1 X0 Y220 ;Present print
M106 S0 ;Turn-off fan
M104 S0 ;Turn-off hotend
M140 S0 ;Turn-off bed

M84 X Y E ;Disable all steppers but Z

M82 ;absolute extrusion mode
M104 S0
;End of Gcode
;SETTING_3 {"global_quality": "[general]\\nversion = 4\\nname = Standard Quality
;SETTING_3  #2\\ndefinition = creality_ender3s1\\n\\n[metadata]\\ntype = quality
;SETTING_3 _changes\\nquality_type = standard\\nsetting_version = 22\\n\\n[value
;SETTING_3 s]\\nadhesion_type = none\\n\\n", "extruder_quality": ["[general]\\nv
;SETTING_3 ersion = 4\\nname = Standard Quality #2\\ndefinition = creality_ender
;SETTING_3 3s1\\n\\n[metadata]\\ntype = quality_changes\\nquality_type = standar
;SETTING_3 d\\nsetting_version = 22\\nposition = 0\\n\\n[values]\\ninfill_sparse
;SETTING_3 _density = 100\\n\\n"]}
